{"metadata":{},"options":{"assumptions":{},"compact":false,"sourceMaps":true,"ast":true,"babelrc":false,"configFile":false,"parserOpts":{"sourceType":"module","sourceFileName":"/Users/matteodemicheli/Sites/meteor-boilerplate/imports/ui/App.svelte","plugins":["*","flow","jsx","asyncGenerators","bigInt","classPrivateMethods","classPrivateProperties","classProperties","doExpressions","dynamicImport","exportDefaultFrom","exportExtensions","exportNamespaceFrom","functionBind","functionSent","importMeta","nullishCoalescingOperator","numericSeparator","objectRestSpread","optionalCatchBinding","optionalChaining",["pipelineOperator",{"proposal":"minimal"}],"throwExpressions","topLevelAwait","nullishCoalescingOperator","nullishCoalescingOperator","optionalChaining","optionalChaining","optionalCatchBinding","optionalCatchBinding","classProperties","classPrivateProperties","classPrivateMethods","classProperties","classPrivateProperties","asyncGenerators","asyncGenerators","objectRestSpread","objectRestSpread","logicalAssignment"],"allowImportExportEverywhere":true,"allowReturnOutsideFunction":true,"allowUndeclaredExports":true,"strictMode":false},"caller":{"name":"meteor","arch":"web.browser"},"inputSourceMap":{"version":3,"mappings":";;;;;;;;;;;;;;;;;;;;;;;;;CACW,qBAAqB,IAAI,wBAAwB;OAAQ,6BAA6B;;SAGtF,MAAM,QAAQ,eAAe;SAC7B,eAAe,QAAQ,cAAc;;;;;;;;;;;;;;;;;;;;GA+B5C,UAAqB;;;;;;;;;;;;;;;;;;;;;;;;4BAPZ,GAAK;;iCAAU,GAAI,IAAC,GAAG;;;gCAA5B,MAAI;;;;;;;;;;;;;;;;;GADR,UAMI;;;;;;;;;;2BALK,GAAK;;;;;;;;;;;;;;;;;;;;;;;;;;;;;;yBAE6C,GAAI,IAAC,KAAK;;;;;;;;;;;;;+CAAtD,GAAI,IAAC,GAAG;;;;;;;;GADnB,UAEI;GADF,UAAmE;;;;;;gEAAd,GAAI,IAAC,KAAK;;wEAAtD,GAAI,IAAC,GAAG;;;;;;;;;;;;;;;;;;;;;;;;;;;;;;;;;;;;;;;;;qBAJpB,GAAU;;;;;;;;;;;;;;;;;aAHZ,4BAA0B;yBAAC,GAAO;aAAC,SAAO;;;;;;;;;;;;;;;;;;;;;;;;;GAJ/C,UAoBK;GAnBH,UAA0B;;GAE1B,UAAgD;;GAChD,UAAgD;;;;;GAEhD,UAAqB;;;;GAYrB,UAAwB;;GACxB,UAA+C;;;2DAhB7B,GAAY;;;;;2DACA,GAAO;;;;;;;;;;;;;;;;;;;;;;;;;;;;;;;;;;;;;;OAtB/B,WAAW,GAAG,wBAAwB;OACtC,WAAW,GAAG,wBAAwB;KAIxC,OAAO,GAAG,CAAC;;OACT,YAAY;kBAChB,OAAO,IAAI,CAAC;;;KAGV,UAAU,GAAG,KAAK;;;KAWlB,KAAK;;;;;;;;;;;;;;;;;;;;;;;;;;;;;;CATT,CAAC,EACD,WAAW;;SAED,MAAM,GAAG,MAAM,CAAC,SAAS,CAAC,WAAW;mBAC3C,UAAU,GAAG,MAAM,CAAC,KAAK;;;;CAO7B,CAAC,EACD,WAAW;kBACT,KAAK,GAAG,eAAe,CAAC,IAAI,GAAG,KAAK;;;;;;;;;;;;;;;;;;;;","names":[],"sources":["imports/ui/App.svelte"],"sourcesContent":["<script lang=\"ts\">\n  import { Meteor } from \"meteor/meteor\";\n  import { LinksCollection } from \"../api/links\";\n\n  let counter = 0;\n  const addToCounter = () => {\n    counter += 1;\n  };\n\n  let subIsReady = false;\n  $m: {\n    const handle = Meteor.subscribe(\"links.all\");\n    subIsReady = handle.ready();\n  }\n\n  // more information about $m at https://atmospherejs.com/zodern/melte#tracker-statements\n  let links;\n  $m: links = LinksCollection.find().fetch();\n</script>\n\n<div class=\"container\">\n  <h1>Welcome to Meteor!</h1>\n\n  <button on:click={addToCounter}>Click Me</button>\n  <p>You've pressed the button {counter} times.</p>\n\n  <h2>Learn Meteor!</h2>\n  {#if subIsReady}\n    <ul>\n      {#each links as link (link._id)}\n        <li>\n          <a href={link.url} target=\"_blank\" rel=\"noreferrer\">{link.title}</a>\n        </li>\n      {/each}\n    </ul>\n  {:else}\n    <div>Loading ...</div>\n  {/if}\n  <h2>Typescript ready</h2>\n  <p>Just add lang=\"ts\" to .svelte components.</p>\n</div>\n"]},"sourceFileName":"imports/ui/App.svelte","filename":"/Users/matteodemicheli/Sites/meteor-boilerplate/imports/ui/App.svelte","targets":{},"cloneInputAst":true,"browserslistConfigFile":false,"passPerPreset":false,"envName":"development","cwd":"/Users/matteodemicheli/Sites/meteor-boilerplate","root":"/Users/matteodemicheli/Sites/meteor-boilerplate","rootMode":"root","plugins":[{"key":"base$0","visitor":{"_exploded":true,"_verified":true},"options":{},"externalDependencies":[]},{"key":"base$0$0","visitor":{"Program":{"enter":[null],"exit":[null]},"_exploded":true,"_verified":true},"options":{"avoidModernSyntax":false,"enforceStrictMode":false,"dynamicImport":true,"generateLetDeclarations":true},"externalDependencies":[]},{"key":"transform-runtime","visitor":{"MemberExpression":{"enter":[null]},"ObjectPattern":{"enter":[null]},"BinaryExpression":{"enter":[null]},"Identifier":{"enter":[null]},"JSXIdentifier":{"enter":[null]},"_exploded":true,"_verified":true},"options":{"version":"7.17.2","helpers":true,"useESModules":false,"corejs":false},"externalDependencies":[]},{"key":"syntax-nullish-coalescing-operator","visitor":{"_exploded":true,"_verified":true},"options":{},"externalDependencies":[]},{"key":"proposal-nullish-coalescing-operator","visitor":{"LogicalExpression":{"enter":[null]},"_exploded":true,"_verified":true},"options":{},"externalDependencies":[]},{"key":"syntax-optional-chaining","visitor":{"_exploded":true,"_verified":true},"options":{},"externalDependencies":[]},{"key":"proposal-optional-chaining","visitor":{"OptionalCallExpression":{"enter":[null]},"OptionalMemberExpression":{"enter":[null]},"_exploded":true,"_verified":true},"options":{},"externalDependencies":[]},{"key":"syntax-optional-catch-binding","visitor":{"_exploded":true,"_verified":true},"options":{},"externalDependencies":[]},{"key":"proposal-optional-catch-binding","visitor":{"CatchClause":{"enter":[null]},"_exploded":true,"_verified":true},"options":{},"externalDependencies":[]},{"key":"syntax-class-properties","visitor":{"_exploded":true,"_verified":true},"options":{},"externalDependencies":[]},{"key":"proposal-class-properties","visitor":{"ExportDefaultDeclaration":{"enter":[null]},"_exploded":true,"_verified":true,"ClassExpression":{"enter":[null]},"ClassDeclaration":{"enter":[null]}},"options":{},"externalDependencies":[]},{"key":"syntax-async-generators","visitor":{"_exploded":true,"_verified":true},"options":{},"externalDependencies":[]},{"key":"proposal-async-generator-functions","visitor":{"Program":{"enter":[null]},"_exploded":true,"_verified":true},"options":{},"externalDependencies":[]},{"key":"syntax-object-rest-spread","visitor":{"_exploded":true,"_verified":true},"options":{},"externalDependencies":[]},{"key":"proposal-object-rest-spread","visitor":{"VariableDeclarator":{"enter":[null]},"ExportNamedDeclaration":{"enter":[null]},"CatchClause":{"enter":[null]},"AssignmentExpression":{"enter":[null]},"ArrayPattern":{"enter":[null]},"ObjectExpression":{"enter":[null]},"FunctionDeclaration":{"enter":[null]},"FunctionExpression":{"enter":[null]},"ObjectMethod":{"enter":[null]},"ArrowFunctionExpression":{"enter":[null]},"ClassMethod":{"enter":[null]},"ClassPrivateMethod":{"enter":[null]},"ForInStatement":{"enter":[null]},"ForOfStatement":{"enter":[null]},"_exploded":true,"_verified":true},"options":{},"externalDependencies":[]},{"key":"proposal-logical-assignment-operators","visitor":{"AssignmentExpression":{"enter":[null]},"_exploded":true,"_verified":true},"options":{},"externalDependencies":[]},{"key":"transform-literals","visitor":{"NumericLiteral":{"enter":[null]},"StringLiteral":{"enter":[null]},"_exploded":true,"_verified":true},"options":{},"externalDependencies":[]},{"key":"transform-template-literals","visitor":{"TaggedTemplateExpression":{"enter":[null]},"TemplateLiteral":{"enter":[null]},"_exploded":true,"_verified":true},"options":{},"externalDependencies":[]},{"key":"transform-parameters","visitor":{"_exploded":true,"_verified":true,"FunctionDeclaration":{"enter":[null]},"FunctionExpression":{"enter":[null]},"ObjectMethod":{"enter":[null]},"ArrowFunctionExpression":{"enter":[null]},"ClassMethod":{"enter":[null]},"ClassPrivateMethod":{"enter":[null]}},"options":{},"externalDependencies":[]},{"key":"transform-exponentiation-operator","visitor":{"AssignmentExpression":{"enter":[null]},"BinaryExpression":{"enter":[null]},"_exploded":true,"_verified":true},"options":{},"externalDependencies":[]}],"presets":[],"generatorOpts":{"filename":"/Users/matteodemicheli/Sites/meteor-boilerplate/imports/ui/App.svelte","comments":true,"compact":false,"sourceMaps":true,"sourceFileName":"imports/ui/App.svelte","inputSourceMap":{"version":3,"mappings":";;;;;;;;;;;;;;;;;;;;;;;;;CACW,qBAAqB,IAAI,wBAAwB;OAAQ,6BAA6B;;SAGtF,MAAM,QAAQ,eAAe;SAC7B,eAAe,QAAQ,cAAc;;;;;;;;;;;;;;;;;;;;GA+B5C,UAAqB;;;;;;;;;;;;;;;;;;;;;;;;4BAPZ,GAAK;;iCAAU,GAAI,IAAC,GAAG;;;gCAA5B,MAAI;;;;;;;;;;;;;;;;;GADR,UAMI;;;;;;;;;;2BALK,GAAK;;;;;;;;;;;;;;;;;;;;;;;;;;;;;;yBAE6C,GAAI,IAAC,KAAK;;;;;;;;;;;;;+CAAtD,GAAI,IAAC,GAAG;;;;;;;;GADnB,UAEI;GADF,UAAmE;;;;;;gEAAd,GAAI,IAAC,KAAK;;wEAAtD,GAAI,IAAC,GAAG;;;;;;;;;;;;;;;;;;;;;;;;;;;;;;;;;;;;;;;;;qBAJpB,GAAU;;;;;;;;;;;;;;;;;aAHZ,4BAA0B;yBAAC,GAAO;aAAC,SAAO;;;;;;;;;;;;;;;;;;;;;;;;;GAJ/C,UAoBK;GAnBH,UAA0B;;GAE1B,UAAgD;;GAChD,UAAgD;;;;;GAEhD,UAAqB;;;;GAYrB,UAAwB;;GACxB,UAA+C;;;2DAhB7B,GAAY;;;;;2DACA,GAAO;;;;;;;;;;;;;;;;;;;;;;;;;;;;;;;;;;;;;;OAtB/B,WAAW,GAAG,wBAAwB;OACtC,WAAW,GAAG,wBAAwB;KAIxC,OAAO,GAAG,CAAC;;OACT,YAAY;kBAChB,OAAO,IAAI,CAAC;;;KAGV,UAAU,GAAG,KAAK;;;KAWlB,KAAK;;;;;;;;;;;;;;;;;;;;;;;;;;;;;;CATT,CAAC,EACD,WAAW;;SAED,MAAM,GAAG,MAAM,CAAC,SAAS,CAAC,WAAW;mBAC3C,UAAU,GAAG,MAAM,CAAC,KAAK;;;;CAO7B,CAAC,EACD,WAAW;kBACT,KAAK,GAAG,eAAe,CAAC,IAAI,GAAG,KAAK;;;;;;;;;;;;;;;;;;;;","names":[],"sources":["imports/ui/App.svelte"],"sourcesContent":["<script lang=\"ts\">\n  import { Meteor } from \"meteor/meteor\";\n  import { LinksCollection } from \"../api/links\";\n\n  let counter = 0;\n  const addToCounter = () => {\n    counter += 1;\n  };\n\n  let subIsReady = false;\n  $m: {\n    const handle = Meteor.subscribe(\"links.all\");\n    subIsReady = handle.ready();\n  }\n\n  // more information about $m at https://atmospherejs.com/zodern/melte#tracker-statements\n  let links;\n  $m: links = LinksCollection.find().fetch();\n</script>\n\n<div class=\"container\">\n  <h1>Welcome to Meteor!</h1>\n\n  <button on:click={addToCounter}>Click Me</button>\n  <p>You've pressed the button {counter} times.</p>\n\n  <h2>Learn Meteor!</h2>\n  {#if subIsReady}\n    <ul>\n      {#each links as link (link._id)}\n        <li>\n          <a href={link.url} target=\"_blank\" rel=\"noreferrer\">{link.title}</a>\n        </li>\n      {/each}\n    </ul>\n  {:else}\n    <div>Loading ...</div>\n  {/if}\n  <h2>Typescript ready</h2>\n  <p>Just add lang=\"ts\" to .svelte components.</p>\n</div>\n"]}}},"code":"!function (module1) {\n  let SvelteComponentDev, add_location, append_dev, attr_dev, destroy_block, detach_dev, dispatch_dev, element, init, insert_dev, listen_dev, noop, safe_not_equal, set_data_dev, space, text, update_keyed_each, validate_each_argument, validate_each_keys, validate_slots;\n  module1.link(\"svelte/internal\", {\n    SvelteComponentDev(v) {\n      SvelteComponentDev = v;\n    },\n    add_location(v) {\n      add_location = v;\n    },\n    append_dev(v) {\n      append_dev = v;\n    },\n    attr_dev(v) {\n      attr_dev = v;\n    },\n    destroy_block(v) {\n      destroy_block = v;\n    },\n    detach_dev(v) {\n      detach_dev = v;\n    },\n    dispatch_dev(v) {\n      dispatch_dev = v;\n    },\n    element(v) {\n      element = v;\n    },\n    init(v) {\n      init = v;\n    },\n    insert_dev(v) {\n      insert_dev = v;\n    },\n    listen_dev(v) {\n      listen_dev = v;\n    },\n    noop(v) {\n      noop = v;\n    },\n    safe_not_equal(v) {\n      safe_not_equal = v;\n    },\n    set_data_dev(v) {\n      set_data_dev = v;\n    },\n    space(v) {\n      space = v;\n    },\n    text(v) {\n      text = v;\n    },\n    update_keyed_each(v) {\n      update_keyed_each = v;\n    },\n    validate_each_argument(v) {\n      validate_each_argument = v;\n    },\n    validate_each_keys(v) {\n      validate_each_keys = v;\n    },\n    validate_slots(v) {\n      validate_slots = v;\n    }\n  }, 0);\n  let _m_createReactiveWrapper;\n  module1.link(\"meteor/zodern:melte/tracker\", {\n    createReactiveWrapper(v) {\n      _m_createReactiveWrapper = v;\n    }\n  }, 1);\n  let Meteor;\n  module1.link(\"meteor/meteor\", {\n    Meteor(v) {\n      Meteor = v;\n    }\n  }, 2);\n  let LinksCollection;\n  module1.link(\"../api/links\", {\n    LinksCollection(v) {\n      LinksCollection = v;\n    }\n  }, 3);\n  let ___SVELTE_HMR_HOT_API;\n  module1.link(\"meteor/zodern:melte/hmr-runtime.js\", {\n    \"*\"(v) {\n      ___SVELTE_HMR_HOT_API = v;\n    }\n  }, 4);\n  let ___SVELTE_HMR_HOT_API_PROXY_ADAPTER;\n  module1.link(\"meteor/zodern:melte/proxy-adapter.js\", {\n    adapter(v) {\n      ___SVELTE_HMR_HOT_API_PROXY_ADAPTER = v;\n    }\n  }, 5);\n  const file = \"imports/ui/App.svelte\";\n  function get_each_context(ctx, list, i) {\n    const child_ctx = ctx.slice();\n    child_ctx[6] = list[i];\n    return child_ctx;\n  }\n\n  // (39:2) {:else}\n  function create_else_block(ctx) {\n    let div;\n    const block = {\n      c: function create() {\n        div = element(\"div\");\n        div.textContent = \"Loading ...\";\n        add_location(div, file, 39, 4, 1098);\n      },\n      m: function mount(target, anchor) {\n        insert_dev(target, div, anchor);\n      },\n      p: noop,\n      d: function destroy(detaching) {\n        if (detaching) detach_dev(div);\n      }\n    };\n    dispatch_dev(\"SvelteRegisterBlock\", {\n      block,\n      id: create_else_block.name,\n      type: \"else\",\n      source: \"(39:2) {:else}\",\n      ctx\n    });\n    return block;\n  }\n\n  // (31:2) {#if subIsReady}\n  function create_if_block(ctx) {\n    let ul;\n    let each_blocks = [];\n    let each_1_lookup = new Map();\n    let each_value = /*links*/ctx[2];\n    validate_each_argument(each_value);\n    const get_key = ctx => /*link*/ctx[6]._id;\n    validate_each_keys(ctx, each_value, get_each_context, get_key);\n    for (let i = 0; i < each_value.length; i += 1) {\n      let child_ctx = get_each_context(ctx, each_value, i);\n      let key = get_key(child_ctx);\n      each_1_lookup.set(key, each_blocks[i] = create_each_block(key, child_ctx));\n    }\n    const block = {\n      c: function create() {\n        ul = element(\"ul\");\n        for (let i = 0; i < each_blocks.length; i += 1) {\n          each_blocks[i].c();\n        }\n        add_location(ul, file, 31, 4, 910);\n      },\n      m: function mount(target, anchor) {\n        insert_dev(target, ul, anchor);\n        for (let i = 0; i < each_blocks.length; i += 1) {\n          if (each_blocks[i]) {\n            each_blocks[i].m(ul, null);\n          }\n        }\n      },\n      p: function update(ctx, dirty) {\n        if (dirty & /*links*/4) {\n          each_value = /*links*/ctx[2];\n          validate_each_argument(each_value);\n          validate_each_keys(ctx, each_value, get_each_context, get_key);\n          each_blocks = update_keyed_each(each_blocks, dirty, get_key, 1, ctx, each_value, each_1_lookup, ul, destroy_block, create_each_block, null, get_each_context);\n        }\n      },\n      d: function destroy(detaching) {\n        if (detaching) detach_dev(ul);\n        for (let i = 0; i < each_blocks.length; i += 1) {\n          each_blocks[i].d();\n        }\n      }\n    };\n    dispatch_dev(\"SvelteRegisterBlock\", {\n      block,\n      id: create_if_block.name,\n      type: \"if\",\n      source: \"(31:2) {#if subIsReady}\",\n      ctx\n    });\n    return block;\n  }\n\n  // (33:6) {#each links as link (link._id)}\n  function create_each_block(key_1, ctx) {\n    let li;\n    let a;\n    let t0_value = /*link*/ctx[6].title + \"\";\n    let t0;\n    let a_href_value;\n    let t1;\n    const block = {\n      key: key_1,\n      first: null,\n      c: function create() {\n        li = element(\"li\");\n        a = element(\"a\");\n        t0 = text(t0_value);\n        t1 = space();\n        attr_dev(a, \"href\", a_href_value = /*link*/ctx[6].url);\n        attr_dev(a, \"target\", \"_blank\");\n        attr_dev(a, \"rel\", \"noreferrer\");\n        add_location(a, file, 34, 10, 977);\n        add_location(li, file, 33, 8, 962);\n        this.first = li;\n      },\n      m: function mount(target, anchor) {\n        insert_dev(target, li, anchor);\n        append_dev(li, a);\n        append_dev(a, t0);\n        append_dev(li, t1);\n      },\n      p: function update(new_ctx, dirty) {\n        ctx = new_ctx;\n        if (dirty & /*links*/4 && t0_value !== (t0_value = /*link*/ctx[6].title + \"\")) set_data_dev(t0, t0_value);\n        if (dirty & /*links*/4 && a_href_value !== (a_href_value = /*link*/ctx[6].url)) {\n          attr_dev(a, \"href\", a_href_value);\n        }\n      },\n      d: function destroy(detaching) {\n        if (detaching) detach_dev(li);\n      }\n    };\n    dispatch_dev(\"SvelteRegisterBlock\", {\n      block,\n      id: create_each_block.name,\n      type: \"each\",\n      source: \"(33:6) {#each links as link (link._id)}\",\n      ctx\n    });\n    return block;\n  }\n  function create_fragment(ctx) {\n    let div;\n    let h1;\n    let t1;\n    let button;\n    let t3;\n    let p0;\n    let t4;\n    let t5;\n    let t6;\n    let t7;\n    let h20;\n    let t9;\n    let t10;\n    let h21;\n    let t12;\n    let p1;\n    let mounted;\n    let dispose;\n    function select_block_type(ctx, dirty) {\n      if ( /*subIsReady*/ctx[1]) return create_if_block;\n      return create_else_block;\n    }\n    let current_block_type = select_block_type(ctx, -1);\n    let if_block = current_block_type(ctx);\n    const block = {\n      c: function create() {\n        div = element(\"div\");\n        h1 = element(\"h1\");\n        h1.textContent = \"Welcome to Meteor!\";\n        t1 = space();\n        button = element(\"button\");\n        button.textContent = \"Click Me\";\n        t3 = space();\n        p0 = element(\"p\");\n        t4 = text(\"You've pressed the button \");\n        t5 = text( /*counter*/ctx[0]);\n        t6 = text(\" times.\");\n        t7 = space();\n        h20 = element(\"h2\");\n        h20.textContent = \"Learn Meteor!\";\n        t9 = space();\n        if_block.c();\n        t10 = space();\n        h21 = element(\"h2\");\n        h21.textContent = \"Typescript ready\";\n        t12 = space();\n        p1 = element(\"p\");\n        p1.textContent = \"Just add lang=\\\"ts\\\" to .svelte components.\";\n        add_location(h1, file, 24, 2, 728);\n        add_location(button, file, 26, 2, 759);\n        add_location(p0, file, 27, 2, 811);\n        add_location(h20, file, 29, 2, 864);\n        add_location(h21, file, 41, 2, 1131);\n        add_location(p1, file, 42, 2, 1159);\n        attr_dev(div, \"class\", \"container\");\n        add_location(div, file, 23, 0, 702);\n      },\n      l: function claim(nodes) {\n        throw new Error(\"options.hydrate only works if the component was compiled with the `hydratable: true` option\");\n      },\n      m: function mount(target, anchor) {\n        insert_dev(target, div, anchor);\n        append_dev(div, h1);\n        append_dev(div, t1);\n        append_dev(div, button);\n        append_dev(div, t3);\n        append_dev(div, p0);\n        append_dev(p0, t4);\n        append_dev(p0, t5);\n        append_dev(p0, t6);\n        append_dev(div, t7);\n        append_dev(div, h20);\n        append_dev(div, t9);\n        if_block.m(div, null);\n        append_dev(div, t10);\n        append_dev(div, h21);\n        append_dev(div, t12);\n        append_dev(div, p1);\n        if (!mounted) {\n          dispose = listen_dev(button, \"click\", /*addToCounter*/ctx[3], false, false, false, false);\n          mounted = true;\n        }\n      },\n      p: function update(ctx, _ref) {\n        let [dirty] = _ref;\n        if (dirty & /*counter*/1) set_data_dev(t5, /*counter*/ctx[0]);\n        if (current_block_type === (current_block_type = select_block_type(ctx, dirty)) && if_block) {\n          if_block.p(ctx, dirty);\n        } else {\n          if_block.d(1);\n          if_block = current_block_type(ctx);\n          if (if_block) {\n            if_block.c();\n            if_block.m(div, t10);\n          }\n        }\n      },\n      i: noop,\n      o: noop,\n      d: function destroy(detaching) {\n        if (detaching) detach_dev(div);\n        if_block.d();\n        mounted = false;\n        dispose();\n      }\n    };\n    dispatch_dev(\"SvelteRegisterBlock\", {\n      block,\n      id: create_fragment.name,\n      type: \"component\",\n      source: \"\",\n      ctx\n    });\n    return block;\n  }\n  function instance($$self, $$props, $$invalidate) {\n    let {\n      $$slots: slots = {},\n      $$scope\n    } = $$props;\n    validate_slots('App', slots, []);\n    const _m_tracker1 = _m_createReactiveWrapper();\n    const _m_tracker0 = _m_createReactiveWrapper();\n    let counter = 0;\n    const addToCounter = () => {\n      $$invalidate(0, counter += 1);\n    };\n    let subIsReady = false;\n\n    // more information about $m at https://atmospherejs.com/zodern/melte#tracker-statements\n    let links;\n    const writable_props = [];\n    Object.keys($$props).forEach(key => {\n      if (!~writable_props.indexOf(key) && key.slice(0, 2) !== '$$' && key !== 'slot') console.warn(\"<App> was created with unknown prop '\".concat(key, \"'\"));\n    });\n    $$self.$capture_state = () => ({\n      _m_createReactiveWrapper,\n      _m_tracker1,\n      _m_tracker0,\n      Meteor,\n      LinksCollection,\n      counter,\n      addToCounter,\n      subIsReady,\n      links\n    });\n    $$self.$inject_state = $$props => {\n      if ('counter' in $$props) $$invalidate(0, counter = $$props.counter);\n      if ('subIsReady' in $$props) $$invalidate(1, subIsReady = $$props.subIsReady);\n      if ('links' in $$props) $$invalidate(2, links = $$props.links);\n    };\n    if ($$props && \"$$inject\" in $$props) {\n      $$self.$inject_state($$props.$$inject);\n    }\n    $: _m_tracker0(() => {\n      {\n        const handle = Meteor.subscribe(\"links.all\");\n        $$invalidate(1, subIsReady = handle.ready());\n      }\n    });\n    $: _m_tracker1(() => {\n      $$invalidate(2, links = LinksCollection.find().fetch());\n    });\n    return [counter, subIsReady, links, addToCounter];\n  }\n  class App extends SvelteComponentDev {\n    constructor(options) {\n      super(options);\n      init(this, options, instance, create_fragment, safe_not_equal, {});\n      dispatch_dev(\"SvelteRegisterComponent\", {\n        component: this,\n        tagName: \"App\",\n        options,\n        id: create_fragment.name\n      });\n    }\n  }\n  if (module && module.hot) {\n    if (false) module.hot.accept();\n    App = ___SVELTE_HMR_HOT_API.applyHmr({\n      m: module,\n      id: \"imports/ui/App.svelte\",\n      hotOptions: {\n        \"preserveLocalState\": false,\n        \"noPreserveStateKey\": [\"@hmr:reset\", \"@!hmr\"],\n        \"preserveAllLocalStateKey\": \"@hmr:keep-all\",\n        \"preserveLocalStateKey\": \"@hmr:keep\",\n        \"noReload\": false,\n        \"optimistic\": true,\n        \"acceptNamedExports\": true,\n        \"acceptAccessors\": true,\n        \"injectCss\": false,\n        \"cssEjectDelay\": 100,\n        \"native\": false,\n        \"importAdapterName\": \"___SVELTE_HMR_HOT_API_PROXY_ADAPTER\",\n        \"noOverlay\": false,\n        \"allowLiveBinding\": false\n      },\n      Component: App,\n      ProxyAdapter: ___SVELTE_HMR_HOT_API_PROXY_ADAPTER,\n      acceptable: true,\n      preserveLocalState: false,\n      emitCss: false\n    });\n  }\n  module1.exportDefault(App);\n}.call(this, module);","map":{"version":3,"names":["insert_dev","target","div","anchor","ctx","_id","length","i","ul","title","url","li","append_dev","a","set_data_dev","t0","t0_value","create_if_block","h1","button","p0","h20","h21","p1","_m_tracker1","_m_createReactiveWrapper","_m_tracker0","counter","addToCounter","subIsReady","links","$","handle","Meteor","subscribe","ready","LinksCollection","find","fetch"],"sources":["imports/ui/App.svelte"],"sourcesContent":["<script lang=\"ts\">\n  import { Meteor } from \"meteor/meteor\";\n  import { LinksCollection } from \"../api/links\";\n\n  let counter = 0;\n  const addToCounter = () => {\n    counter += 1;\n  };\n\n  let subIsReady = false;\n  $m: {\n    const handle = Meteor.subscribe(\"links.all\");\n    subIsReady = handle.ready();\n  }\n\n  // more information about $m at https://atmospherejs.com/zodern/melte#tracker-statements\n  let links;\n  $m: links = LinksCollection.find().fetch();\n</script>\n\n<div class=\"container\">\n  <h1>Welcome to Meteor!</h1>\n\n  <button on:click={addToCounter}>Click Me</button>\n  <p>You've pressed the button {counter} times.</p>\n\n  <h2>Learn Meteor!</h2>\n  {#if subIsReady}\n    <ul>\n      {#each links as link (link._id)}\n        <li>\n          <a href={link.url} target=\"_blank\" rel=\"noreferrer\">{link.title}</a>\n        </li>\n      {/each}\n    </ul>\n  {:else}\n    <div>Loading ...</div>\n  {/if}\n  <h2>Typescript ready</h2>\n  <p>Just add lang=\"ts\" to .svelte components.</p>\n</div>\n"],"mappings":";;;;;;;;;;;;;;;;;;;;;;;;;;;;;;;;;;;;;;;;;;;;;;;;;;;;;;;;;;;;;;;;;;;;;;;;;;;;;;;;;;;;;;;;;;;;;;;;;;;;;;;;;;;;;;;QAoCIA,UAAqB,CAAAC,MAAA,EAAAC,GAAA,EAAAC,MAAA;;;;;;;;;;;;;;;;;;;;;;8BAPZC,GAAK;;mCAAUA,GAAI,IAACC,GAAG;;mCAA5BC,MAAI,EAAAC,CAAA;;;;;;;;;;;;;;QADRP,UAMI,CAAAC,MAAA,EAAAO,EAAA,EAAAL,MAAA;;;;;;;;;gCALKC,GAAK;;;;;;;;;;;;;;;;;;;;;;;;;;;2BAE6CA,GAAI,IAACK,KAAK;;;;;;;;;;;;mDAAtDL,GAAI,IAACM,GAAG;;;;;;;;QADnBV,UAEI,CAAAC,MAAA,EAAAU,EAAA,EAAAR,MAAA;QADFS,UAAmE,CAAAD,EAAA,EAAAE,CAAA;;;;;;mEAAdT,GAAI,IAACK,KAAK,QAAAK,YAAA,CAAAC,EAAA,EAAAC,QAAA;2EAAtDZ,GAAI,IAACM,GAAG;;;;;;;;;;;;;;;;;;;;;;;;;;;;;;;;;;;;;yBAJpBN,GAAU,YAAAa,eAAA;;;;;;;;;;;;;;;kBAHZ,4BAA0B;8BAACb,GAAO;kBAAC,SAAO;;;;;;;;;;;;;;;;;;;;;;;;;QAJ/CJ,UAoBK,CAAAC,MAAA,EAAAC,GAAA,EAAAC,MAAA;QAnBHS,UAA0B,CAAAV,GAAA,EAAAgB,EAAA;;QAE1BN,UAAgD,CAAAV,GAAA,EAAAiB,MAAA;;QAChDP,UAAgD,CAAAV,GAAA,EAAAkB,EAAA;;;;;QAEhDR,UAAqB,CAAAV,GAAA,EAAAmB,GAAA;;;;QAYrBT,UAAwB,CAAAV,GAAA,EAAAoB,GAAA;;QACxBV,UAA+C,CAAAV,GAAA,EAAAqB,EAAA;;gEAhB7BnB,GAAY;;;;;;8DACAA,GAAO;;;;;;;;;;;;;;;;;;;;;;;;;;;;;;;;;;;;UAtB/BoB,WAAW,GAAGC,wBAAwB;UACtCC,WAAW,GAAGD,wBAAwB;QAIxCE,OAAO,GAAG,CAAC;UACTC,YAAY,GAAAA,CAAA;sBAChBD,OAAO,IAAI,CAAC;;QAGVE,UAAU,GAAG,KAAK;;;QAWlBC,KAAK;;;;;;;;;;;;;;;;;;;;;;;;IATTC,CAAC,EACDL,WAAW;;cAEDM,MAAM,GAAGC,MAAM,CAACC,SAAS,CAAC,WAAW;wBAC3CL,UAAU,GAAGG,MAAM,CAACG,KAAK;;;IAO7BJ,CAAC,EACDP,WAAW;sBACTM,KAAK,GAAGM,eAAe,CAACC,IAAI,GAAGC,KAAK"},"sourceType":"module","externalDependencies":{},"hash":"2ac92a65d9f1b31c9b2bab51574f775e47a74dd6"}
