{"metadata":{},"options":{"assumptions":{},"compact":false,"sourceMaps":true,"ast":true,"babelrc":false,"configFile":false,"parserOpts":{"sourceType":"module","sourceFileName":"/Users/matteodemicheli/Sites/meteor-boilerplate/imports/ui/App.svelte","plugins":["*","flow","jsx","asyncGenerators","bigInt","classPrivateMethods","classPrivateProperties","classProperties","doExpressions","dynamicImport","exportDefaultFrom","exportExtensions","exportNamespaceFrom","functionBind","functionSent","importMeta","nullishCoalescingOperator","numericSeparator","objectRestSpread","optionalCatchBinding","optionalChaining",["pipelineOperator",{"proposal":"minimal"}],"throwExpressions","topLevelAwait","nullishCoalescingOperator","nullishCoalescingOperator","optionalChaining","optionalChaining","optionalCatchBinding","optionalCatchBinding","classProperties","classPrivateProperties","classPrivateMethods","classProperties","classPrivateProperties","asyncGenerators","asyncGenerators","objectRestSpread","objectRestSpread","logicalAssignment"],"allowImportExportEverywhere":true,"allowReturnOutsideFunction":true,"allowUndeclaredExports":true,"strictMode":false},"caller":{"name":"meteor","arch":"web.browser.legacy"},"inputSourceMap":{"version":3,"mappings":";;;;;;;;;;;;;;;;;;;;;;;;;;;;SACW,MAAK,QAAS,eAAe;SAC7B,eAAc,QAAS,cAAc;;;;;;;;;;;;;;;;;;;;GCiC5C,UAAqB;;;;;;;;;;;;;;;;;;;;;;;;4BALZ,GAAK;;iCAAU,GAAI,IAAC,GAAG;;;gCAA5B,MAAI;;;;;;;;;;;;;;;;;GADR,UAII;;;;;;;;;;2BAHK,GAAK;;;;;;;;;;;;;;;;;;;;;;;;;;;;;;wBAC+C,GAAI,IAAC,KAAK;;;;;;;;;;;+CAAtD,GAAI,IAAC,GAAG;;;;;;;;GAArB,UAA4E;GAAxE,UAAoE;;;;;8DAAf,GAAI,IAAC,KAAK;;wEAAtD,GAAI,IAAC,GAAG;;;;;;;;;;;;;;;;;;;;;;;;;;;;;;;;;;;;;;;;;qBAHtB,GAAU;;;;;;;;;;;;;;;;;aAHZ,4BAA0B;yBAAC,GAAO;aAAC,SAAO;;;;;;;;;;;;;;;;;;;;;;;;;GAJ/C,UAkBK;GAjBH,UAA0B;;GAE1B,UAAgD;;GAChD,UAAgD;;;;;GAEhD,UAAqB;;;;GAUrB,UAAwB;;GACxB,UAA+C;;;2DAd7B,GAAY;;;;;2DACA,GAAO;;;;;;;;;;;;;;;;;;;;;;;;;;;;;;;;;;;;;;;;KDrBjC,OAAM,GAAI,CAAC;;OACT,YAAW;kBACf,OAAM,IAAK,CAAC;;;KAGV,UAAS,GAAI,KAAK;;;KAOlB,KAAK;;;;;;;;;;;;;;;;;;;;;;;;;;;;;;;;SALD,MAAK,GAAI,MAAM,CAAC,SAAS,CAAC,WAAW;mBAC3C,UAAS,GAAI,MAAM,CAAC,KAAK;;;;;kBAKvB,KAAI,GAAI,eAAe,CAAC,IAAI,GAAG,KAAK;;;;;;;;;;;;;;;;;;;;","names":[],"sources":["imports/ui/App.svelte","imports/ui/App.svelte"],"sourcesContent":["<script>\n  import { Meteor } from \"meteor/meteor\";\n  import { LinksCollection } from '../api/links';\n  \n  let counter = 0;\n  const addToCounter = () => {\n    counter += 1;\n  }\n  \n  let subIsReady = false;\n  $m: {\n    const handle = Meteor.subscribe(\"links.all\");\n    subIsReady = handle.ready();\n  }\n\n  // more information about $m at https://atmospherejs.com/zodern/melte#tracker-statements\n  let links;\n  $m: links = LinksCollection.find().fetch();\n</script>\n\n\n<div class=\"container\">\n  <h1>Welcome to Meteor!</h1>\n\n  <button on:click={addToCounter}>Click Me</button>\n  <p>You've pressed the button {counter} times.</p>\n\n  <h2>Learn Meteor!</h2>\n  {#if subIsReady}\n    <ul>\n      {#each links as link (link._id)}\n        <li><a href={link.url} target=\"_blank\" rel=\"noreferrer\">{link.title}</a></li>\n      {/each}\n    </ul>\n  {:else}\n    <div>Loading ...</div>\n  {/if}\n  <h2>Typescript ready</h2>\n  <p>Just add lang=\"ts\" to .svelte components.</p>\n</div>\n"]},"sourceFileName":"imports/ui/App.svelte","filename":"/Users/matteodemicheli/Sites/meteor-boilerplate/imports/ui/App.svelte","targets":{},"cloneInputAst":true,"browserslistConfigFile":false,"passPerPreset":false,"envName":"development","cwd":"/Users/matteodemicheli/Sites/meteor-boilerplate","root":"/Users/matteodemicheli/Sites/meteor-boilerplate","rootMode":"root","plugins":[{"key":"base$0","visitor":{"_exploded":true,"_verified":true},"options":{},"externalDependencies":[]},{"key":"base$0$0","visitor":{"Program":{"enter":[null],"exit":[null]},"_exploded":true,"_verified":true},"options":{"avoidModernSyntax":true,"enforceStrictMode":false,"dynamicImport":true},"externalDependencies":[]},{"key":"transform-runtime","visitor":{"MemberExpression":{"enter":[null]},"ObjectPattern":{"enter":[null]},"BinaryExpression":{"enter":[null]},"Identifier":{"enter":[null]},"JSXIdentifier":{"enter":[null]},"_exploded":true,"_verified":true},"options":{"version":"7.17.2","helpers":true,"useESModules":false,"corejs":false},"externalDependencies":[]},{"key":"base$0$2","visitor":{"FunctionExpression":{"exit":[null]},"_exploded":true,"_verified":true},"options":{},"externalDependencies":[]},{"key":"base$0$3","visitor":{"ForInStatement":{"enter":[null]},"_exploded":true,"_verified":true},"options":{},"externalDependencies":[]},{"key":"syntax-nullish-coalescing-operator","visitor":{"_exploded":true,"_verified":true},"options":{},"externalDependencies":[]},{"key":"proposal-nullish-coalescing-operator","visitor":{"LogicalExpression":{"enter":[null]},"_exploded":true,"_verified":true},"options":{},"externalDependencies":[]},{"key":"syntax-optional-chaining","visitor":{"_exploded":true,"_verified":true},"options":{},"externalDependencies":[]},{"key":"proposal-optional-chaining","visitor":{"OptionalCallExpression":{"enter":[null]},"OptionalMemberExpression":{"enter":[null]},"_exploded":true,"_verified":true},"options":{},"externalDependencies":[]},{"key":"syntax-optional-catch-binding","visitor":{"_exploded":true,"_verified":true},"options":{},"externalDependencies":[]},{"key":"proposal-optional-catch-binding","visitor":{"CatchClause":{"enter":[null]},"_exploded":true,"_verified":true},"options":{},"externalDependencies":[]},{"key":"syntax-class-properties","visitor":{"_exploded":true,"_verified":true},"options":{},"externalDependencies":[]},{"key":"proposal-class-properties","visitor":{"ExportDefaultDeclaration":{"enter":[null]},"_exploded":true,"_verified":true,"ClassExpression":{"enter":[null]},"ClassDeclaration":{"enter":[null]}},"options":{},"externalDependencies":[]},{"key":"syntax-async-generators","visitor":{"_exploded":true,"_verified":true},"options":{},"externalDependencies":[]},{"key":"proposal-async-generator-functions","visitor":{"Program":{"enter":[null]},"_exploded":true,"_verified":true},"options":{},"externalDependencies":[]},{"key":"syntax-object-rest-spread","visitor":{"_exploded":true,"_verified":true},"options":{},"externalDependencies":[]},{"key":"proposal-object-rest-spread","visitor":{"VariableDeclarator":{"enter":[null]},"ExportNamedDeclaration":{"enter":[null]},"CatchClause":{"enter":[null]},"AssignmentExpression":{"enter":[null]},"ArrayPattern":{"enter":[null]},"ObjectExpression":{"enter":[null]},"FunctionDeclaration":{"enter":[null]},"FunctionExpression":{"enter":[null]},"ObjectMethod":{"enter":[null]},"ArrowFunctionExpression":{"enter":[null]},"ClassMethod":{"enter":[null]},"ClassPrivateMethod":{"enter":[null]},"ForInStatement":{"enter":[null]},"ForOfStatement":{"enter":[null]},"_exploded":true,"_verified":true},"options":{},"externalDependencies":[]},{"key":"proposal-logical-assignment-operators","visitor":{"AssignmentExpression":{"enter":[null]},"_exploded":true,"_verified":true},"options":{},"externalDependencies":[]},{"key":"transform-arrow-functions","visitor":{"ArrowFunctionExpression":{"enter":[null]},"_exploded":true,"_verified":true},"options":{},"externalDependencies":[]},{"key":"transform-block-scoped-functions","visitor":{"BlockStatement":{"enter":[null]},"SwitchCase":{"enter":[null]},"_exploded":true,"_verified":true},"options":{},"externalDependencies":[]},{"key":"transform-block-scoping","visitor":{"VariableDeclaration":{"enter":[null,null]},"BlockStatement":{"enter":[null]},"SwitchCase":{"enter":[null]},"ClassDeclaration":{"enter":[null]},"DoWhileStatement":{"enter":[null]},"ForInStatement":{"enter":[null]},"ForStatement":{"enter":[null]},"WhileStatement":{"enter":[null]},"ForOfStatement":{"enter":[null]},"_exploded":true,"_verified":true},"options":{},"externalDependencies":[]},{"key":"transform-classes","visitor":{"ExportDefaultDeclaration":{"enter":[null]},"ClassDeclaration":{"enter":[null]},"ClassExpression":{"enter":[null]},"_exploded":true,"_verified":true},"options":{"loose":true},"externalDependencies":[]},{"key":"transform-computed-properties","visitor":{"ObjectExpression":{"exit":[null]},"_exploded":true,"_verified":true},"options":{"loose":true},"externalDependencies":[]},{"key":"transform-destructuring","visitor":{"ExportNamedDeclaration":{"enter":[null]},"CatchClause":{"enter":[null]},"AssignmentExpression":{"enter":[null]},"VariableDeclaration":{"enter":[null]},"_exploded":true,"_verified":true,"ForInStatement":{"enter":[null]},"ForOfStatement":{"enter":[null]}},"options":{},"externalDependencies":[]},{"key":"transform-for-of","visitor":{"ForOfStatement":{"enter":[null]},"_exploded":true,"_verified":true},"options":{"loose":true},"externalDependencies":[]},{"key":"transform-literals","visitor":{"NumericLiteral":{"enter":[null]},"StringLiteral":{"enter":[null]},"_exploded":true,"_verified":true},"options":{},"externalDependencies":[]},{"key":"transform-object-super","visitor":{"ObjectExpression":{"enter":[null]},"_exploded":true,"_verified":true,"DoWhileStatement":{"exit":[null]},"ForInStatement":{"exit":[null]},"ForStatement":{"exit":[null]},"WhileStatement":{"exit":[null]},"ForOfStatement":{"exit":[null]}},"options":{},"externalDependencies":[]},{"key":"transform-parameters","visitor":{"_exploded":true,"_verified":true,"FunctionDeclaration":{"enter":[null]},"FunctionExpression":{"enter":[null]},"ObjectMethod":{"enter":[null]},"ArrowFunctionExpression":{"enter":[null]},"ClassMethod":{"enter":[null]},"ClassPrivateMethod":{"enter":[null]}},"options":{},"externalDependencies":[]},{"key":"transform-shorthand-properties","visitor":{"ObjectMethod":{"enter":[null]},"ObjectProperty":{"enter":[null]},"_exploded":true,"_verified":true},"options":{},"externalDependencies":[]},{"key":"transform-spread","visitor":{"ArrayExpression":{"enter":[null]},"CallExpression":{"enter":[null]},"NewExpression":{"enter":[null]},"_exploded":true,"_verified":true},"options":{},"externalDependencies":[]},{"key":"transform-sticky-regex","visitor":{"RegExpLiteral":{"enter":[null]},"_exploded":true,"_verified":true},"options":{},"externalDependencies":[]},{"key":"transform-template-literals","visitor":{"TaggedTemplateExpression":{"enter":[null]},"TemplateLiteral":{"enter":[null]},"_exploded":true,"_verified":true},"options":{"loose":true},"externalDependencies":[]},{"key":"transform-typeof-symbol","visitor":{"UnaryExpression":{"enter":[null]},"_exploded":true,"_verified":true,"BlockStatement":{"enter":[null]},"CatchClause":{"enter":[null]},"DoWhileStatement":{"enter":[null]},"ForInStatement":{"enter":[null]},"ForStatement":{"enter":[null]},"FunctionDeclaration":{"enter":[null]},"FunctionExpression":{"enter":[null]},"Program":{"enter":[null]},"ObjectMethod":{"enter":[null]},"SwitchStatement":{"enter":[null]},"WhileStatement":{"enter":[null]},"ArrowFunctionExpression":{"enter":[null]},"ClassExpression":{"enter":[null]},"ClassDeclaration":{"enter":[null]},"ForOfStatement":{"enter":[null]},"ClassMethod":{"enter":[null]},"ClassPrivateMethod":{"enter":[null]},"StaticBlock":{"enter":[null]},"TSModuleBlock":{"enter":[null]},"AssignmentPattern":{"enter":[null]},"ArrayPattern":{"enter":[null]},"ObjectPattern":{"enter":[null]}},"options":{},"externalDependencies":[]},{"key":"transform-unicode-regex","visitor":{"RegExpLiteral":{"enter":[null]},"_exploded":true,"_verified":true},"options":{},"externalDependencies":[]},{"key":"transform-property-literals","visitor":{"ObjectProperty":{"exit":[null]},"_exploded":true,"_verified":true},"options":{},"externalDependencies":[]},{"key":"transform-exponentiation-operator","visitor":{"AssignmentExpression":{"enter":[null]},"BinaryExpression":{"enter":[null]},"_exploded":true,"_verified":true},"options":{},"externalDependencies":[]},{"key":"transform-regenerator","visitor":{"ObjectMethod":{"enter":[null],"exit":[null]},"ClassMethod":{"enter":[null],"exit":[null]},"ClassPrivateMethod":{"enter":[null],"exit":[null]},"FunctionDeclaration":{"exit":[null]},"FunctionExpression":{"exit":[null]},"ArrowFunctionExpression":{"exit":[null]},"MemberExpression":{"enter":[null]},"_exploded":true,"_verified":true},"options":{},"externalDependencies":[]}],"presets":[],"generatorOpts":{"filename":"/Users/matteodemicheli/Sites/meteor-boilerplate/imports/ui/App.svelte","comments":true,"compact":false,"sourceMaps":true,"sourceFileName":"imports/ui/App.svelte","inputSourceMap":{"version":3,"mappings":";;;;;;;;;;;;;;;;;;;;;;;;;;;;SACW,MAAK,QAAS,eAAe;SAC7B,eAAc,QAAS,cAAc;;;;;;;;;;;;;;;;;;;;GCiC5C,UAAqB;;;;;;;;;;;;;;;;;;;;;;;;4BALZ,GAAK;;iCAAU,GAAI,IAAC,GAAG;;;gCAA5B,MAAI;;;;;;;;;;;;;;;;;GADR,UAII;;;;;;;;;;2BAHK,GAAK;;;;;;;;;;;;;;;;;;;;;;;;;;;;;;wBAC+C,GAAI,IAAC,KAAK;;;;;;;;;;;+CAAtD,GAAI,IAAC,GAAG;;;;;;;;GAArB,UAA4E;GAAxE,UAAoE;;;;;8DAAf,GAAI,IAAC,KAAK;;wEAAtD,GAAI,IAAC,GAAG;;;;;;;;;;;;;;;;;;;;;;;;;;;;;;;;;;;;;;;;;qBAHtB,GAAU;;;;;;;;;;;;;;;;;aAHZ,4BAA0B;yBAAC,GAAO;aAAC,SAAO;;;;;;;;;;;;;;;;;;;;;;;;;GAJ/C,UAkBK;GAjBH,UAA0B;;GAE1B,UAAgD;;GAChD,UAAgD;;;;;GAEhD,UAAqB;;;;GAUrB,UAAwB;;GACxB,UAA+C;;;2DAd7B,GAAY;;;;;2DACA,GAAO;;;;;;;;;;;;;;;;;;;;;;;;;;;;;;;;;;;;;;;;KDrBjC,OAAM,GAAI,CAAC;;OACT,YAAW;kBACf,OAAM,IAAK,CAAC;;;KAGV,UAAS,GAAI,KAAK;;;KAOlB,KAAK;;;;;;;;;;;;;;;;;;;;;;;;;;;;;;;;SALD,MAAK,GAAI,MAAM,CAAC,SAAS,CAAC,WAAW;mBAC3C,UAAS,GAAI,MAAM,CAAC,KAAK;;;;;kBAKvB,KAAI,GAAI,eAAe,CAAC,IAAI,GAAG,KAAK;;;;;;;;;;;;;;;;;;;;","names":[],"sources":["imports/ui/App.svelte","imports/ui/App.svelte"],"sourcesContent":["<script>\n  import { Meteor } from \"meteor/meteor\";\n  import { LinksCollection } from '../api/links';\n  \n  let counter = 0;\n  const addToCounter = () => {\n    counter += 1;\n  }\n  \n  let subIsReady = false;\n  $m: {\n    const handle = Meteor.subscribe(\"links.all\");\n    subIsReady = handle.ready();\n  }\n\n  // more information about $m at https://atmospherejs.com/zodern/melte#tracker-statements\n  let links;\n  $m: links = LinksCollection.find().fetch();\n</script>\n\n\n<div class=\"container\">\n  <h1>Welcome to Meteor!</h1>\n\n  <button on:click={addToCounter}>Click Me</button>\n  <p>You've pressed the button {counter} times.</p>\n\n  <h2>Learn Meteor!</h2>\n  {#if subIsReady}\n    <ul>\n      {#each links as link (link._id)}\n        <li><a href={link.url} target=\"_blank\" rel=\"noreferrer\">{link.title}</a></li>\n      {/each}\n    </ul>\n  {:else}\n    <div>Loading ...</div>\n  {/if}\n  <h2>Typescript ready</h2>\n  <p>Just add lang=\"ts\" to .svelte components.</p>\n</div>\n"]}}},"code":"!function (module1) {\n  var _assertThisInitialized;\n  module1.link(\"@babel/runtime/helpers/assertThisInitialized\", {\n    default: function (v) {\n      _assertThisInitialized = v;\n    }\n  }, 0);\n  var _inheritsLoose;\n  module1.link(\"@babel/runtime/helpers/inheritsLoose\", {\n    default: function (v) {\n      _inheritsLoose = v;\n    }\n  }, 1);\n  var _slicedToArray;\n  module1.link(\"@babel/runtime/helpers/slicedToArray\", {\n    default: function (v) {\n      _slicedToArray = v;\n    }\n  }, 2);\n  var SvelteComponentDev, add_location, append_dev, attr_dev, destroy_block, detach_dev, dispatch_dev, element, init, insert_dev, listen_dev, noop, safe_not_equal, set_data_dev, space, text, update_keyed_each, validate_each_argument, validate_each_keys, validate_slots;\n  module1.link(\"svelte/internal\", {\n    SvelteComponentDev: function (v) {\n      SvelteComponentDev = v;\n    },\n    add_location: function (v) {\n      add_location = v;\n    },\n    append_dev: function (v) {\n      append_dev = v;\n    },\n    attr_dev: function (v) {\n      attr_dev = v;\n    },\n    destroy_block: function (v) {\n      destroy_block = v;\n    },\n    detach_dev: function (v) {\n      detach_dev = v;\n    },\n    dispatch_dev: function (v) {\n      dispatch_dev = v;\n    },\n    element: function (v) {\n      element = v;\n    },\n    init: function (v) {\n      init = v;\n    },\n    insert_dev: function (v) {\n      insert_dev = v;\n    },\n    listen_dev: function (v) {\n      listen_dev = v;\n    },\n    noop: function (v) {\n      noop = v;\n    },\n    safe_not_equal: function (v) {\n      safe_not_equal = v;\n    },\n    set_data_dev: function (v) {\n      set_data_dev = v;\n    },\n    space: function (v) {\n      space = v;\n    },\n    text: function (v) {\n      text = v;\n    },\n    update_keyed_each: function (v) {\n      update_keyed_each = v;\n    },\n    validate_each_argument: function (v) {\n      validate_each_argument = v;\n    },\n    validate_each_keys: function (v) {\n      validate_each_keys = v;\n    },\n    validate_slots: function (v) {\n      validate_slots = v;\n    }\n  }, 0);\n  var _m_createReactiveWrapper;\n  module1.link(\"meteor/zodern:melte/tracker\", {\n    createReactiveWrapper: function (v) {\n      _m_createReactiveWrapper = v;\n    }\n  }, 1);\n  var Meteor;\n  module1.link(\"meteor/meteor\", {\n    Meteor: function (v) {\n      Meteor = v;\n    }\n  }, 2);\n  var LinksCollection;\n  module1.link(\"../api/links\", {\n    LinksCollection: function (v) {\n      LinksCollection = v;\n    }\n  }, 3);\n  var ___SVELTE_HMR_HOT_API;\n  module1.link(\"meteor/zodern:melte/hmr-runtime.js\", {\n    \"*\": function (v) {\n      ___SVELTE_HMR_HOT_API = v;\n    }\n  }, 4);\n  var ___SVELTE_HMR_HOT_API_PROXY_ADAPTER;\n  module1.link(\"meteor/zodern:melte/proxy-adapter.js\", {\n    adapter: function (v) {\n      ___SVELTE_HMR_HOT_API_PROXY_ADAPTER = v;\n    }\n  }, 5);\n  var file = \"imports/ui/App.svelte\";\n  function get_each_context(ctx, list, i) {\n    var child_ctx = ctx.slice();\n    child_ctx[6] = list[i];\n    return child_ctx;\n  }\n\n  // (46:2) {:else}\n  function create_else_block(ctx) {\n    var div;\n    var block = {\n      c: function () {\n        function create() {\n          div = element(\"div\");\n          div.textContent = \"Loading ...\";\n          add_location(div, file, 46, 4, 1104);\n        }\n        return create;\n      }(),\n      m: function () {\n        function mount(target, anchor) {\n          insert_dev(target, div, anchor);\n        }\n        return mount;\n      }(),\n      p: noop,\n      d: function () {\n        function destroy(detaching) {\n          if (detaching) detach_dev(div);\n        }\n        return destroy;\n      }()\n    };\n    dispatch_dev(\"SvelteRegisterBlock\", {\n      block: block,\n      id: create_else_block.name,\n      type: \"else\",\n      source: \"(46:2) {:else}\",\n      ctx: ctx\n    });\n    return block;\n  }\n\n  // (40:2) {#if subIsReady}\n  function create_if_block(ctx) {\n    var ul;\n    var each_blocks = [];\n    var each_1_lookup = new Map();\n    var each_value = /*links*/ctx[2];\n    validate_each_argument(each_value);\n    var get_key = function (ctx) {\n      return /*link*/ctx[6]._id;\n    };\n    validate_each_keys(ctx, each_value, get_each_context, get_key);\n    for (var i = 0; i < each_value.length; i += 1) {\n      var child_ctx = get_each_context(ctx, each_value, i);\n      var key = get_key(child_ctx);\n      each_1_lookup.set(key, each_blocks[i] = create_each_block(key, child_ctx));\n    }\n    var block = {\n      c: function () {\n        function create() {\n          ul = element(\"ul\");\n          for (var _i = 0; _i < each_blocks.length; _i += 1) {\n            each_blocks[_i].c();\n          }\n          add_location(ul, file, 40, 4, 936);\n        }\n        return create;\n      }(),\n      m: function () {\n        function mount(target, anchor) {\n          insert_dev(target, ul, anchor);\n          for (var _i2 = 0; _i2 < each_blocks.length; _i2 += 1) {\n            if (each_blocks[_i2]) {\n              each_blocks[_i2].m(ul, null);\n            }\n          }\n        }\n        return mount;\n      }(),\n      p: function () {\n        function update(ctx, dirty) {\n          if (dirty & /*links*/4) {\n            each_value = /*links*/ctx[2];\n            validate_each_argument(each_value);\n            validate_each_keys(ctx, each_value, get_each_context, get_key);\n            each_blocks = update_keyed_each(each_blocks, dirty, get_key, 1, ctx, each_value, each_1_lookup, ul, destroy_block, create_each_block, null, get_each_context);\n          }\n        }\n        return update;\n      }(),\n      d: function () {\n        function destroy(detaching) {\n          if (detaching) detach_dev(ul);\n          for (var _i3 = 0; _i3 < each_blocks.length; _i3 += 1) {\n            each_blocks[_i3].d();\n          }\n        }\n        return destroy;\n      }()\n    };\n    dispatch_dev(\"SvelteRegisterBlock\", {\n      block: block,\n      id: create_if_block.name,\n      type: \"if\",\n      source: \"(40:2) {#if subIsReady}\",\n      ctx: ctx\n    });\n    return block;\n  }\n\n  // (42:6) {#each links as link (link._id)}\n  function create_each_block(key_1, ctx) {\n    var li;\n    var a;\n    var t_value = /*link*/ctx[6].title + \"\";\n    var t;\n    var a_href_value;\n    var block = {\n      key: key_1,\n      first: null,\n      c: function () {\n        function create() {\n          li = element(\"li\");\n          a = element(\"a\");\n          t = text(t_value);\n          attr_dev(a, \"href\", a_href_value = /*link*/ctx[6].url);\n          attr_dev(a, \"target\", \"_blank\");\n          attr_dev(a, \"rel\", \"noreferrer\");\n          add_location(a, file, 42, 12, 992);\n          add_location(li, file, 42, 8, 988);\n          this.first = li;\n        }\n        return create;\n      }(),\n      m: function () {\n        function mount(target, anchor) {\n          insert_dev(target, li, anchor);\n          append_dev(li, a);\n          append_dev(a, t);\n        }\n        return mount;\n      }(),\n      p: function () {\n        function update(new_ctx, dirty) {\n          ctx = new_ctx;\n          if (dirty & /*links*/4 && t_value !== (t_value = /*link*/ctx[6].title + \"\")) set_data_dev(t, t_value);\n          if (dirty & /*links*/4 && a_href_value !== (a_href_value = /*link*/ctx[6].url)) {\n            attr_dev(a, \"href\", a_href_value);\n          }\n        }\n        return update;\n      }(),\n      d: function () {\n        function destroy(detaching) {\n          if (detaching) detach_dev(li);\n        }\n        return destroy;\n      }()\n    };\n    dispatch_dev(\"SvelteRegisterBlock\", {\n      block: block,\n      id: create_each_block.name,\n      type: \"each\",\n      source: \"(42:6) {#each links as link (link._id)}\",\n      ctx: ctx\n    });\n    return block;\n  }\n  function create_fragment(ctx) {\n    var div;\n    var h1;\n    var t1;\n    var button;\n    var t3;\n    var p0;\n    var t4;\n    var t5;\n    var t6;\n    var t7;\n    var h20;\n    var t9;\n    var t10;\n    var h21;\n    var t12;\n    var p1;\n    var mounted;\n    var dispose;\n    function select_block_type(ctx, dirty) {\n      if ( /*subIsReady*/ctx[1]) return create_if_block;\n      return create_else_block;\n    }\n    var current_block_type = select_block_type(ctx, -1);\n    var if_block = current_block_type(ctx);\n    var block = {\n      c: function () {\n        function create() {\n          div = element(\"div\");\n          h1 = element(\"h1\");\n          h1.textContent = \"Welcome to Meteor!\";\n          t1 = space();\n          button = element(\"button\");\n          button.textContent = \"Click Me\";\n          t3 = space();\n          p0 = element(\"p\");\n          t4 = text(\"You've pressed the button \");\n          t5 = text( /*counter*/ctx[0]);\n          t6 = text(\" times.\");\n          t7 = space();\n          h20 = element(\"h2\");\n          h20.textContent = \"Learn Meteor!\";\n          t9 = space();\n          if_block.c();\n          t10 = space();\n          h21 = element(\"h2\");\n          h21.textContent = \"Typescript ready\";\n          t12 = space();\n          p1 = element(\"p\");\n          p1.textContent = \"Just add lang=\\\"ts\\\" to .svelte components.\";\n          add_location(h1, file, 33, 2, 754);\n          add_location(button, file, 35, 2, 785);\n          add_location(p0, file, 36, 2, 837);\n          add_location(h20, file, 38, 2, 890);\n          add_location(h21, file, 48, 2, 1137);\n          add_location(p1, file, 49, 2, 1165);\n          attr_dev(div, \"class\", \"container\");\n          add_location(div, file, 32, 0, 728);\n        }\n        return create;\n      }(),\n      l: function () {\n        function claim(nodes) {\n          throw new Error(\"options.hydrate only works if the component was compiled with the `hydratable: true` option\");\n        }\n        return claim;\n      }(),\n      m: function () {\n        function mount(target, anchor) {\n          insert_dev(target, div, anchor);\n          append_dev(div, h1);\n          append_dev(div, t1);\n          append_dev(div, button);\n          append_dev(div, t3);\n          append_dev(div, p0);\n          append_dev(p0, t4);\n          append_dev(p0, t5);\n          append_dev(p0, t6);\n          append_dev(div, t7);\n          append_dev(div, h20);\n          append_dev(div, t9);\n          if_block.m(div, null);\n          append_dev(div, t10);\n          append_dev(div, h21);\n          append_dev(div, t12);\n          append_dev(div, p1);\n          if (!mounted) {\n            dispose = listen_dev(button, \"click\", /*addToCounter*/ctx[3], false, false, false, false);\n            mounted = true;\n          }\n        }\n        return mount;\n      }(),\n      p: function () {\n        function update(ctx, _ref) {\n          var _ref2 = _slicedToArray(_ref, 1),\n            dirty = _ref2[0];\n          if (dirty & /*counter*/1) set_data_dev(t5, /*counter*/ctx[0]);\n          if (current_block_type === (current_block_type = select_block_type(ctx, dirty)) && if_block) {\n            if_block.p(ctx, dirty);\n          } else {\n            if_block.d(1);\n            if_block = current_block_type(ctx);\n            if (if_block) {\n              if_block.c();\n              if_block.m(div, t10);\n            }\n          }\n        }\n        return update;\n      }(),\n      i: noop,\n      o: noop,\n      d: function () {\n        function destroy(detaching) {\n          if (detaching) detach_dev(div);\n          if_block.d();\n          mounted = false;\n          dispose();\n        }\n        return destroy;\n      }()\n    };\n    dispatch_dev(\"SvelteRegisterBlock\", {\n      block: block,\n      id: create_fragment.name,\n      type: \"component\",\n      source: \"\",\n      ctx: ctx\n    });\n    return block;\n  }\n  function instance($$self, $$props, $$invalidate) {\n    var _$$props$$$slots = $$props.$$slots,\n      slots = _$$props$$$slots === void 0 ? {} : _$$props$$$slots,\n      $$scope = $$props.$$scope;\n    validate_slots('App', slots, []);\n    var _m_tracker1 = _m_createReactiveWrapper();\n    var _m_tracker0 = _m_createReactiveWrapper();\n    var counter = 0;\n    var addToCounter = function () {\n      $$invalidate(0, counter += 1);\n    };\n    var subIsReady = false;\n\n    // more information about $m at https://atmospherejs.com/zodern/melte#tracker-statements\n    var links;\n    var writable_props = [];\n    Object.keys($$props).forEach(function (key) {\n      if (!~writable_props.indexOf(key) && key.slice(0, 2) !== '$$' && key !== 'slot') console.warn(\"<App> was created with unknown prop '\" + key + \"'\");\n    });\n    $$self.$capture_state = function () {\n      return {\n        _m_createReactiveWrapper: _m_createReactiveWrapper,\n        _m_tracker1: _m_tracker1,\n        _m_tracker0: _m_tracker0,\n        Meteor: Meteor,\n        LinksCollection: LinksCollection,\n        counter: counter,\n        addToCounter: addToCounter,\n        subIsReady: subIsReady,\n        links: links\n      };\n    };\n    $$self.$inject_state = function ($$props) {\n      if ('counter' in $$props) $$invalidate(0, counter = $$props.counter);\n      if ('subIsReady' in $$props) $$invalidate(1, subIsReady = $$props.subIsReady);\n      if ('links' in $$props) $$invalidate(2, links = $$props.links);\n    };\n    if ($$props && \"$$inject\" in $$props) {\n      $$self.$inject_state($$props.$$inject);\n    }\n    $: _m_tracker0(function () {\n      {\n        var handle = Meteor.subscribe(\"links.all\");\n        $$invalidate(1, subIsReady = handle.ready());\n      }\n    });\n    $: _m_tracker1(function () {\n      $$invalidate(2, links = LinksCollection.find().fetch());\n    });\n    return [counter, subIsReady, links, addToCounter];\n  }\n  var App = /*#__PURE__*/function (_SvelteComponentDev) {\n    _inheritsLoose(App, _SvelteComponentDev);\n    function App(options) {\n      var _this;\n      _this = _SvelteComponentDev.call(this, options) || this;\n      init(_assertThisInitialized(_this), options, instance, create_fragment, safe_not_equal, {});\n      dispatch_dev(\"SvelteRegisterComponent\", {\n        component: _assertThisInitialized(_this),\n        tagName: \"App\",\n        options: options,\n        id: create_fragment.name\n      });\n      return _this;\n    }\n    return App;\n  }(SvelteComponentDev);\n  if (module && module.hot) {\n    if (false) module.hot.accept();\n    App = ___SVELTE_HMR_HOT_API.applyHmr({\n      m: module,\n      id: \"imports/ui/App.svelte\",\n      hotOptions: {\n        \"preserveLocalState\": false,\n        \"noPreserveStateKey\": [\"@hmr:reset\", \"@!hmr\"],\n        \"preserveAllLocalStateKey\": \"@hmr:keep-all\",\n        \"preserveLocalStateKey\": \"@hmr:keep\",\n        \"noReload\": false,\n        \"optimistic\": true,\n        \"acceptNamedExports\": true,\n        \"acceptAccessors\": true,\n        \"injectCss\": false,\n        \"cssEjectDelay\": 100,\n        \"native\": false,\n        \"importAdapterName\": \"___SVELTE_HMR_HOT_API_PROXY_ADAPTER\",\n        \"noOverlay\": false,\n        \"allowLiveBinding\": false\n      },\n      Component: App,\n      ProxyAdapter: ___SVELTE_HMR_HOT_API_PROXY_ADAPTER,\n      acceptable: true,\n      preserveLocalState: false,\n      emitCss: false\n    });\n  }\n  module1.exportDefault(App);\n}.call(this, module);","map":{"version":3,"names":["insert_dev","target","div","anchor","ctx","_id","length","i","ul","title","url","li","append_dev","a","set_data_dev","t","t_value","create_if_block","h1","button","p0","h20","h21","p1","counter","addToCounter","subIsReady","links","handle","Meteor","subscribe","ready","LinksCollection","find","fetch"],"sources":["imports/ui/App.svelte"],"sourcesContent":[null],"mappings":";;;;;;;;;;;;;;;;;;;;;;;;;;;;;;;;;;;;;;;;;;;;;;;;;;;;;;;;;;;;;;;;;;;;;;;;;;;;;;;;;;;;;;;;;;;;;;;;;;;;;;;;;;;;;;;;;;;;;;;;;;;;;;;;;;;;;UAmCIA,UAAqB,CAAAC,MAAA,EAAAC,GAAA,EAAAC,MAAA;;;;;;;;;;;;;;;;;;;;;;;;;;;8BALZC,GAAK;;;qBAAUA,GAAI,IAACC,GAAG;IAAA;;mCAA5BC,MAAI,EAAAC,CAAA;;;;;;;;;;;;;;;;;;UADRP,UAII,CAAAC,MAAA,EAAAO,EAAA,EAAAL,MAAA;;;;;;;;;;;;kCAHKC,GAAK;;;;;;;;;;;;;;;;;;;;;;;;;;;;;;;;0BAC+CA,GAAI,IAACK,KAAK;;;;;;;;;;;qDAAtDL,GAAI,IAACM,GAAG;;;;;;;;;;;UAArBV,UAA4E,CAAAC,MAAA,EAAAU,EAAA,EAAAR,MAAA;UAAxES,UAAoE,CAAAD,EAAA,EAAAE,CAAA;;;;;;;;mEAAfT,GAAI,IAACK,KAAK,QAAAK,YAAA,CAAAC,CAAA,EAAAC,OAAA;6EAAtDZ,GAAI,IAACM,GAAG;;;;;;;;;;;;;;;;;;;;;;;;;;;;;;;;;;;;;;;;;;yBAHtBN,GAAU,YAAAa,eAAA;;;;;;;;;;;;;;;;oBAHZ,4BAA0B;gCAACb,GAAO;oBAAC,SAAO;;;;;;;;;;;;;;;;;;;;;;;;;;;;;;;UAJ/CJ,UAkBK,CAAAC,MAAA,EAAAC,GAAA,EAAAC,MAAA;UAjBHS,UAA0B,CAAAV,GAAA,EAAAgB,EAAA;;UAE1BN,UAAgD,CAAAV,GAAA,EAAAiB,MAAA;;UAChDP,UAAgD,CAAAV,GAAA,EAAAkB,EAAA;;;;;UAEhDR,UAAqB,CAAAV,GAAA,EAAAmB,GAAA;;;;UAUrBT,UAAwB,CAAAV,GAAA,EAAAoB,GAAA;;UACxBV,UAA+C,CAAAV,GAAA,EAAAqB,EAAA;;kEAd7BnB,GAAY;;;;;;;;;;gEACAA,GAAO;;;;;;;;;;;;;;;;;;;;;;;;;;;;;;;;;;;;;;;;;;QArBjCoB,OAAM,GAAI,CAAC;QACTC,YAAW,YAAAA,CAAA;sBACfD,OAAM,IAAK,CAAC;;QAGVE,UAAS,GAAI,KAAK;;;QAOlBC,KAAK;;;;;;;;;;;;;;;;;;;;;;;;;;;;YALDC,MAAK,GAAIC,MAAM,CAACC,SAAS,CAAC,WAAW;wBAC3CJ,UAAS,GAAIE,MAAM,CAACG,KAAK;;;;sBAKvBJ,KAAI,GAAIK,eAAe,CAACC,IAAI,GAAGC,KAAK"},"sourceType":"module","externalDependencies":{},"hash":"bb912e8b3b544e1022eb6f8db0c530db4ab360fe"}
