{"metadata":{},"options":{"assumptions":{},"compact":false,"sourceMaps":true,"ast":true,"babelrc":false,"configFile":false,"parserOpts":{"sourceType":"module","sourceFileName":"/Users/matteodemicheli/Sites/meteor-boilerplate/packages/ejson/ejson.js","plugins":["*","flow","jsx","asyncGenerators","bigInt","classPrivateMethods","classPrivateProperties","classProperties","doExpressions","dynamicImport","exportDefaultFrom","exportExtensions","exportNamespaceFrom","functionBind","functionSent","importMeta","nullishCoalescingOperator","numericSeparator","objectRestSpread","optionalCatchBinding","optionalChaining",["pipelineOperator",{"proposal":"minimal"}],"throwExpressions","topLevelAwait","objectRestSpread","objectRestSpread","asyncGenerators","classProperties","classPrivateProperties","jsx","nullishCoalescingOperator","nullishCoalescingOperator","optionalChaining","optionalChaining","optionalCatchBinding","optionalCatchBinding","classProperties","classPrivateProperties","classPrivateMethods","classProperties","classPrivateProperties","asyncGenerators","asyncGenerators","objectRestSpread","objectRestSpread","logicalAssignment"],"allowImportExportEverywhere":true,"allowReturnOutsideFunction":true,"allowUndeclaredExports":true,"strictMode":false},"caller":{"name":"meteor","arch":"os.osx.arm64"},"sourceFileName":"packages/ejson/ejson.js","filename":"/Users/matteodemicheli/Sites/meteor-boilerplate/packages/ejson/ejson.js","targets":{},"cloneInputAst":true,"browserslistConfigFile":false,"passPerPreset":false,"envName":"development","cwd":"/Users/matteodemicheli/Sites/meteor-boilerplate","root":"/Users/matteodemicheli/Sites/meteor-boilerplate","rootMode":"root","plugins":[{"key":"base$0","visitor":{"_exploded":true,"_verified":true},"options":{},"externalDependencies":[]},{"key":"base$0$0","visitor":{"Program":{"enter":[null],"exit":[null]},"_exploded":true,"_verified":true},"options":{"avoidModernSyntax":false,"enforceStrictMode":false,"dynamicImport":true,"generateLetDeclarations":true,"topLevelAwait":true},"externalDependencies":[]},{"key":"transform-runtime","visitor":{"MemberExpression":{"enter":[null]},"ObjectPattern":{"enter":[null]},"BinaryExpression":{"enter":[null]},"Identifier":{"enter":[null]},"JSXIdentifier":{"enter":[null]},"_exploded":true,"_verified":true},"options":{"version":"7.17.2","helpers":true,"useESModules":false,"corejs":false},"externalDependencies":[]},{"key":"syntax-object-rest-spread","visitor":{"_exploded":true,"_verified":true},"options":{},"externalDependencies":[]},{"key":"proposal-object-rest-spread","visitor":{"VariableDeclarator":{"enter":[null]},"ExportNamedDeclaration":{"enter":[null]},"CatchClause":{"enter":[null]},"AssignmentExpression":{"enter":[null]},"ArrayPattern":{"enter":[null]},"ObjectExpression":{"enter":[null]},"FunctionDeclaration":{"enter":[null]},"FunctionExpression":{"enter":[null]},"ObjectMethod":{"enter":[null]},"ArrowFunctionExpression":{"enter":[null]},"ClassMethod":{"enter":[null]},"ClassPrivateMethod":{"enter":[null]},"ForInStatement":{"enter":[null]},"ForOfStatement":{"enter":[null]},"_exploded":true,"_verified":true},"options":{},"externalDependencies":[]},{"key":"proposal-async-generator-functions","visitor":{"Program":{"enter":[null]},"_exploded":true,"_verified":true},"options":{},"externalDependencies":[]},{"key":"proposal-class-properties","visitor":{"ExportDefaultDeclaration":{"enter":[null]},"_exploded":true,"_verified":true,"ClassExpression":{"enter":[null]},"ClassDeclaration":{"enter":[null]}},"options":{"loose":true},"externalDependencies":[]},{"key":"transform-react-jsx","visitor":{"JSXNamespacedName":{"enter":[null]},"JSXSpreadChild":{"enter":[null]},"Program":{"enter":[null]},"JSXFragment":{"exit":[null]},"JSXElement":{"exit":[null]},"JSXAttribute":{"enter":[null]},"_exploded":true,"_verified":true},"options":{"pragma":"React.createElement","pragmaFrag":"React.Fragment","runtime":"classic","throwIfNamespace":true,"useBuiltIns":false},"externalDependencies":[]},{"key":"transform-react-display-name","visitor":{"ExportDefaultDeclaration":{"enter":[null]},"CallExpression":{"enter":[null]},"_exploded":true,"_verified":true},"options":{},"externalDependencies":[]},{"key":"transform-react-pure-annotations","visitor":{"CallExpression":{"enter":[null]},"_exploded":true,"_verified":true},"options":{},"externalDependencies":[]},{"key":"syntax-nullish-coalescing-operator","visitor":{"_exploded":true,"_verified":true},"options":{},"externalDependencies":[]},{"key":"proposal-nullish-coalescing-operator","visitor":{"LogicalExpression":{"enter":[null]},"_exploded":true,"_verified":true},"options":{},"externalDependencies":[]},{"key":"syntax-optional-chaining","visitor":{"_exploded":true,"_verified":true},"options":{},"externalDependencies":[]},{"key":"proposal-optional-chaining","visitor":{"OptionalCallExpression":{"enter":[null]},"OptionalMemberExpression":{"enter":[null]},"_exploded":true,"_verified":true},"options":{},"externalDependencies":[]},{"key":"syntax-optional-catch-binding","visitor":{"_exploded":true,"_verified":true},"options":{},"externalDependencies":[]},{"key":"proposal-optional-catch-binding","visitor":{"CatchClause":{"enter":[null]},"_exploded":true,"_verified":true},"options":{},"externalDependencies":[]},{"key":"syntax-class-properties","visitor":{"_exploded":true,"_verified":true},"options":{},"externalDependencies":[]},{"key":"proposal-class-properties","visitor":{"ExportDefaultDeclaration":{"enter":[null]},"_exploded":true,"_verified":true,"ClassExpression":{"enter":[null]},"ClassDeclaration":{"enter":[null]}},"options":{},"externalDependencies":[]},{"key":"syntax-async-generators","visitor":{"_exploded":true,"_verified":true},"options":{},"externalDependencies":[]},{"key":"proposal-async-generator-functions","visitor":{"Program":{"enter":[null]},"_exploded":true,"_verified":true},"options":{},"externalDependencies":[]},{"key":"syntax-object-rest-spread","visitor":{"_exploded":true,"_verified":true},"options":{},"externalDependencies":[]},{"key":"proposal-object-rest-spread","visitor":{"VariableDeclarator":{"enter":[null]},"ExportNamedDeclaration":{"enter":[null]},"CatchClause":{"enter":[null]},"AssignmentExpression":{"enter":[null]},"ArrayPattern":{"enter":[null]},"ObjectExpression":{"enter":[null]},"FunctionDeclaration":{"enter":[null]},"FunctionExpression":{"enter":[null]},"ObjectMethod":{"enter":[null]},"ArrowFunctionExpression":{"enter":[null]},"ClassMethod":{"enter":[null]},"ClassPrivateMethod":{"enter":[null]},"ForInStatement":{"enter":[null]},"ForOfStatement":{"enter":[null]},"_exploded":true,"_verified":true},"options":{},"externalDependencies":[]},{"key":"proposal-logical-assignment-operators","visitor":{"AssignmentExpression":{"enter":[null]},"_exploded":true,"_verified":true},"options":{},"externalDependencies":[]},{"key":"transform-literals","visitor":{"NumericLiteral":{"enter":[null]},"StringLiteral":{"enter":[null]},"_exploded":true,"_verified":true},"options":{},"externalDependencies":[]},{"key":"transform-template-literals","visitor":{"TaggedTemplateExpression":{"enter":[null]},"TemplateLiteral":{"enter":[null]},"_exploded":true,"_verified":true},"options":{},"externalDependencies":[]},{"key":"transform-parameters","visitor":{"_exploded":true,"_verified":true,"FunctionDeclaration":{"enter":[null]},"FunctionExpression":{"enter":[null]},"ObjectMethod":{"enter":[null]},"ArrowFunctionExpression":{"enter":[null]},"ClassMethod":{"enter":[null]},"ClassPrivateMethod":{"enter":[null]}},"options":{},"externalDependencies":[]},{"key":"transform-exponentiation-operator","visitor":{"AssignmentExpression":{"enter":[null]},"BinaryExpression":{"enter":[null]},"_exploded":true,"_verified":true},"options":{},"externalDependencies":[]}],"presets":[],"generatorOpts":{"filename":"/Users/matteodemicheli/Sites/meteor-boilerplate/packages/ejson/ejson.js","comments":true,"compact":false,"sourceMaps":true,"sourceFileName":"packages/ejson/ejson.js"}},"code":"!module.wrapAsync(async function (module, __reifyWaitForDeps__, __reify_async_result__) {\n  \"use strict\";\n  try {\n    module.export({\n      EJSON: () => EJSON\n    });\n    let isFunction, isObject, keysOf, lengthOf, hasOwn, convertMapToObject, isArguments, isInfOrNaN, handleError;\n    module.link(\"./utils\", {\n      isFunction(v) {\n        isFunction = v;\n      },\n      isObject(v) {\n        isObject = v;\n      },\n      keysOf(v) {\n        keysOf = v;\n      },\n      lengthOf(v) {\n        lengthOf = v;\n      },\n      hasOwn(v) {\n        hasOwn = v;\n      },\n      convertMapToObject(v) {\n        convertMapToObject = v;\n      },\n      isArguments(v) {\n        isArguments = v;\n      },\n      isInfOrNaN(v) {\n        isInfOrNaN = v;\n      },\n      handleError(v) {\n        handleError = v;\n      }\n    }, 0);\n    if (__reifyWaitForDeps__()) (await __reifyWaitForDeps__())();\n    /**\n     * @namespace\n     * @summary Namespace for EJSON functions\n     */\n    const EJSON = {};\n\n    // Custom type interface definition\n    /**\n     * @class CustomType\n     * @instanceName customType\n     * @memberOf EJSON\n     * @summary The interface that a class must satisfy to be able to become an\n     * EJSON custom type via EJSON.addType.\n     */\n\n    /**\n     * @function typeName\n     * @memberOf EJSON.CustomType\n     * @summary Return the tag used to identify this type.  This must match the\n     *          tag used to register this type with\n     *          [`EJSON.addType`](#ejson_add_type).\n     * @locus Anywhere\n     * @instance\n     */\n\n    /**\n     * @function toJSONValue\n     * @memberOf EJSON.CustomType\n     * @summary Serialize this instance into a JSON-compatible value.\n     * @locus Anywhere\n     * @instance\n     */\n\n    /**\n     * @function clone\n     * @memberOf EJSON.CustomType\n     * @summary Return a value `r` such that `this.equals(r)` is true, and\n     *          modifications to `r` do not affect `this` and vice versa.\n     * @locus Anywhere\n     * @instance\n     */\n\n    /**\n     * @function equals\n     * @memberOf EJSON.CustomType\n     * @summary Return `true` if `other` has a value equal to `this`; `false`\n     *          otherwise.\n     * @locus Anywhere\n     * @param {Object} other Another object to compare this to.\n     * @instance\n     */\n\n    const customTypes = new Map();\n\n    // Add a custom type, using a method of your choice to get to and\n    // from a basic JSON-able representation.  The factory argument\n    // is a function of JSON-able --> your object\n    // The type you add must have:\n    // - A toJSONValue() method, so that Meteor can serialize it\n    // - a typeName() method, to show how to look it up in our type table.\n    // It is okay if these methods are monkey-patched on.\n    // EJSON.clone will use toJSONValue and the given factory to produce\n    // a clone, but you may specify a method clone() that will be\n    // used instead.\n    // Similarly, EJSON.equals will use toJSONValue to make comparisons,\n    // but you may provide a method equals() instead.\n    /**\n     * @summary Add a custom datatype to EJSON.\n     * @locus Anywhere\n     * @param {String} name A tag for your custom type; must be unique among\n     *                      custom data types defined in your project, and must\n     *                      match the result of your type's `typeName` method.\n     * @param {Function} factory A function that deserializes a JSON-compatible\n     *                           value into an instance of your type.  This should\n     *                           match the serialization performed by your\n     *                           type's `toJSONValue` method.\n     */\n    EJSON.addType = (name, factory) => {\n      if (customTypes.has(name)) {\n        throw new Error(\"Type \".concat(name, \" already present\"));\n      }\n      customTypes.set(name, factory);\n    };\n    const builtinConverters = [{\n      // Date\n      matchJSONValue(obj) {\n        return hasOwn(obj, '$date') && lengthOf(obj) === 1;\n      },\n      matchObject(obj) {\n        return obj instanceof Date;\n      },\n      toJSONValue(obj) {\n        return {\n          $date: obj.getTime()\n        };\n      },\n      fromJSONValue(obj) {\n        return new Date(obj.$date);\n      }\n    }, {\n      // RegExp\n      matchJSONValue(obj) {\n        return hasOwn(obj, '$regexp') && hasOwn(obj, '$flags') && lengthOf(obj) === 2;\n      },\n      matchObject(obj) {\n        return obj instanceof RegExp;\n      },\n      toJSONValue(regexp) {\n        return {\n          $regexp: regexp.source,\n          $flags: regexp.flags\n        };\n      },\n      fromJSONValue(obj) {\n        // Replaces duplicate / invalid flags.\n        return new RegExp(obj.$regexp, obj.$flags\n        // Cut off flags at 50 chars to avoid abusing RegExp for DOS.\n        .slice(0, 50).replace(/[^gimuy]/g, '').replace(/(.)(?=.*\\1)/g, ''));\n      }\n    }, {\n      // NaN, Inf, -Inf. (These are the only objects with typeof !== 'object'\n      // which we match.)\n      matchJSONValue(obj) {\n        return hasOwn(obj, '$InfNaN') && lengthOf(obj) === 1;\n      },\n      matchObject: isInfOrNaN,\n      toJSONValue(obj) {\n        let sign;\n        if (Number.isNaN(obj)) {\n          sign = 0;\n        } else if (obj === Infinity) {\n          sign = 1;\n        } else {\n          sign = -1;\n        }\n        return {\n          $InfNaN: sign\n        };\n      },\n      fromJSONValue(obj) {\n        return obj.$InfNaN / 0;\n      }\n    }, {\n      // Binary\n      matchJSONValue(obj) {\n        return hasOwn(obj, '$binary') && lengthOf(obj) === 1;\n      },\n      matchObject(obj) {\n        return typeof Uint8Array !== 'undefined' && obj instanceof Uint8Array || obj && hasOwn(obj, '$Uint8ArrayPolyfill');\n      },\n      toJSONValue(obj) {\n        return {\n          $binary: Base64.encode(obj)\n        };\n      },\n      fromJSONValue(obj) {\n        return Base64.decode(obj.$binary);\n      }\n    }, {\n      // Escaping one level\n      matchJSONValue(obj) {\n        return hasOwn(obj, '$escape') && lengthOf(obj) === 1;\n      },\n      matchObject(obj) {\n        let match = false;\n        if (obj) {\n          const keyCount = lengthOf(obj);\n          if (keyCount === 1 || keyCount === 2) {\n            match = builtinConverters.some(converter => converter.matchJSONValue(obj));\n          }\n        }\n        return match;\n      },\n      toJSONValue(obj) {\n        const newObj = {};\n        keysOf(obj).forEach(key => {\n          newObj[key] = EJSON.toJSONValue(obj[key]);\n        });\n        return {\n          $escape: newObj\n        };\n      },\n      fromJSONValue(obj) {\n        const newObj = {};\n        keysOf(obj.$escape).forEach(key => {\n          newObj[key] = EJSON.fromJSONValue(obj.$escape[key]);\n        });\n        return newObj;\n      }\n    }, {\n      // Custom\n      matchJSONValue(obj) {\n        return hasOwn(obj, '$type') && hasOwn(obj, '$value') && lengthOf(obj) === 2;\n      },\n      matchObject(obj) {\n        return EJSON._isCustomType(obj);\n      },\n      toJSONValue(obj) {\n        const jsonValue = Meteor._noYieldsAllowed(() => obj.toJSONValue());\n        return {\n          $type: obj.typeName(),\n          $value: jsonValue\n        };\n      },\n      fromJSONValue(obj) {\n        const typeName = obj.$type;\n        if (!customTypes.has(typeName)) {\n          throw new Error(\"Custom EJSON type \".concat(typeName, \" is not defined\"));\n        }\n        const converter = customTypes.get(typeName);\n        return Meteor._noYieldsAllowed(() => converter(obj.$value));\n      }\n    }];\n    EJSON._isCustomType = obj => obj && isFunction(obj.toJSONValue) && isFunction(obj.typeName) && customTypes.has(obj.typeName());\n    EJSON._getTypes = function () {\n      let isOriginal = arguments.length > 0 && arguments[0] !== undefined ? arguments[0] : false;\n      return isOriginal ? customTypes : convertMapToObject(customTypes);\n    };\n    EJSON._getConverters = () => builtinConverters;\n\n    // Either return the JSON-compatible version of the argument, or undefined (if\n    // the item isn't itself replaceable, but maybe some fields in it are)\n    const toJSONValueHelper = item => {\n      for (let i = 0; i < builtinConverters.length; i++) {\n        const converter = builtinConverters[i];\n        if (converter.matchObject(item)) {\n          return converter.toJSONValue(item);\n        }\n      }\n      return undefined;\n    };\n\n    // for both arrays and objects, in-place modification.\n    const adjustTypesToJSONValue = obj => {\n      // Is it an atom that we need to adjust?\n      if (obj === null) {\n        return null;\n      }\n      const maybeChanged = toJSONValueHelper(obj);\n      if (maybeChanged !== undefined) {\n        return maybeChanged;\n      }\n\n      // Other atoms are unchanged.\n      if (!isObject(obj)) {\n        return obj;\n      }\n\n      // Iterate over array or object structure.\n      keysOf(obj).forEach(key => {\n        const value = obj[key];\n        if (!isObject(value) && value !== undefined && !isInfOrNaN(value)) {\n          return; // continue\n        }\n        const changed = toJSONValueHelper(value);\n        if (changed) {\n          obj[key] = changed;\n          return; // on to the next key\n        }\n        // if we get here, value is an object but not adjustable\n        // at this level.  recurse.\n        adjustTypesToJSONValue(value);\n      });\n      return obj;\n    };\n    EJSON._adjustTypesToJSONValue = adjustTypesToJSONValue;\n\n    /**\n     * @summary Serialize an EJSON-compatible value into its plain JSON\n     *          representation.\n     * @locus Anywhere\n     * @param {EJSON} val A value to serialize to plain JSON.\n     */\n    EJSON.toJSONValue = item => {\n      const changed = toJSONValueHelper(item);\n      if (changed !== undefined) {\n        return changed;\n      }\n      let newItem = item;\n      if (isObject(item)) {\n        newItem = EJSON.clone(item);\n        adjustTypesToJSONValue(newItem);\n      }\n      return newItem;\n    };\n\n    // Either return the argument changed to have the non-json\n    // rep of itself (the Object version) or the argument itself.\n    // DOES NOT RECURSE.  For actually getting the fully-changed value, use\n    // EJSON.fromJSONValue\n    const fromJSONValueHelper = value => {\n      if (isObject(value) && value !== null) {\n        const keys = keysOf(value);\n        if (keys.length <= 2 && keys.every(k => typeof k === 'string' && k.substr(0, 1) === '$')) {\n          for (let i = 0; i < builtinConverters.length; i++) {\n            const converter = builtinConverters[i];\n            if (converter.matchJSONValue(value)) {\n              return converter.fromJSONValue(value);\n            }\n          }\n        }\n      }\n      return value;\n    };\n\n    // for both arrays and objects. Tries its best to just\n    // use the object you hand it, but may return something\n    // different if the object you hand it itself needs changing.\n    const adjustTypesFromJSONValue = obj => {\n      if (obj === null) {\n        return null;\n      }\n      const maybeChanged = fromJSONValueHelper(obj);\n      if (maybeChanged !== obj) {\n        return maybeChanged;\n      }\n\n      // Other atoms are unchanged.\n      if (!isObject(obj)) {\n        return obj;\n      }\n      keysOf(obj).forEach(key => {\n        const value = obj[key];\n        if (isObject(value)) {\n          const changed = fromJSONValueHelper(value);\n          if (value !== changed) {\n            obj[key] = changed;\n            return;\n          }\n          // if we get here, value is an object but not adjustable\n          // at this level.  recurse.\n          adjustTypesFromJSONValue(value);\n        }\n      });\n      return obj;\n    };\n    EJSON._adjustTypesFromJSONValue = adjustTypesFromJSONValue;\n\n    /**\n     * @summary Deserialize an EJSON value from its plain JSON representation.\n     * @locus Anywhere\n     * @param {JSONCompatible} val A value to deserialize into EJSON.\n     */\n    EJSON.fromJSONValue = item => {\n      let changed = fromJSONValueHelper(item);\n      if (changed === item && isObject(item)) {\n        changed = EJSON.clone(item);\n        adjustTypesFromJSONValue(changed);\n      }\n      return changed;\n    };\n\n    /**\n     * @summary Serialize a value to a string. For EJSON values, the serialization\n     *          fully represents the value. For non-EJSON values, serializes the\n     *          same way as `JSON.stringify`.\n     * @locus Anywhere\n     * @param {EJSON} val A value to stringify.\n     * @param {Object} [options]\n     * @param {Boolean | Integer | String} [options.indent] Indents objects and\n     * arrays for easy readability.  When `true`, indents by 2 spaces; when an\n     * integer, indents by that number of spaces; and when a string, uses the\n     * string as the indentation pattern.\n     * @param {Boolean} [options.canonical] When `true`, stringifies keys in an\n     *                                    object in sorted order.\n     */\n    EJSON.stringify = handleError((item, options) => {\n      let serialized;\n      const json = EJSON.toJSONValue(item);\n      if (options && (options.canonical || options.indent)) {\n        let canonicalStringify;\n        module.link(\"./stringify\", {\n          default(v) {\n            canonicalStringify = v;\n          }\n        }, 1);\n        serialized = canonicalStringify(json, options);\n      } else {\n        serialized = JSON.stringify(json);\n      }\n      return serialized;\n    });\n\n    /**\n     * @summary Parse a string into an EJSON value. Throws an error if the string\n     *          is not valid EJSON.\n     * @locus Anywhere\n     * @param {String} str A string to parse into an EJSON value.\n     */\n    EJSON.parse = item => {\n      if (typeof item !== 'string') {\n        throw new Error('EJSON.parse argument should be a string');\n      }\n      return EJSON.fromJSONValue(JSON.parse(item));\n    };\n\n    /**\n     * @summary Returns true if `x` is a buffer of binary data, as returned from\n     *          [`EJSON.newBinary`](#ejson_new_binary).\n     * @param {Object} x The variable to check.\n     * @locus Anywhere\n     */\n    EJSON.isBinary = obj => {\n      return !!(typeof Uint8Array !== 'undefined' && obj instanceof Uint8Array || obj && obj.$Uint8ArrayPolyfill);\n    };\n\n    /**\n     * @summary Return true if `a` and `b` are equal to each other.  Return false\n     *          otherwise.  Uses the `equals` method on `a` if present, otherwise\n     *          performs a deep comparison.\n     * @locus Anywhere\n     * @param {EJSON} a\n     * @param {EJSON} b\n     * @param {Object} [options]\n     * @param {Boolean} options.keyOrderSensitive Compare in key sensitive order,\n     * if supported by the JavaScript implementation.  For example, `{a: 1, b: 2}`\n     * is equal to `{b: 2, a: 1}` only when `keyOrderSensitive` is `false`.  The\n     * default is `false`.\n     */\n    EJSON.equals = (a, b, options) => {\n      let i;\n      const keyOrderSensitive = !!(options && options.keyOrderSensitive);\n      if (a === b) {\n        return true;\n      }\n\n      // This differs from the IEEE spec for NaN equality, b/c we don't want\n      // anything ever with a NaN to be poisoned from becoming equal to anything.\n      if (Number.isNaN(a) && Number.isNaN(b)) {\n        return true;\n      }\n\n      // if either one is falsy, they'd have to be === to be equal\n      if (!a || !b) {\n        return false;\n      }\n      if (!(isObject(a) && isObject(b))) {\n        return false;\n      }\n      if (a instanceof Date && b instanceof Date) {\n        return a.valueOf() === b.valueOf();\n      }\n      if (EJSON.isBinary(a) && EJSON.isBinary(b)) {\n        if (a.length !== b.length) {\n          return false;\n        }\n        for (i = 0; i < a.length; i++) {\n          if (a[i] !== b[i]) {\n            return false;\n          }\n        }\n        return true;\n      }\n      if (isFunction(a.equals)) {\n        return a.equals(b, options);\n      }\n      if (isFunction(b.equals)) {\n        return b.equals(a, options);\n      }\n\n      // Array.isArray works across iframes while instanceof won't\n      const aIsArray = Array.isArray(a);\n      const bIsArray = Array.isArray(b);\n\n      // if not both or none are array they are not equal\n      if (aIsArray !== bIsArray) {\n        return false;\n      }\n      if (aIsArray && bIsArray) {\n        if (a.length !== b.length) {\n          return false;\n        }\n        for (i = 0; i < a.length; i++) {\n          if (!EJSON.equals(a[i], b[i], options)) {\n            return false;\n          }\n        }\n        return true;\n      }\n\n      // fallback for custom types that don't implement their own equals\n      switch (EJSON._isCustomType(a) + EJSON._isCustomType(b)) {\n        case 1:\n          return false;\n        case 2:\n          return EJSON.equals(EJSON.toJSONValue(a), EJSON.toJSONValue(b));\n        default: // Do nothing\n      }\n\n      // fall back to structural equality of objects\n      let ret;\n      const aKeys = keysOf(a);\n      const bKeys = keysOf(b);\n      if (keyOrderSensitive) {\n        i = 0;\n        ret = aKeys.every(key => {\n          if (i >= bKeys.length) {\n            return false;\n          }\n          if (key !== bKeys[i]) {\n            return false;\n          }\n          if (!EJSON.equals(a[key], b[bKeys[i]], options)) {\n            return false;\n          }\n          i++;\n          return true;\n        });\n      } else {\n        i = 0;\n        ret = aKeys.every(key => {\n          if (!hasOwn(b, key)) {\n            return false;\n          }\n          if (!EJSON.equals(a[key], b[key], options)) {\n            return false;\n          }\n          i++;\n          return true;\n        });\n      }\n      return ret && i === bKeys.length;\n    };\n\n    /**\n     * @summary Return a deep copy of `val`.\n     * @locus Anywhere\n     * @param {EJSON} val A value to copy.\n     */\n    EJSON.clone = v => {\n      let ret;\n      if (!isObject(v)) {\n        return v;\n      }\n      if (v === null) {\n        return null; // null has typeof \"object\"\n      }\n      if (v instanceof Date) {\n        return new Date(v.getTime());\n      }\n\n      // RegExps are not really EJSON elements (eg we don't define a serialization\n      // for them), but they're immutable anyway, so we can support them in clone.\n      if (v instanceof RegExp) {\n        return v;\n      }\n      if (EJSON.isBinary(v)) {\n        ret = EJSON.newBinary(v.length);\n        for (let i = 0; i < v.length; i++) {\n          ret[i] = v[i];\n        }\n        return ret;\n      }\n      if (Array.isArray(v)) {\n        return v.map(EJSON.clone);\n      }\n      if (isArguments(v)) {\n        return Array.from(v).map(EJSON.clone);\n      }\n\n      // handle general user-defined typed Objects if they have a clone method\n      if (isFunction(v.clone)) {\n        return v.clone();\n      }\n\n      // handle other custom types\n      if (EJSON._isCustomType(v)) {\n        return EJSON.fromJSONValue(EJSON.clone(EJSON.toJSONValue(v)), true);\n      }\n\n      // handle other objects\n      ret = {};\n      keysOf(v).forEach(key => {\n        ret[key] = EJSON.clone(v[key]);\n      });\n      return ret;\n    };\n\n    /**\n     * @summary Allocate a new buffer of binary data that EJSON can serialize.\n     * @locus Anywhere\n     * @param {Number} size The number of bytes of binary data to allocate.\n     */\n    // EJSON.newBinary is the public documented API for this functionality,\n    // but the implementation is in the 'base64' package to avoid\n    // introducing a circular dependency. (If the implementation were here,\n    // then 'base64' would have to use EJSON.newBinary, and 'ejson' would\n    // also have to use 'base64'.)\n    EJSON.newBinary = Base64.newBinary;\n    __reify_async_result__();\n  } catch (_reifyError) {\n    return __reify_async_result__(_reifyError);\n  }\n  __reify_async_result__()\n}, {\n  self: this,\n  async: false\n});","map":{"version":3,"names":["module","export","EJSON","isFunction","isObject","keysOf","lengthOf","hasOwn","convertMapToObject","isArguments","isInfOrNaN","handleError","link","v","__reifyWaitForDeps__","customTypes","Map","addType","name","factory","has","Error","concat","set","builtinConverters","matchJSONValue","obj","matchObject","Date","toJSONValue","$date","getTime","fromJSONValue","RegExp","regexp","$regexp","source","$flags","flags","slice","replace","sign","Number","isNaN","Infinity","$InfNaN","Uint8Array","$binary","Base64","encode","decode","match","keyCount","some","converter","newObj","forEach","key","$escape","_isCustomType","jsonValue","Meteor","_noYieldsAllowed","$type","typeName","$value","get","_getTypes","isOriginal","arguments","length","undefined","_getConverters","toJSONValueHelper","item","i","adjustTypesToJSONValue","maybeChanged","value","changed","_adjustTypesToJSONValue","newItem","clone","fromJSONValueHelper","keys","every","k","substr","adjustTypesFromJSONValue","_adjustTypesFromJSONValue","stringify","options","serialized","json","canonical","indent","canonicalStringify","default","JSON","parse","isBinary","$Uint8ArrayPolyfill","equals","a","b","keyOrderSensitive","valueOf","aIsArray","Array","isArray","bIsArray","ret","aKeys","bKeys","newBinary","map","from","__reify_async_result__","_reifyError","self","async"],"sources":["packages/ejson/ejson.js"],"sourcesContent":["import {\n  isFunction,\n  isObject,\n  keysOf,\n  lengthOf,\n  hasOwn,\n  convertMapToObject,\n  isArguments,\n  isInfOrNaN,\n  handleError,\n} from './utils';\n\n/**\n * @namespace\n * @summary Namespace for EJSON functions\n */\nconst EJSON = {};\n\n// Custom type interface definition\n/**\n * @class CustomType\n * @instanceName customType\n * @memberOf EJSON\n * @summary The interface that a class must satisfy to be able to become an\n * EJSON custom type via EJSON.addType.\n */\n\n/**\n * @function typeName\n * @memberOf EJSON.CustomType\n * @summary Return the tag used to identify this type.  This must match the\n *          tag used to register this type with\n *          [`EJSON.addType`](#ejson_add_type).\n * @locus Anywhere\n * @instance\n */\n\n/**\n * @function toJSONValue\n * @memberOf EJSON.CustomType\n * @summary Serialize this instance into a JSON-compatible value.\n * @locus Anywhere\n * @instance\n */\n\n/**\n * @function clone\n * @memberOf EJSON.CustomType\n * @summary Return a value `r` such that `this.equals(r)` is true, and\n *          modifications to `r` do not affect `this` and vice versa.\n * @locus Anywhere\n * @instance\n */\n\n/**\n * @function equals\n * @memberOf EJSON.CustomType\n * @summary Return `true` if `other` has a value equal to `this`; `false`\n *          otherwise.\n * @locus Anywhere\n * @param {Object} other Another object to compare this to.\n * @instance\n */\n\nconst customTypes = new Map();\n\n// Add a custom type, using a method of your choice to get to and\n// from a basic JSON-able representation.  The factory argument\n// is a function of JSON-able --> your object\n// The type you add must have:\n// - A toJSONValue() method, so that Meteor can serialize it\n// - a typeName() method, to show how to look it up in our type table.\n// It is okay if these methods are monkey-patched on.\n// EJSON.clone will use toJSONValue and the given factory to produce\n// a clone, but you may specify a method clone() that will be\n// used instead.\n// Similarly, EJSON.equals will use toJSONValue to make comparisons,\n// but you may provide a method equals() instead.\n/**\n * @summary Add a custom datatype to EJSON.\n * @locus Anywhere\n * @param {String} name A tag for your custom type; must be unique among\n *                      custom data types defined in your project, and must\n *                      match the result of your type's `typeName` method.\n * @param {Function} factory A function that deserializes a JSON-compatible\n *                           value into an instance of your type.  This should\n *                           match the serialization performed by your\n *                           type's `toJSONValue` method.\n */\nEJSON.addType = (name, factory) => {\n  if (customTypes.has(name)) {\n    throw new Error(`Type ${name} already present`);\n  }\n  customTypes.set(name, factory);\n};\n\nconst builtinConverters = [\n  { // Date\n    matchJSONValue(obj) {\n      return hasOwn(obj, '$date') && lengthOf(obj) === 1;\n    },\n    matchObject(obj) {\n      return obj instanceof Date;\n    },\n    toJSONValue(obj) {\n      return {$date: obj.getTime()};\n    },\n    fromJSONValue(obj) {\n      return new Date(obj.$date);\n    },\n  },\n  { // RegExp\n    matchJSONValue(obj) {\n      return hasOwn(obj, '$regexp')\n        && hasOwn(obj, '$flags')\n        && lengthOf(obj) === 2;\n    },\n    matchObject(obj) {\n      return obj instanceof RegExp;\n    },\n    toJSONValue(regexp) {\n      return {\n        $regexp: regexp.source,\n        $flags: regexp.flags\n      };\n    },\n    fromJSONValue(obj) {\n      // Replaces duplicate / invalid flags.\n      return new RegExp(\n        obj.$regexp,\n        obj.$flags\n          // Cut off flags at 50 chars to avoid abusing RegExp for DOS.\n          .slice(0, 50)\n          .replace(/[^gimuy]/g,'')\n          .replace(/(.)(?=.*\\1)/g, '')\n      );\n    },\n  },\n  { // NaN, Inf, -Inf. (These are the only objects with typeof !== 'object'\n    // which we match.)\n    matchJSONValue(obj) {\n      return hasOwn(obj, '$InfNaN') && lengthOf(obj) === 1;\n    },\n    matchObject: isInfOrNaN,\n    toJSONValue(obj) {\n      let sign;\n      if (Number.isNaN(obj)) {\n        sign = 0;\n      } else if (obj === Infinity) {\n        sign = 1;\n      } else {\n        sign = -1;\n      }\n      return {$InfNaN: sign};\n    },\n    fromJSONValue(obj) {\n      return obj.$InfNaN / 0;\n    },\n  },\n  { // Binary\n    matchJSONValue(obj) {\n      return hasOwn(obj, '$binary') && lengthOf(obj) === 1;\n    },\n    matchObject(obj) {\n      return typeof Uint8Array !== 'undefined' && obj instanceof Uint8Array\n        || (obj && hasOwn(obj, '$Uint8ArrayPolyfill'));\n    },\n    toJSONValue(obj) {\n      return {$binary: Base64.encode(obj)};\n    },\n    fromJSONValue(obj) {\n      return Base64.decode(obj.$binary);\n    },\n  },\n  { // Escaping one level\n    matchJSONValue(obj) {\n      return hasOwn(obj, '$escape') && lengthOf(obj) === 1;\n    },\n    matchObject(obj) {\n      let match = false;\n      if (obj) {\n        const keyCount = lengthOf(obj);\n        if (keyCount === 1 || keyCount === 2) {\n          match =\n            builtinConverters.some(converter => converter.matchJSONValue(obj));\n        }\n      }\n      return match;\n    },\n    toJSONValue(obj) {\n      const newObj = {};\n      keysOf(obj).forEach(key => {\n        newObj[key] = EJSON.toJSONValue(obj[key]);\n      });\n      return {$escape: newObj};\n    },\n    fromJSONValue(obj) {\n      const newObj = {};\n      keysOf(obj.$escape).forEach(key => {\n        newObj[key] = EJSON.fromJSONValue(obj.$escape[key]);\n      });\n      return newObj;\n    },\n  },\n  { // Custom\n    matchJSONValue(obj) {\n      return hasOwn(obj, '$type')\n        && hasOwn(obj, '$value') && lengthOf(obj) === 2;\n    },\n    matchObject(obj) {\n      return EJSON._isCustomType(obj);\n    },\n    toJSONValue(obj) {\n      const jsonValue = Meteor._noYieldsAllowed(() => obj.toJSONValue());\n      return {$type: obj.typeName(), $value: jsonValue};\n    },\n    fromJSONValue(obj) {\n      const typeName = obj.$type;\n      if (!customTypes.has(typeName)) {\n        throw new Error(`Custom EJSON type ${typeName} is not defined`);\n      }\n      const converter = customTypes.get(typeName);\n      return Meteor._noYieldsAllowed(() => converter(obj.$value));\n    },\n  },\n];\n\nEJSON._isCustomType = (obj) => (\n  obj &&\n  isFunction(obj.toJSONValue) &&\n  isFunction(obj.typeName) &&\n  customTypes.has(obj.typeName())\n);\n\nEJSON._getTypes = (isOriginal = false) => (isOriginal ? customTypes : convertMapToObject(customTypes));\n\nEJSON._getConverters = () => builtinConverters;\n\n// Either return the JSON-compatible version of the argument, or undefined (if\n// the item isn't itself replaceable, but maybe some fields in it are)\nconst toJSONValueHelper = item => {\n  for (let i = 0; i < builtinConverters.length; i++) {\n    const converter = builtinConverters[i];\n    if (converter.matchObject(item)) {\n      return converter.toJSONValue(item);\n    }\n  }\n  return undefined;\n};\n\n// for both arrays and objects, in-place modification.\nconst adjustTypesToJSONValue = obj => {\n  // Is it an atom that we need to adjust?\n  if (obj === null) {\n    return null;\n  }\n\n  const maybeChanged = toJSONValueHelper(obj);\n  if (maybeChanged !== undefined) {\n    return maybeChanged;\n  }\n\n  // Other atoms are unchanged.\n  if (!isObject(obj)) {\n    return obj;\n  }\n\n  // Iterate over array or object structure.\n  keysOf(obj).forEach(key => {\n    const value = obj[key];\n    if (!isObject(value) && value !== undefined &&\n        !isInfOrNaN(value)) {\n      return; // continue\n    }\n\n    const changed = toJSONValueHelper(value);\n    if (changed) {\n      obj[key] = changed;\n      return; // on to the next key\n    }\n    // if we get here, value is an object but not adjustable\n    // at this level.  recurse.\n    adjustTypesToJSONValue(value);\n  });\n  return obj;\n};\n\nEJSON._adjustTypesToJSONValue = adjustTypesToJSONValue;\n\n/**\n * @summary Serialize an EJSON-compatible value into its plain JSON\n *          representation.\n * @locus Anywhere\n * @param {EJSON} val A value to serialize to plain JSON.\n */\nEJSON.toJSONValue = item => {\n  const changed = toJSONValueHelper(item);\n  if (changed !== undefined) {\n    return changed;\n  }\n\n  let newItem = item;\n  if (isObject(item)) {\n    newItem = EJSON.clone(item);\n    adjustTypesToJSONValue(newItem);\n  }\n  return newItem;\n};\n\n// Either return the argument changed to have the non-json\n// rep of itself (the Object version) or the argument itself.\n// DOES NOT RECURSE.  For actually getting the fully-changed value, use\n// EJSON.fromJSONValue\nconst fromJSONValueHelper = value => {\n  if (isObject(value) && value !== null) {\n    const keys = keysOf(value);\n    if (keys.length <= 2\n        && keys.every(k => typeof k === 'string' && k.substr(0, 1) === '$')) {\n      for (let i = 0; i < builtinConverters.length; i++) {\n        const converter = builtinConverters[i];\n        if (converter.matchJSONValue(value)) {\n          return converter.fromJSONValue(value);\n        }\n      }\n    }\n  }\n  return value;\n};\n\n// for both arrays and objects. Tries its best to just\n// use the object you hand it, but may return something\n// different if the object you hand it itself needs changing.\nconst adjustTypesFromJSONValue = obj => {\n  if (obj === null) {\n    return null;\n  }\n\n  const maybeChanged = fromJSONValueHelper(obj);\n  if (maybeChanged !== obj) {\n    return maybeChanged;\n  }\n\n  // Other atoms are unchanged.\n  if (!isObject(obj)) {\n    return obj;\n  }\n\n  keysOf(obj).forEach(key => {\n    const value = obj[key];\n    if (isObject(value)) {\n      const changed = fromJSONValueHelper(value);\n      if (value !== changed) {\n        obj[key] = changed;\n        return;\n      }\n      // if we get here, value is an object but not adjustable\n      // at this level.  recurse.\n      adjustTypesFromJSONValue(value);\n    }\n  });\n  return obj;\n};\n\nEJSON._adjustTypesFromJSONValue = adjustTypesFromJSONValue;\n\n/**\n * @summary Deserialize an EJSON value from its plain JSON representation.\n * @locus Anywhere\n * @param {JSONCompatible} val A value to deserialize into EJSON.\n */\nEJSON.fromJSONValue = item => {\n  let changed = fromJSONValueHelper(item);\n  if (changed === item && isObject(item)) {\n    changed = EJSON.clone(item);\n    adjustTypesFromJSONValue(changed);\n  }\n  return changed;\n};\n\n/**\n * @summary Serialize a value to a string. For EJSON values, the serialization\n *          fully represents the value. For non-EJSON values, serializes the\n *          same way as `JSON.stringify`.\n * @locus Anywhere\n * @param {EJSON} val A value to stringify.\n * @param {Object} [options]\n * @param {Boolean | Integer | String} [options.indent] Indents objects and\n * arrays for easy readability.  When `true`, indents by 2 spaces; when an\n * integer, indents by that number of spaces; and when a string, uses the\n * string as the indentation pattern.\n * @param {Boolean} [options.canonical] When `true`, stringifies keys in an\n *                                    object in sorted order.\n */\nEJSON.stringify = handleError((item, options) => {\n  let serialized;\n  const json = EJSON.toJSONValue(item);\n  if (options && (options.canonical || options.indent)) {\n    import canonicalStringify from './stringify';\n    serialized = canonicalStringify(json, options);\n  } else {\n    serialized = JSON.stringify(json);\n  }\n  return serialized;\n});\n\n/**\n * @summary Parse a string into an EJSON value. Throws an error if the string\n *          is not valid EJSON.\n * @locus Anywhere\n * @param {String} str A string to parse into an EJSON value.\n */\nEJSON.parse = item => {\n  if (typeof item !== 'string') {\n    throw new Error('EJSON.parse argument should be a string');\n  }\n  return EJSON.fromJSONValue(JSON.parse(item));\n};\n\n/**\n * @summary Returns true if `x` is a buffer of binary data, as returned from\n *          [`EJSON.newBinary`](#ejson_new_binary).\n * @param {Object} x The variable to check.\n * @locus Anywhere\n */\nEJSON.isBinary = obj => {\n  return !!((typeof Uint8Array !== 'undefined' && obj instanceof Uint8Array) ||\n    (obj && obj.$Uint8ArrayPolyfill));\n};\n\n/**\n * @summary Return true if `a` and `b` are equal to each other.  Return false\n *          otherwise.  Uses the `equals` method on `a` if present, otherwise\n *          performs a deep comparison.\n * @locus Anywhere\n * @param {EJSON} a\n * @param {EJSON} b\n * @param {Object} [options]\n * @param {Boolean} options.keyOrderSensitive Compare in key sensitive order,\n * if supported by the JavaScript implementation.  For example, `{a: 1, b: 2}`\n * is equal to `{b: 2, a: 1}` only when `keyOrderSensitive` is `false`.  The\n * default is `false`.\n */\nEJSON.equals = (a, b, options) => {\n  let i;\n  const keyOrderSensitive = !!(options && options.keyOrderSensitive);\n  if (a === b) {\n    return true;\n  }\n\n  // This differs from the IEEE spec for NaN equality, b/c we don't want\n  // anything ever with a NaN to be poisoned from becoming equal to anything.\n  if (Number.isNaN(a) && Number.isNaN(b)) {\n    return true;\n  }\n\n  // if either one is falsy, they'd have to be === to be equal\n  if (!a || !b) {\n    return false;\n  }\n\n  if (!(isObject(a) && isObject(b))) {\n    return false;\n  }\n\n  if (a instanceof Date && b instanceof Date) {\n    return a.valueOf() === b.valueOf();\n  }\n\n  if (EJSON.isBinary(a) && EJSON.isBinary(b)) {\n    if (a.length !== b.length) {\n      return false;\n    }\n    for (i = 0; i < a.length; i++) {\n      if (a[i] !== b[i]) {\n        return false;\n      }\n    }\n    return true;\n  }\n\n  if (isFunction(a.equals)) {\n    return a.equals(b, options);\n  }\n\n  if (isFunction(b.equals)) {\n    return b.equals(a, options);\n  }\n\n  // Array.isArray works across iframes while instanceof won't\n  const aIsArray = Array.isArray(a);\n  const bIsArray = Array.isArray(b);\n\n  // if not both or none are array they are not equal\n  if (aIsArray !== bIsArray) {\n    return false;\n  }\n\n  if (aIsArray && bIsArray) {\n    if (a.length !== b.length) {\n      return false;\n    }\n    for (i = 0; i < a.length; i++) {\n      if (!EJSON.equals(a[i], b[i], options)) {\n        return false;\n      }\n    }\n    return true;\n  }\n\n  // fallback for custom types that don't implement their own equals\n  switch (EJSON._isCustomType(a) + EJSON._isCustomType(b)) {\n    case 1: return false;\n    case 2: return EJSON.equals(EJSON.toJSONValue(a), EJSON.toJSONValue(b));\n    default: // Do nothing\n  }\n\n  // fall back to structural equality of objects\n  let ret;\n  const aKeys = keysOf(a);\n  const bKeys = keysOf(b);\n  if (keyOrderSensitive) {\n    i = 0;\n    ret = aKeys.every(key => {\n      if (i >= bKeys.length) {\n        return false;\n      }\n      if (key !== bKeys[i]) {\n        return false;\n      }\n      if (!EJSON.equals(a[key], b[bKeys[i]], options)) {\n        return false;\n      }\n      i++;\n      return true;\n    });\n  } else {\n    i = 0;\n    ret = aKeys.every(key => {\n      if (!hasOwn(b, key)) {\n        return false;\n      }\n      if (!EJSON.equals(a[key], b[key], options)) {\n        return false;\n      }\n      i++;\n      return true;\n    });\n  }\n  return ret && i === bKeys.length;\n};\n\n/**\n * @summary Return a deep copy of `val`.\n * @locus Anywhere\n * @param {EJSON} val A value to copy.\n */\nEJSON.clone = v => {\n  let ret;\n  if (!isObject(v)) {\n    return v;\n  }\n\n  if (v === null) {\n    return null; // null has typeof \"object\"\n  }\n\n  if (v instanceof Date) {\n    return new Date(v.getTime());\n  }\n\n  // RegExps are not really EJSON elements (eg we don't define a serialization\n  // for them), but they're immutable anyway, so we can support them in clone.\n  if (v instanceof RegExp) {\n    return v;\n  }\n\n  if (EJSON.isBinary(v)) {\n    ret = EJSON.newBinary(v.length);\n    for (let i = 0; i < v.length; i++) {\n      ret[i] = v[i];\n    }\n    return ret;\n  }\n\n  if (Array.isArray(v)) {\n    return v.map(EJSON.clone);\n  }\n\n  if (isArguments(v)) {\n    return Array.from(v).map(EJSON.clone);\n  }\n\n  // handle general user-defined typed Objects if they have a clone method\n  if (isFunction(v.clone)) {\n    return v.clone();\n  }\n\n  // handle other custom types\n  if (EJSON._isCustomType(v)) {\n    return EJSON.fromJSONValue(EJSON.clone(EJSON.toJSONValue(v)), true);\n  }\n\n  // handle other objects\n  ret = {};\n  keysOf(v).forEach((key) => {\n    ret[key] = EJSON.clone(v[key]);\n  });\n  return ret;\n};\n\n/**\n * @summary Allocate a new buffer of binary data that EJSON can serialize.\n * @locus Anywhere\n * @param {Number} size The number of bytes of binary data to allocate.\n */\n// EJSON.newBinary is the public documented API for this functionality,\n// but the implementation is in the 'base64' package to avoid\n// introducing a circular dependency. (If the implementation were here,\n// then 'base64' would have to use EJSON.newBinary, and 'ejson' would\n// also have to use 'base64'.)\nEJSON.newBinary = Base64.newBinary;\n\nexport { EJSON };\n"],"mappings":";;;IAAAA,MAAM,CAACC,MAAM,CAAC;MAACC,KAAK,EAACA,CAAA,KAAIA;IAAK,CAAC,CAAC;IAAC,IAAIC,UAAU,EAACC,QAAQ,EAACC,MAAM,EAACC,QAAQ,EAACC,MAAM,EAACC,kBAAkB,EAACC,WAAW,EAACC,UAAU,EAACC,WAAW;IAACX,MAAM,CAACY,IAAI,CAAC,SAAS,EAAC;MAACT,UAAUA,CAACU,CAAC,EAAC;QAACV,UAAU,GAACU,CAAC;MAAA,CAAC;MAACT,QAAQA,CAACS,CAAC,EAAC;QAACT,QAAQ,GAACS,CAAC;MAAA,CAAC;MAACR,MAAMA,CAACQ,CAAC,EAAC;QAACR,MAAM,GAACQ,CAAC;MAAA,CAAC;MAACP,QAAQA,CAACO,CAAC,EAAC;QAACP,QAAQ,GAACO,CAAC;MAAA,CAAC;MAACN,MAAMA,CAACM,CAAC,EAAC;QAACN,MAAM,GAACM,CAAC;MAAA,CAAC;MAACL,kBAAkBA,CAACK,CAAC,EAAC;QAACL,kBAAkB,GAACK,CAAC;MAAA,CAAC;MAACJ,WAAWA,CAACI,CAAC,EAAC;QAACJ,WAAW,GAACI,CAAC;MAAA,CAAC;MAACH,UAAUA,CAACG,CAAC,EAAC;QAACH,UAAU,GAACG,CAAC;MAAA,CAAC;MAACF,WAAWA,CAACE,CAAC,EAAC;QAACF,WAAW,GAACE,CAAC;MAAA;IAAC,CAAC,EAAC,CAAC,CAAC;IAAC,IAAIC,oBAAoB,CAAC,CAAC,EAAE,CAAC,MAAMA,oBAAoB,CAAC,CAAC,EAAE,CAAC;IAYrd;AACA;AACA;AACA;IACA,MAAMZ,KAAK,GAAG,CAAC,CAAC;;IAEhB;IACA;AACA;AACA;AACA;AACA;AACA;AACA;;IAEA;AACA;AACA;AACA;AACA;AACA;AACA;AACA;AACA;;IAEA;AACA;AACA;AACA;AACA;AACA;AACA;;IAEA;AACA;AACA;AACA;AACA;AACA;AACA;AACA;;IAEA;AACA;AACA;AACA;AACA;AACA;AACA;AACA;AACA;;IAEA,MAAMa,WAAW,GAAG,IAAIC,GAAG,CAAC,CAAC;;IAE7B;IACA;IACA;IACA;IACA;IACA;IACA;IACA;IACA;IACA;IACA;IACA;IACA;AACA;AACA;AACA;AACA;AACA;AACA;AACA;AACA;AACA;AACA;IACAd,KAAK,CAACe,OAAO,GAAG,CAACC,IAAI,EAAEC,OAAO,KAAK;MACjC,IAAIJ,WAAW,CAACK,GAAG,CAACF,IAAI,CAAC,EAAE;QACzB,MAAM,IAAIG,KAAK,SAAAC,MAAA,CAASJ,IAAI,qBAAkB,CAAC;MACjD;MACAH,WAAW,CAACQ,GAAG,CAACL,IAAI,EAAEC,OAAO,CAAC;IAChC,CAAC;IAED,MAAMK,iBAAiB,GAAG,CACxB;MAAE;MACAC,cAAcA,CAACC,GAAG,EAAE;QAClB,OAAOnB,MAAM,CAACmB,GAAG,EAAE,OAAO,CAAC,IAAIpB,QAAQ,CAACoB,GAAG,CAAC,KAAK,CAAC;MACpD,CAAC;MACDC,WAAWA,CAACD,GAAG,EAAE;QACf,OAAOA,GAAG,YAAYE,IAAI;MAC5B,CAAC;MACDC,WAAWA,CAACH,GAAG,EAAE;QACf,OAAO;UAACI,KAAK,EAAEJ,GAAG,CAACK,OAAO,CAAC;QAAC,CAAC;MAC/B,CAAC;MACDC,aAAaA,CAACN,GAAG,EAAE;QACjB,OAAO,IAAIE,IAAI,CAACF,GAAG,CAACI,KAAK,CAAC;MAC5B;IACF,CAAC,EACD;MAAE;MACAL,cAAcA,CAACC,GAAG,EAAE;QAClB,OAAOnB,MAAM,CAACmB,GAAG,EAAE,SAAS,CAAC,IACxBnB,MAAM,CAACmB,GAAG,EAAE,QAAQ,CAAC,IACrBpB,QAAQ,CAACoB,GAAG,CAAC,KAAK,CAAC;MAC1B,CAAC;MACDC,WAAWA,CAACD,GAAG,EAAE;QACf,OAAOA,GAAG,YAAYO,MAAM;MAC9B,CAAC;MACDJ,WAAWA,CAACK,MAAM,EAAE;QAClB,OAAO;UACLC,OAAO,EAAED,MAAM,CAACE,MAAM;UACtBC,MAAM,EAAEH,MAAM,CAACI;QACjB,CAAC;MACH,CAAC;MACDN,aAAaA,CAACN,GAAG,EAAE;QACjB;QACA,OAAO,IAAIO,MAAM,CACfP,GAAG,CAACS,OAAO,EACXT,GAAG,CAACW;QACF;QAAA,CACCE,KAAK,CAAC,CAAC,EAAE,EAAE,CAAC,CACZC,OAAO,CAAC,WAAW,EAAC,EAAE,CAAC,CACvBA,OAAO,CAAC,cAAc,EAAE,EAAE,CAC/B,CAAC;MACH;IACF,CAAC,EACD;MAAE;MACA;MACAf,cAAcA,CAACC,GAAG,EAAE;QAClB,OAAOnB,MAAM,CAACmB,GAAG,EAAE,SAAS,CAAC,IAAIpB,QAAQ,CAACoB,GAAG,CAAC,KAAK,CAAC;MACtD,CAAC;MACDC,WAAW,EAAEjB,UAAU;MACvBmB,WAAWA,CAACH,GAAG,EAAE;QACf,IAAIe,IAAI;QACR,IAAIC,MAAM,CAACC,KAAK,CAACjB,GAAG,CAAC,EAAE;UACrBe,IAAI,GAAG,CAAC;QACV,CAAC,MAAM,IAAIf,GAAG,KAAKkB,QAAQ,EAAE;UAC3BH,IAAI,GAAG,CAAC;QACV,CAAC,MAAM;UACLA,IAAI,GAAG,CAAC,CAAC;QACX;QACA,OAAO;UAACI,OAAO,EAAEJ;QAAI,CAAC;MACxB,CAAC;MACDT,aAAaA,CAACN,GAAG,EAAE;QACjB,OAAOA,GAAG,CAACmB,OAAO,GAAG,CAAC;MACxB;IACF,CAAC,EACD;MAAE;MACApB,cAAcA,CAACC,GAAG,EAAE;QAClB,OAAOnB,MAAM,CAACmB,GAAG,EAAE,SAAS,CAAC,IAAIpB,QAAQ,CAACoB,GAAG,CAAC,KAAK,CAAC;MACtD,CAAC;MACDC,WAAWA,CAACD,GAAG,EAAE;QACf,OAAO,OAAOoB,UAAU,KAAK,WAAW,IAAIpB,GAAG,YAAYoB,UAAU,IAC/DpB,GAAG,IAAInB,MAAM,CAACmB,GAAG,EAAE,qBAAqB,CAAE;MAClD,CAAC;MACDG,WAAWA,CAACH,GAAG,EAAE;QACf,OAAO;UAACqB,OAAO,EAAEC,MAAM,CAACC,MAAM,CAACvB,GAAG;QAAC,CAAC;MACtC,CAAC;MACDM,aAAaA,CAACN,GAAG,EAAE;QACjB,OAAOsB,MAAM,CAACE,MAAM,CAACxB,GAAG,CAACqB,OAAO,CAAC;MACnC;IACF,CAAC,EACD;MAAE;MACAtB,cAAcA,CAACC,GAAG,EAAE;QAClB,OAAOnB,MAAM,CAACmB,GAAG,EAAE,SAAS,CAAC,IAAIpB,QAAQ,CAACoB,GAAG,CAAC,KAAK,CAAC;MACtD,CAAC;MACDC,WAAWA,CAACD,GAAG,EAAE;QACf,IAAIyB,KAAK,GAAG,KAAK;QACjB,IAAIzB,GAAG,EAAE;UACP,MAAM0B,QAAQ,GAAG9C,QAAQ,CAACoB,GAAG,CAAC;UAC9B,IAAI0B,QAAQ,KAAK,CAAC,IAAIA,QAAQ,KAAK,CAAC,EAAE;YACpCD,KAAK,GACH3B,iBAAiB,CAAC6B,IAAI,CAACC,SAAS,IAAIA,SAAS,CAAC7B,cAAc,CAACC,GAAG,CAAC,CAAC;UACtE;QACF;QACA,OAAOyB,KAAK;MACd,CAAC;MACDtB,WAAWA,CAACH,GAAG,EAAE;QACf,MAAM6B,MAAM,GAAG,CAAC,CAAC;QACjBlD,MAAM,CAACqB,GAAG,CAAC,CAAC8B,OAAO,CAACC,GAAG,IAAI;UACzBF,MAAM,CAACE,GAAG,CAAC,GAAGvD,KAAK,CAAC2B,WAAW,CAACH,GAAG,CAAC+B,GAAG,CAAC,CAAC;QAC3C,CAAC,CAAC;QACF,OAAO;UAACC,OAAO,EAAEH;QAAM,CAAC;MAC1B,CAAC;MACDvB,aAAaA,CAACN,GAAG,EAAE;QACjB,MAAM6B,MAAM,GAAG,CAAC,CAAC;QACjBlD,MAAM,CAACqB,GAAG,CAACgC,OAAO,CAAC,CAACF,OAAO,CAACC,GAAG,IAAI;UACjCF,MAAM,CAACE,GAAG,CAAC,GAAGvD,KAAK,CAAC8B,aAAa,CAACN,GAAG,CAACgC,OAAO,CAACD,GAAG,CAAC,CAAC;QACrD,CAAC,CAAC;QACF,OAAOF,MAAM;MACf;IACF,CAAC,EACD;MAAE;MACA9B,cAAcA,CAACC,GAAG,EAAE;QAClB,OAAOnB,MAAM,CAACmB,GAAG,EAAE,OAAO,CAAC,IACtBnB,MAAM,CAACmB,GAAG,EAAE,QAAQ,CAAC,IAAIpB,QAAQ,CAACoB,GAAG,CAAC,KAAK,CAAC;MACnD,CAAC;MACDC,WAAWA,CAACD,GAAG,EAAE;QACf,OAAOxB,KAAK,CAACyD,aAAa,CAACjC,GAAG,CAAC;MACjC,CAAC;MACDG,WAAWA,CAACH,GAAG,EAAE;QACf,MAAMkC,SAAS,GAAGC,MAAM,CAACC,gBAAgB,CAAC,MAAMpC,GAAG,CAACG,WAAW,CAAC,CAAC,CAAC;QAClE,OAAO;UAACkC,KAAK,EAAErC,GAAG,CAACsC,QAAQ,CAAC,CAAC;UAAEC,MAAM,EAAEL;QAAS,CAAC;MACnD,CAAC;MACD5B,aAAaA,CAACN,GAAG,EAAE;QACjB,MAAMsC,QAAQ,GAAGtC,GAAG,CAACqC,KAAK;QAC1B,IAAI,CAAChD,WAAW,CAACK,GAAG,CAAC4C,QAAQ,CAAC,EAAE;UAC9B,MAAM,IAAI3C,KAAK,sBAAAC,MAAA,CAAsB0C,QAAQ,oBAAiB,CAAC;QACjE;QACA,MAAMV,SAAS,GAAGvC,WAAW,CAACmD,GAAG,CAACF,QAAQ,CAAC;QAC3C,OAAOH,MAAM,CAACC,gBAAgB,CAAC,MAAMR,SAAS,CAAC5B,GAAG,CAACuC,MAAM,CAAC,CAAC;MAC7D;IACF,CAAC,CACF;IAED/D,KAAK,CAACyD,aAAa,GAAIjC,GAAG,IACxBA,GAAG,IACHvB,UAAU,CAACuB,GAAG,CAACG,WAAW,CAAC,IAC3B1B,UAAU,CAACuB,GAAG,CAACsC,QAAQ,CAAC,IACxBjD,WAAW,CAACK,GAAG,CAACM,GAAG,CAACsC,QAAQ,CAAC,CAAC,CAC/B;IAED9D,KAAK,CAACiE,SAAS,GAAG;MAAA,IAACC,UAAU,GAAAC,SAAA,CAAAC,MAAA,QAAAD,SAAA,QAAAE,SAAA,GAAAF,SAAA,MAAG,KAAK;MAAA,OAAMD,UAAU,GAAGrD,WAAW,GAAGP,kBAAkB,CAACO,WAAW,CAAC;IAAA,CAAC;IAEtGb,KAAK,CAACsE,cAAc,GAAG,MAAMhD,iBAAiB;;IAE9C;IACA;IACA,MAAMiD,iBAAiB,GAAGC,IAAI,IAAI;MAChC,KAAK,IAAIC,CAAC,GAAG,CAAC,EAAEA,CAAC,GAAGnD,iBAAiB,CAAC8C,MAAM,EAAEK,CAAC,EAAE,EAAE;QACjD,MAAMrB,SAAS,GAAG9B,iBAAiB,CAACmD,CAAC,CAAC;QACtC,IAAIrB,SAAS,CAAC3B,WAAW,CAAC+C,IAAI,CAAC,EAAE;UAC/B,OAAOpB,SAAS,CAACzB,WAAW,CAAC6C,IAAI,CAAC;QACpC;MACF;MACA,OAAOH,SAAS;IAClB,CAAC;;IAED;IACA,MAAMK,sBAAsB,GAAGlD,GAAG,IAAI;MACpC;MACA,IAAIA,GAAG,KAAK,IAAI,EAAE;QAChB,OAAO,IAAI;MACb;MAEA,MAAMmD,YAAY,GAAGJ,iBAAiB,CAAC/C,GAAG,CAAC;MAC3C,IAAImD,YAAY,KAAKN,SAAS,EAAE;QAC9B,OAAOM,YAAY;MACrB;;MAEA;MACA,IAAI,CAACzE,QAAQ,CAACsB,GAAG,CAAC,EAAE;QAClB,OAAOA,GAAG;MACZ;;MAEA;MACArB,MAAM,CAACqB,GAAG,CAAC,CAAC8B,OAAO,CAACC,GAAG,IAAI;QACzB,MAAMqB,KAAK,GAAGpD,GAAG,CAAC+B,GAAG,CAAC;QACtB,IAAI,CAACrD,QAAQ,CAAC0E,KAAK,CAAC,IAAIA,KAAK,KAAKP,SAAS,IACvC,CAAC7D,UAAU,CAACoE,KAAK,CAAC,EAAE;UACtB,OAAO,CAAC;QACV;QAEA,MAAMC,OAAO,GAAGN,iBAAiB,CAACK,KAAK,CAAC;QACxC,IAAIC,OAAO,EAAE;UACXrD,GAAG,CAAC+B,GAAG,CAAC,GAAGsB,OAAO;UAClB,OAAO,CAAC;QACV;QACA;QACA;QACAH,sBAAsB,CAACE,KAAK,CAAC;MAC/B,CAAC,CAAC;MACF,OAAOpD,GAAG;IACZ,CAAC;IAEDxB,KAAK,CAAC8E,uBAAuB,GAAGJ,sBAAsB;;IAEtD;AACA;AACA;AACA;AACA;AACA;IACA1E,KAAK,CAAC2B,WAAW,GAAG6C,IAAI,IAAI;MAC1B,MAAMK,OAAO,GAAGN,iBAAiB,CAACC,IAAI,CAAC;MACvC,IAAIK,OAAO,KAAKR,SAAS,EAAE;QACzB,OAAOQ,OAAO;MAChB;MAEA,IAAIE,OAAO,GAAGP,IAAI;MAClB,IAAItE,QAAQ,CAACsE,IAAI,CAAC,EAAE;QAClBO,OAAO,GAAG/E,KAAK,CAACgF,KAAK,CAACR,IAAI,CAAC;QAC3BE,sBAAsB,CAACK,OAAO,CAAC;MACjC;MACA,OAAOA,OAAO;IAChB,CAAC;;IAED;IACA;IACA;IACA;IACA,MAAME,mBAAmB,GAAGL,KAAK,IAAI;MACnC,IAAI1E,QAAQ,CAAC0E,KAAK,CAAC,IAAIA,KAAK,KAAK,IAAI,EAAE;QACrC,MAAMM,IAAI,GAAG/E,MAAM,CAACyE,KAAK,CAAC;QAC1B,IAAIM,IAAI,CAACd,MAAM,IAAI,CAAC,IACbc,IAAI,CAACC,KAAK,CAACC,CAAC,IAAI,OAAOA,CAAC,KAAK,QAAQ,IAAIA,CAAC,CAACC,MAAM,CAAC,CAAC,EAAE,CAAC,CAAC,KAAK,GAAG,CAAC,EAAE;UACvE,KAAK,IAAIZ,CAAC,GAAG,CAAC,EAAEA,CAAC,GAAGnD,iBAAiB,CAAC8C,MAAM,EAAEK,CAAC,EAAE,EAAE;YACjD,MAAMrB,SAAS,GAAG9B,iBAAiB,CAACmD,CAAC,CAAC;YACtC,IAAIrB,SAAS,CAAC7B,cAAc,CAACqD,KAAK,CAAC,EAAE;cACnC,OAAOxB,SAAS,CAACtB,aAAa,CAAC8C,KAAK,CAAC;YACvC;UACF;QACF;MACF;MACA,OAAOA,KAAK;IACd,CAAC;;IAED;IACA;IACA;IACA,MAAMU,wBAAwB,GAAG9D,GAAG,IAAI;MACtC,IAAIA,GAAG,KAAK,IAAI,EAAE;QAChB,OAAO,IAAI;MACb;MAEA,MAAMmD,YAAY,GAAGM,mBAAmB,CAACzD,GAAG,CAAC;MAC7C,IAAImD,YAAY,KAAKnD,GAAG,EAAE;QACxB,OAAOmD,YAAY;MACrB;;MAEA;MACA,IAAI,CAACzE,QAAQ,CAACsB,GAAG,CAAC,EAAE;QAClB,OAAOA,GAAG;MACZ;MAEArB,MAAM,CAACqB,GAAG,CAAC,CAAC8B,OAAO,CAACC,GAAG,IAAI;QACzB,MAAMqB,KAAK,GAAGpD,GAAG,CAAC+B,GAAG,CAAC;QACtB,IAAIrD,QAAQ,CAAC0E,KAAK,CAAC,EAAE;UACnB,MAAMC,OAAO,GAAGI,mBAAmB,CAACL,KAAK,CAAC;UAC1C,IAAIA,KAAK,KAAKC,OAAO,EAAE;YACrBrD,GAAG,CAAC+B,GAAG,CAAC,GAAGsB,OAAO;YAClB;UACF;UACA;UACA;UACAS,wBAAwB,CAACV,KAAK,CAAC;QACjC;MACF,CAAC,CAAC;MACF,OAAOpD,GAAG;IACZ,CAAC;IAEDxB,KAAK,CAACuF,yBAAyB,GAAGD,wBAAwB;;IAE1D;AACA;AACA;AACA;AACA;IACAtF,KAAK,CAAC8B,aAAa,GAAG0C,IAAI,IAAI;MAC5B,IAAIK,OAAO,GAAGI,mBAAmB,CAACT,IAAI,CAAC;MACvC,IAAIK,OAAO,KAAKL,IAAI,IAAItE,QAAQ,CAACsE,IAAI,CAAC,EAAE;QACtCK,OAAO,GAAG7E,KAAK,CAACgF,KAAK,CAACR,IAAI,CAAC;QAC3Bc,wBAAwB,CAACT,OAAO,CAAC;MACnC;MACA,OAAOA,OAAO;IAChB,CAAC;;IAED;AACA;AACA;AACA;AACA;AACA;AACA;AACA;AACA;AACA;AACA;AACA;AACA;AACA;IACA7E,KAAK,CAACwF,SAAS,GAAG/E,WAAW,CAAC,CAAC+D,IAAI,EAAEiB,OAAO,KAAK;MAC/C,IAAIC,UAAU;MACd,MAAMC,IAAI,GAAG3F,KAAK,CAAC2B,WAAW,CAAC6C,IAAI,CAAC;MACpC,IAAIiB,OAAO,KAAKA,OAAO,CAACG,SAAS,IAAIH,OAAO,CAACI,MAAM,CAAC,EAAE;QA5YxD,IAAIC,kBAAkB;QAAChG,MAAM,CAACY,IAAI,CAAC,aAAa,EAAC;UAACqF,OAAOA,CAACpF,CAAC,EAAC;YAACmF,kBAAkB,GAACnF,CAAC;UAAA;QAAC,CAAC,EAAC,CAAC,CAAC;QA8YlF+E,UAAU,GAAGI,kBAAkB,CAACH,IAAI,EAAEF,OAAO,CAAC;MAChD,CAAC,MAAM;QACLC,UAAU,GAAGM,IAAI,CAACR,SAAS,CAACG,IAAI,CAAC;MACnC;MACA,OAAOD,UAAU;IACnB,CAAC,CAAC;;IAEF;AACA;AACA;AACA;AACA;AACA;IACA1F,KAAK,CAACiG,KAAK,GAAGzB,IAAI,IAAI;MACpB,IAAI,OAAOA,IAAI,KAAK,QAAQ,EAAE;QAC5B,MAAM,IAAIrD,KAAK,CAAC,yCAAyC,CAAC;MAC5D;MACA,OAAOnB,KAAK,CAAC8B,aAAa,CAACkE,IAAI,CAACC,KAAK,CAACzB,IAAI,CAAC,CAAC;IAC9C,CAAC;;IAED;AACA;AACA;AACA;AACA;AACA;IACAxE,KAAK,CAACkG,QAAQ,GAAG1E,GAAG,IAAI;MACtB,OAAO,CAAC,EAAG,OAAOoB,UAAU,KAAK,WAAW,IAAIpB,GAAG,YAAYoB,UAAU,IACtEpB,GAAG,IAAIA,GAAG,CAAC2E,mBAAoB,CAAC;IACrC,CAAC;;IAED;AACA;AACA;AACA;AACA;AACA;AACA;AACA;AACA;AACA;AACA;AACA;AACA;IACAnG,KAAK,CAACoG,MAAM,GAAG,CAACC,CAAC,EAAEC,CAAC,EAAEb,OAAO,KAAK;MAChC,IAAIhB,CAAC;MACL,MAAM8B,iBAAiB,GAAG,CAAC,EAAEd,OAAO,IAAIA,OAAO,CAACc,iBAAiB,CAAC;MAClE,IAAIF,CAAC,KAAKC,CAAC,EAAE;QACX,OAAO,IAAI;MACb;;MAEA;MACA;MACA,IAAI9D,MAAM,CAACC,KAAK,CAAC4D,CAAC,CAAC,IAAI7D,MAAM,CAACC,KAAK,CAAC6D,CAAC,CAAC,EAAE;QACtC,OAAO,IAAI;MACb;;MAEA;MACA,IAAI,CAACD,CAAC,IAAI,CAACC,CAAC,EAAE;QACZ,OAAO,KAAK;MACd;MAEA,IAAI,EAAEpG,QAAQ,CAACmG,CAAC,CAAC,IAAInG,QAAQ,CAACoG,CAAC,CAAC,CAAC,EAAE;QACjC,OAAO,KAAK;MACd;MAEA,IAAID,CAAC,YAAY3E,IAAI,IAAI4E,CAAC,YAAY5E,IAAI,EAAE;QAC1C,OAAO2E,CAAC,CAACG,OAAO,CAAC,CAAC,KAAKF,CAAC,CAACE,OAAO,CAAC,CAAC;MACpC;MAEA,IAAIxG,KAAK,CAACkG,QAAQ,CAACG,CAAC,CAAC,IAAIrG,KAAK,CAACkG,QAAQ,CAACI,CAAC,CAAC,EAAE;QAC1C,IAAID,CAAC,CAACjC,MAAM,KAAKkC,CAAC,CAAClC,MAAM,EAAE;UACzB,OAAO,KAAK;QACd;QACA,KAAKK,CAAC,GAAG,CAAC,EAAEA,CAAC,GAAG4B,CAAC,CAACjC,MAAM,EAAEK,CAAC,EAAE,EAAE;UAC7B,IAAI4B,CAAC,CAAC5B,CAAC,CAAC,KAAK6B,CAAC,CAAC7B,CAAC,CAAC,EAAE;YACjB,OAAO,KAAK;UACd;QACF;QACA,OAAO,IAAI;MACb;MAEA,IAAIxE,UAAU,CAACoG,CAAC,CAACD,MAAM,CAAC,EAAE;QACxB,OAAOC,CAAC,CAACD,MAAM,CAACE,CAAC,EAAEb,OAAO,CAAC;MAC7B;MAEA,IAAIxF,UAAU,CAACqG,CAAC,CAACF,MAAM,CAAC,EAAE;QACxB,OAAOE,CAAC,CAACF,MAAM,CAACC,CAAC,EAAEZ,OAAO,CAAC;MAC7B;;MAEA;MACA,MAAMgB,QAAQ,GAAGC,KAAK,CAACC,OAAO,CAACN,CAAC,CAAC;MACjC,MAAMO,QAAQ,GAAGF,KAAK,CAACC,OAAO,CAACL,CAAC,CAAC;;MAEjC;MACA,IAAIG,QAAQ,KAAKG,QAAQ,EAAE;QACzB,OAAO,KAAK;MACd;MAEA,IAAIH,QAAQ,IAAIG,QAAQ,EAAE;QACxB,IAAIP,CAAC,CAACjC,MAAM,KAAKkC,CAAC,CAAClC,MAAM,EAAE;UACzB,OAAO,KAAK;QACd;QACA,KAAKK,CAAC,GAAG,CAAC,EAAEA,CAAC,GAAG4B,CAAC,CAACjC,MAAM,EAAEK,CAAC,EAAE,EAAE;UAC7B,IAAI,CAACzE,KAAK,CAACoG,MAAM,CAACC,CAAC,CAAC5B,CAAC,CAAC,EAAE6B,CAAC,CAAC7B,CAAC,CAAC,EAAEgB,OAAO,CAAC,EAAE;YACtC,OAAO,KAAK;UACd;QACF;QACA,OAAO,IAAI;MACb;;MAEA;MACA,QAAQzF,KAAK,CAACyD,aAAa,CAAC4C,CAAC,CAAC,GAAGrG,KAAK,CAACyD,aAAa,CAAC6C,CAAC,CAAC;QACrD,KAAK,CAAC;UAAE,OAAO,KAAK;QACpB,KAAK,CAAC;UAAE,OAAOtG,KAAK,CAACoG,MAAM,CAACpG,KAAK,CAAC2B,WAAW,CAAC0E,CAAC,CAAC,EAAErG,KAAK,CAAC2B,WAAW,CAAC2E,CAAC,CAAC,CAAC;QACvE,QAAQ,CAAC;MACX;;MAEA;MACA,IAAIO,GAAG;MACP,MAAMC,KAAK,GAAG3G,MAAM,CAACkG,CAAC,CAAC;MACvB,MAAMU,KAAK,GAAG5G,MAAM,CAACmG,CAAC,CAAC;MACvB,IAAIC,iBAAiB,EAAE;QACrB9B,CAAC,GAAG,CAAC;QACLoC,GAAG,GAAGC,KAAK,CAAC3B,KAAK,CAAC5B,GAAG,IAAI;UACvB,IAAIkB,CAAC,IAAIsC,KAAK,CAAC3C,MAAM,EAAE;YACrB,OAAO,KAAK;UACd;UACA,IAAIb,GAAG,KAAKwD,KAAK,CAACtC,CAAC,CAAC,EAAE;YACpB,OAAO,KAAK;UACd;UACA,IAAI,CAACzE,KAAK,CAACoG,MAAM,CAACC,CAAC,CAAC9C,GAAG,CAAC,EAAE+C,CAAC,CAACS,KAAK,CAACtC,CAAC,CAAC,CAAC,EAAEgB,OAAO,CAAC,EAAE;YAC/C,OAAO,KAAK;UACd;UACAhB,CAAC,EAAE;UACH,OAAO,IAAI;QACb,CAAC,CAAC;MACJ,CAAC,MAAM;QACLA,CAAC,GAAG,CAAC;QACLoC,GAAG,GAAGC,KAAK,CAAC3B,KAAK,CAAC5B,GAAG,IAAI;UACvB,IAAI,CAAClD,MAAM,CAACiG,CAAC,EAAE/C,GAAG,CAAC,EAAE;YACnB,OAAO,KAAK;UACd;UACA,IAAI,CAACvD,KAAK,CAACoG,MAAM,CAACC,CAAC,CAAC9C,GAAG,CAAC,EAAE+C,CAAC,CAAC/C,GAAG,CAAC,EAAEkC,OAAO,CAAC,EAAE;YAC1C,OAAO,KAAK;UACd;UACAhB,CAAC,EAAE;UACH,OAAO,IAAI;QACb,CAAC,CAAC;MACJ;MACA,OAAOoC,GAAG,IAAIpC,CAAC,KAAKsC,KAAK,CAAC3C,MAAM;IAClC,CAAC;;IAED;AACA;AACA;AACA;AACA;IACApE,KAAK,CAACgF,KAAK,GAAGrE,CAAC,IAAI;MACjB,IAAIkG,GAAG;MACP,IAAI,CAAC3G,QAAQ,CAACS,CAAC,CAAC,EAAE;QAChB,OAAOA,CAAC;MACV;MAEA,IAAIA,CAAC,KAAK,IAAI,EAAE;QACd,OAAO,IAAI,CAAC,CAAC;MACf;MAEA,IAAIA,CAAC,YAAYe,IAAI,EAAE;QACrB,OAAO,IAAIA,IAAI,CAACf,CAAC,CAACkB,OAAO,CAAC,CAAC,CAAC;MAC9B;;MAEA;MACA;MACA,IAAIlB,CAAC,YAAYoB,MAAM,EAAE;QACvB,OAAOpB,CAAC;MACV;MAEA,IAAIX,KAAK,CAACkG,QAAQ,CAACvF,CAAC,CAAC,EAAE;QACrBkG,GAAG,GAAG7G,KAAK,CAACgH,SAAS,CAACrG,CAAC,CAACyD,MAAM,CAAC;QAC/B,KAAK,IAAIK,CAAC,GAAG,CAAC,EAAEA,CAAC,GAAG9D,CAAC,CAACyD,MAAM,EAAEK,CAAC,EAAE,EAAE;UACjCoC,GAAG,CAACpC,CAAC,CAAC,GAAG9D,CAAC,CAAC8D,CAAC,CAAC;QACf;QACA,OAAOoC,GAAG;MACZ;MAEA,IAAIH,KAAK,CAACC,OAAO,CAAChG,CAAC,CAAC,EAAE;QACpB,OAAOA,CAAC,CAACsG,GAAG,CAACjH,KAAK,CAACgF,KAAK,CAAC;MAC3B;MAEA,IAAIzE,WAAW,CAACI,CAAC,CAAC,EAAE;QAClB,OAAO+F,KAAK,CAACQ,IAAI,CAACvG,CAAC,CAAC,CAACsG,GAAG,CAACjH,KAAK,CAACgF,KAAK,CAAC;MACvC;;MAEA;MACA,IAAI/E,UAAU,CAACU,CAAC,CAACqE,KAAK,CAAC,EAAE;QACvB,OAAOrE,CAAC,CAACqE,KAAK,CAAC,CAAC;MAClB;;MAEA;MACA,IAAIhF,KAAK,CAACyD,aAAa,CAAC9C,CAAC,CAAC,EAAE;QAC1B,OAAOX,KAAK,CAAC8B,aAAa,CAAC9B,KAAK,CAACgF,KAAK,CAAChF,KAAK,CAAC2B,WAAW,CAAChB,CAAC,CAAC,CAAC,EAAE,IAAI,CAAC;MACrE;;MAEA;MACAkG,GAAG,GAAG,CAAC,CAAC;MACR1G,MAAM,CAACQ,CAAC,CAAC,CAAC2C,OAAO,CAAEC,GAAG,IAAK;QACzBsD,GAAG,CAACtD,GAAG,CAAC,GAAGvD,KAAK,CAACgF,KAAK,CAACrE,CAAC,CAAC4C,GAAG,CAAC,CAAC;MAChC,CAAC,CAAC;MACF,OAAOsD,GAAG;IACZ,CAAC;;IAED;AACA;AACA;AACA;AACA;IACA;IACA;IACA;IACA;IACA;IACA7G,KAAK,CAACgH,SAAS,GAAGlE,MAAM,CAACkE,SAAS;IAACG,sBAAA;EAAA,SAAAC,WAAA;IAAA,OAAAD,sBAAA,CAAAC,WAAA;EAAA;EAAAD,sBAAA;AAAA;EAAAE,IAAA;EAAAC,KAAA;AAAA","ignoreList":[]},"sourceType":"module","externalDependencies":{},"hash":"000638f6774ddb3cb035a636bccafc7b9b85a775"}
