{"metadata":{},"options":{"assumptions":{},"compact":false,"sourceMaps":true,"ast":true,"babelrc":false,"configFile":false,"parserOpts":{"sourceType":"module","sourceFileName":"/Users/matteodemicheli/Sites/meteor-boilerplate/packages/retry/retry.js","plugins":["*","flow","jsx","asyncGenerators","bigInt","classPrivateMethods","classPrivateProperties","classProperties","doExpressions","dynamicImport","exportDefaultFrom","exportExtensions","exportNamespaceFrom","functionBind","functionSent","importMeta","nullishCoalescingOperator","numericSeparator","objectRestSpread","optionalCatchBinding","optionalChaining",["pipelineOperator",{"proposal":"minimal"}],"throwExpressions","topLevelAwait","objectRestSpread","objectRestSpread","asyncGenerators","classProperties","classPrivateProperties","jsx","nullishCoalescingOperator","nullishCoalescingOperator","optionalChaining","optionalChaining","optionalCatchBinding","optionalCatchBinding","classProperties","classPrivateProperties","classPrivateMethods","classProperties","classPrivateProperties","asyncGenerators","asyncGenerators","objectRestSpread","objectRestSpread","logicalAssignment"],"allowImportExportEverywhere":true,"allowReturnOutsideFunction":true,"allowUndeclaredExports":true,"strictMode":false},"caller":{"name":"meteor","arch":"os.osx.arm64"},"sourceFileName":"packages/retry/retry.js","filename":"/Users/matteodemicheli/Sites/meteor-boilerplate/packages/retry/retry.js","targets":{},"cloneInputAst":true,"browserslistConfigFile":false,"passPerPreset":false,"envName":"development","cwd":"/Users/matteodemicheli/Sites/meteor-boilerplate","root":"/Users/matteodemicheli/Sites/meteor-boilerplate","rootMode":"root","plugins":[{"key":"base$0","visitor":{"_exploded":true,"_verified":true},"options":{},"externalDependencies":[]},{"key":"base$0$0","visitor":{"Program":{"enter":[null],"exit":[null]},"_exploded":true,"_verified":true},"options":{"avoidModernSyntax":false,"enforceStrictMode":false,"dynamicImport":true,"generateLetDeclarations":true,"topLevelAwait":true},"externalDependencies":[]},{"key":"transform-runtime","visitor":{"MemberExpression":{"enter":[null]},"ObjectPattern":{"enter":[null]},"BinaryExpression":{"enter":[null]},"Identifier":{"enter":[null]},"JSXIdentifier":{"enter":[null]},"_exploded":true,"_verified":true},"options":{"version":"7.17.2","helpers":true,"useESModules":false,"corejs":false},"externalDependencies":[]},{"key":"syntax-object-rest-spread","visitor":{"_exploded":true,"_verified":true},"options":{},"externalDependencies":[]},{"key":"proposal-object-rest-spread","visitor":{"VariableDeclarator":{"enter":[null]},"ExportNamedDeclaration":{"enter":[null]},"CatchClause":{"enter":[null]},"AssignmentExpression":{"enter":[null]},"ArrayPattern":{"enter":[null]},"ObjectExpression":{"enter":[null]},"FunctionDeclaration":{"enter":[null]},"FunctionExpression":{"enter":[null]},"ObjectMethod":{"enter":[null]},"ArrowFunctionExpression":{"enter":[null]},"ClassMethod":{"enter":[null]},"ClassPrivateMethod":{"enter":[null]},"ForInStatement":{"enter":[null]},"ForOfStatement":{"enter":[null]},"_exploded":true,"_verified":true},"options":{},"externalDependencies":[]},{"key":"proposal-async-generator-functions","visitor":{"Program":{"enter":[null]},"_exploded":true,"_verified":true},"options":{},"externalDependencies":[]},{"key":"proposal-class-properties","visitor":{"ExportDefaultDeclaration":{"enter":[null]},"_exploded":true,"_verified":true,"ClassExpression":{"enter":[null]},"ClassDeclaration":{"enter":[null]}},"options":{"loose":true},"externalDependencies":[]},{"key":"transform-react-jsx","visitor":{"JSXNamespacedName":{"enter":[null]},"JSXSpreadChild":{"enter":[null]},"Program":{"enter":[null]},"JSXFragment":{"exit":[null]},"JSXElement":{"exit":[null]},"JSXAttribute":{"enter":[null]},"_exploded":true,"_verified":true},"options":{"pragma":"React.createElement","pragmaFrag":"React.Fragment","runtime":"classic","throwIfNamespace":true,"useBuiltIns":false},"externalDependencies":[]},{"key":"transform-react-display-name","visitor":{"ExportDefaultDeclaration":{"enter":[null]},"CallExpression":{"enter":[null]},"_exploded":true,"_verified":true},"options":{},"externalDependencies":[]},{"key":"transform-react-pure-annotations","visitor":{"CallExpression":{"enter":[null]},"_exploded":true,"_verified":true},"options":{},"externalDependencies":[]},{"key":"syntax-nullish-coalescing-operator","visitor":{"_exploded":true,"_verified":true},"options":{},"externalDependencies":[]},{"key":"proposal-nullish-coalescing-operator","visitor":{"LogicalExpression":{"enter":[null]},"_exploded":true,"_verified":true},"options":{},"externalDependencies":[]},{"key":"syntax-optional-chaining","visitor":{"_exploded":true,"_verified":true},"options":{},"externalDependencies":[]},{"key":"proposal-optional-chaining","visitor":{"OptionalCallExpression":{"enter":[null]},"OptionalMemberExpression":{"enter":[null]},"_exploded":true,"_verified":true},"options":{},"externalDependencies":[]},{"key":"syntax-optional-catch-binding","visitor":{"_exploded":true,"_verified":true},"options":{},"externalDependencies":[]},{"key":"proposal-optional-catch-binding","visitor":{"CatchClause":{"enter":[null]},"_exploded":true,"_verified":true},"options":{},"externalDependencies":[]},{"key":"syntax-class-properties","visitor":{"_exploded":true,"_verified":true},"options":{},"externalDependencies":[]},{"key":"proposal-class-properties","visitor":{"ExportDefaultDeclaration":{"enter":[null]},"_exploded":true,"_verified":true,"ClassExpression":{"enter":[null]},"ClassDeclaration":{"enter":[null]}},"options":{},"externalDependencies":[]},{"key":"syntax-async-generators","visitor":{"_exploded":true,"_verified":true},"options":{},"externalDependencies":[]},{"key":"proposal-async-generator-functions","visitor":{"Program":{"enter":[null]},"_exploded":true,"_verified":true},"options":{},"externalDependencies":[]},{"key":"syntax-object-rest-spread","visitor":{"_exploded":true,"_verified":true},"options":{},"externalDependencies":[]},{"key":"proposal-object-rest-spread","visitor":{"VariableDeclarator":{"enter":[null]},"ExportNamedDeclaration":{"enter":[null]},"CatchClause":{"enter":[null]},"AssignmentExpression":{"enter":[null]},"ArrayPattern":{"enter":[null]},"ObjectExpression":{"enter":[null]},"FunctionDeclaration":{"enter":[null]},"FunctionExpression":{"enter":[null]},"ObjectMethod":{"enter":[null]},"ArrowFunctionExpression":{"enter":[null]},"ClassMethod":{"enter":[null]},"ClassPrivateMethod":{"enter":[null]},"ForInStatement":{"enter":[null]},"ForOfStatement":{"enter":[null]},"_exploded":true,"_verified":true},"options":{},"externalDependencies":[]},{"key":"proposal-logical-assignment-operators","visitor":{"AssignmentExpression":{"enter":[null]},"_exploded":true,"_verified":true},"options":{},"externalDependencies":[]},{"key":"transform-literals","visitor":{"NumericLiteral":{"enter":[null]},"StringLiteral":{"enter":[null]},"_exploded":true,"_verified":true},"options":{},"externalDependencies":[]},{"key":"transform-template-literals","visitor":{"TaggedTemplateExpression":{"enter":[null]},"TemplateLiteral":{"enter":[null]},"_exploded":true,"_verified":true},"options":{},"externalDependencies":[]},{"key":"transform-parameters","visitor":{"_exploded":true,"_verified":true,"FunctionDeclaration":{"enter":[null]},"FunctionExpression":{"enter":[null]},"ObjectMethod":{"enter":[null]},"ArrowFunctionExpression":{"enter":[null]},"ClassMethod":{"enter":[null]},"ClassPrivateMethod":{"enter":[null]}},"options":{},"externalDependencies":[]},{"key":"transform-exponentiation-operator","visitor":{"AssignmentExpression":{"enter":[null]},"BinaryExpression":{"enter":[null]},"_exploded":true,"_verified":true},"options":{},"externalDependencies":[]}],"presets":[],"generatorOpts":{"filename":"/Users/matteodemicheli/Sites/meteor-boilerplate/packages/retry/retry.js","comments":true,"compact":false,"sourceMaps":true,"sourceFileName":"packages/retry/retry.js"}},"code":"module.export({\n  Retry: () => Retry\n});\nclass Retry {\n  constructor() {\n    let {\n      baseTimeout = 1000,\n      exponent = 2.2,\n      // The default is high-ish to ensure a server can recover from a\n      // failure caused by load.\n      maxTimeout = 5 * 60 * 1000,\n      minTimeout = 10,\n      minCount = 2,\n      fuzz = 0.5\n    } = arguments.length > 0 && arguments[0] !== undefined ? arguments[0] : {};\n    this.baseTimeout = baseTimeout;\n    this.exponent = exponent;\n    this.maxTimeout = maxTimeout;\n    this.minTimeout = minTimeout;\n    this.minCount = minCount;\n    this.fuzz = fuzz;\n    this.retryTimer = null;\n  }\n\n  // Reset a pending retry, if any.\n  clear() {\n    if (this.retryTimer) {\n      clearTimeout(this.retryTimer);\n    }\n    this.retryTimer = null;\n  }\n\n  // Calculate how long to wait in milliseconds to retry, based on the\n  // `count` of which retry this is.\n  _timeout(count) {\n    if (count < this.minCount) {\n      return this.minTimeout;\n    }\n\n    // fuzz the timeout randomly, to avoid reconnect storms when a\n    // server goes down.\n    var timeout = Math.min(this.maxTimeout, this.baseTimeout * Math.pow(this.exponent, count)) * (Random.fraction() * this.fuzz + (1 - this.fuzz / 2));\n    return timeout;\n  }\n\n  // Call `fn` after a delay, based on the `count` of which retry this is.\n  retryLater(count, fn) {\n    var timeout = this._timeout(count);\n    if (this.retryTimer) clearTimeout(this.retryTimer);\n    this.retryTimer = Meteor.setTimeout(fn, timeout);\n    return timeout;\n  }\n}","map":{"version":3,"names":["module","export","Retry","constructor","baseTimeout","exponent","maxTimeout","minTimeout","minCount","fuzz","arguments","length","undefined","retryTimer","clear","clearTimeout","_timeout","count","timeout","Math","min","pow","Random","fraction","retryLater","fn","Meteor","setTimeout"],"sources":["packages/retry/retry.js"],"sourcesContent":["// Retry logic with an exponential backoff.\n//\n// options:\n//  baseTimeout: time for initial reconnect attempt (ms).\n//  exponent: exponential factor to increase timeout each attempt.\n//  maxTimeout: maximum time between retries (ms).\n//  minCount: how many times to reconnect \"instantly\".\n//  minTimeout: time to wait for the first `minCount` retries (ms).\n//  fuzz: factor to randomize retry times by (to avoid retry storms).\n\nexport class Retry {\n  constructor({\n    baseTimeout = 1000,\n    exponent = 2.2,\n    // The default is high-ish to ensure a server can recover from a\n    // failure caused by load.\n    maxTimeout = 5 * 60 * 1000,\n    minTimeout = 10,\n    minCount = 2,\n    fuzz = 0.5,\n  } = {}) {\n    this.baseTimeout = baseTimeout;\n    this.exponent = exponent;\n    this.maxTimeout = maxTimeout;\n    this.minTimeout = minTimeout;\n    this.minCount = minCount;\n    this.fuzz = fuzz;\n    this.retryTimer = null;\n  }\n\n  // Reset a pending retry, if any.\n  clear() {\n    if (this.retryTimer) {\n      clearTimeout(this.retryTimer);\n    }\n    this.retryTimer = null;\n  }\n\n  // Calculate how long to wait in milliseconds to retry, based on the\n  // `count` of which retry this is.\n  _timeout(count) {\n    if (count < this.minCount) {\n      return this.minTimeout;\n    }\n\n    // fuzz the timeout randomly, to avoid reconnect storms when a\n    // server goes down.\n    var timeout = Math.min(\n      this.maxTimeout,\n      this.baseTimeout * Math.pow(this.exponent, count)\n    ) * (\n      Random.fraction() * this.fuzz + (1 - this.fuzz / 2)\n    );\n\n    return timeout;\n  }\n\n  // Call `fn` after a delay, based on the `count` of which retry this is.\n  retryLater(count, fn) {\n    var timeout = this._timeout(count);\n    if (this.retryTimer)\n      clearTimeout(this.retryTimer);\n    this.retryTimer = Meteor.setTimeout(fn, timeout);\n    return timeout;\n  }\n}\n"],"mappings":"AAAAA,MAAM,CAACC,MAAM,CAAC;EAACC,KAAK,EAACA,CAAA,KAAIA;AAAK,CAAC,CAAC;AAUzB,MAAMA,KAAK,CAAC;EACjBC,WAAWA,CAAA,EASH;IAAA,IATI;MACVC,WAAW,GAAG,IAAI;MAClBC,QAAQ,GAAG,GAAG;MACd;MACA;MACAC,UAAU,GAAG,CAAC,GAAG,EAAE,GAAG,IAAI;MAC1BC,UAAU,GAAG,EAAE;MACfC,QAAQ,GAAG,CAAC;MACZC,IAAI,GAAG;IACT,CAAC,GAAAC,SAAA,CAAAC,MAAA,QAAAD,SAAA,QAAAE,SAAA,GAAAF,SAAA,MAAG,CAAC,CAAC;IACJ,IAAI,CAACN,WAAW,GAAGA,WAAW;IAC9B,IAAI,CAACC,QAAQ,GAAGA,QAAQ;IACxB,IAAI,CAACC,UAAU,GAAGA,UAAU;IAC5B,IAAI,CAACC,UAAU,GAAGA,UAAU;IAC5B,IAAI,CAACC,QAAQ,GAAGA,QAAQ;IACxB,IAAI,CAACC,IAAI,GAAGA,IAAI;IAChB,IAAI,CAACI,UAAU,GAAG,IAAI;EACxB;;EAEA;EACAC,KAAKA,CAAA,EAAG;IACN,IAAI,IAAI,CAACD,UAAU,EAAE;MACnBE,YAAY,CAAC,IAAI,CAACF,UAAU,CAAC;IAC/B;IACA,IAAI,CAACA,UAAU,GAAG,IAAI;EACxB;;EAEA;EACA;EACAG,QAAQA,CAACC,KAAK,EAAE;IACd,IAAIA,KAAK,GAAG,IAAI,CAACT,QAAQ,EAAE;MACzB,OAAO,IAAI,CAACD,UAAU;IACxB;;IAEA;IACA;IACA,IAAIW,OAAO,GAAGC,IAAI,CAACC,GAAG,CACpB,IAAI,CAACd,UAAU,EACf,IAAI,CAACF,WAAW,GAAGe,IAAI,CAACE,GAAG,CAAC,IAAI,CAAChB,QAAQ,EAAEY,KAAK,CAClD,CAAC,IACCK,MAAM,CAACC,QAAQ,CAAC,CAAC,GAAG,IAAI,CAACd,IAAI,IAAI,CAAC,GAAG,IAAI,CAACA,IAAI,GAAG,CAAC,CAAC,CACpD;IAED,OAAOS,OAAO;EAChB;;EAEA;EACAM,UAAUA,CAACP,KAAK,EAAEQ,EAAE,EAAE;IACpB,IAAIP,OAAO,GAAG,IAAI,CAACF,QAAQ,CAACC,KAAK,CAAC;IAClC,IAAI,IAAI,CAACJ,UAAU,EACjBE,YAAY,CAAC,IAAI,CAACF,UAAU,CAAC;IAC/B,IAAI,CAACA,UAAU,GAAGa,MAAM,CAACC,UAAU,CAACF,EAAE,EAAEP,OAAO,CAAC;IAChD,OAAOA,OAAO;EAChB;AACF","ignoreList":[]},"sourceType":"module","externalDependencies":{},"hash":"0df96a3cd8d80e805ba6db36c910f20fcb0de357"}
