{"metadata":{},"options":{"assumptions":{},"compact":false,"sourceMaps":true,"ast":true,"babelrc":false,"configFile":false,"parserOpts":{"sourceType":"module","sourceFileName":"/Users/matteodemicheli/Sites/meteor-boilerplate/packages/boilerplate-generator/generator.js","plugins":["*","flow","jsx","asyncGenerators","bigInt","classPrivateMethods","classPrivateProperties","classProperties","doExpressions","dynamicImport","exportDefaultFrom","exportExtensions","exportNamespaceFrom","functionBind","functionSent","importMeta","nullishCoalescingOperator","numericSeparator","objectRestSpread","optionalCatchBinding","optionalChaining",["pipelineOperator",{"proposal":"minimal"}],"throwExpressions","topLevelAwait","objectRestSpread","objectRestSpread","asyncGenerators","classProperties","classPrivateProperties","jsx","nullishCoalescingOperator","nullishCoalescingOperator","optionalChaining","optionalChaining","optionalCatchBinding","optionalCatchBinding","classProperties","classPrivateProperties","classPrivateMethods","classProperties","classPrivateProperties","asyncGenerators","asyncGenerators","objectRestSpread","objectRestSpread","logicalAssignment"],"allowImportExportEverywhere":true,"allowReturnOutsideFunction":true,"allowUndeclaredExports":true,"strictMode":false},"caller":{"name":"meteor","arch":"os.osx.arm64"},"sourceFileName":"packages/boilerplate-generator/generator.js","filename":"/Users/matteodemicheli/Sites/meteor-boilerplate/packages/boilerplate-generator/generator.js","targets":{},"cloneInputAst":true,"browserslistConfigFile":false,"passPerPreset":false,"envName":"development","cwd":"/Users/matteodemicheli/Sites/meteor-boilerplate","root":"/Users/matteodemicheli/Sites/meteor-boilerplate","rootMode":"root","plugins":[{"key":"base$0","visitor":{"_exploded":true,"_verified":true},"options":{},"externalDependencies":[]},{"key":"base$0$0","visitor":{"Program":{"enter":[null],"exit":[null]},"_exploded":true,"_verified":true},"options":{"avoidModernSyntax":false,"enforceStrictMode":false,"dynamicImport":true,"generateLetDeclarations":true,"topLevelAwait":true},"externalDependencies":[]},{"key":"transform-runtime","visitor":{"MemberExpression":{"enter":[null]},"ObjectPattern":{"enter":[null]},"BinaryExpression":{"enter":[null]},"Identifier":{"enter":[null]},"JSXIdentifier":{"enter":[null]},"_exploded":true,"_verified":true},"options":{"version":"7.17.2","helpers":true,"useESModules":false,"corejs":false},"externalDependencies":[]},{"key":"syntax-object-rest-spread","visitor":{"_exploded":true,"_verified":true},"options":{},"externalDependencies":[]},{"key":"proposal-object-rest-spread","visitor":{"VariableDeclarator":{"enter":[null]},"ExportNamedDeclaration":{"enter":[null]},"CatchClause":{"enter":[null]},"AssignmentExpression":{"enter":[null]},"ArrayPattern":{"enter":[null]},"ObjectExpression":{"enter":[null]},"FunctionDeclaration":{"enter":[null]},"FunctionExpression":{"enter":[null]},"ObjectMethod":{"enter":[null]},"ArrowFunctionExpression":{"enter":[null]},"ClassMethod":{"enter":[null]},"ClassPrivateMethod":{"enter":[null]},"ForInStatement":{"enter":[null]},"ForOfStatement":{"enter":[null]},"_exploded":true,"_verified":true},"options":{},"externalDependencies":[]},{"key":"proposal-async-generator-functions","visitor":{"Program":{"enter":[null]},"_exploded":true,"_verified":true},"options":{},"externalDependencies":[]},{"key":"proposal-class-properties","visitor":{"ExportDefaultDeclaration":{"enter":[null]},"_exploded":true,"_verified":true,"ClassExpression":{"enter":[null]},"ClassDeclaration":{"enter":[null]}},"options":{"loose":true},"externalDependencies":[]},{"key":"transform-react-jsx","visitor":{"JSXNamespacedName":{"enter":[null]},"JSXSpreadChild":{"enter":[null]},"Program":{"enter":[null]},"JSXFragment":{"exit":[null]},"JSXElement":{"exit":[null]},"JSXAttribute":{"enter":[null]},"_exploded":true,"_verified":true},"options":{"pragma":"React.createElement","pragmaFrag":"React.Fragment","runtime":"classic","throwIfNamespace":true,"useBuiltIns":false},"externalDependencies":[]},{"key":"transform-react-display-name","visitor":{"ExportDefaultDeclaration":{"enter":[null]},"CallExpression":{"enter":[null]},"_exploded":true,"_verified":true},"options":{},"externalDependencies":[]},{"key":"transform-react-pure-annotations","visitor":{"CallExpression":{"enter":[null]},"_exploded":true,"_verified":true},"options":{},"externalDependencies":[]},{"key":"syntax-nullish-coalescing-operator","visitor":{"_exploded":true,"_verified":true},"options":{},"externalDependencies":[]},{"key":"proposal-nullish-coalescing-operator","visitor":{"LogicalExpression":{"enter":[null]},"_exploded":true,"_verified":true},"options":{},"externalDependencies":[]},{"key":"syntax-optional-chaining","visitor":{"_exploded":true,"_verified":true},"options":{},"externalDependencies":[]},{"key":"proposal-optional-chaining","visitor":{"OptionalCallExpression":{"enter":[null]},"OptionalMemberExpression":{"enter":[null]},"_exploded":true,"_verified":true},"options":{},"externalDependencies":[]},{"key":"syntax-optional-catch-binding","visitor":{"_exploded":true,"_verified":true},"options":{},"externalDependencies":[]},{"key":"proposal-optional-catch-binding","visitor":{"CatchClause":{"enter":[null]},"_exploded":true,"_verified":true},"options":{},"externalDependencies":[]},{"key":"syntax-class-properties","visitor":{"_exploded":true,"_verified":true},"options":{},"externalDependencies":[]},{"key":"proposal-class-properties","visitor":{"ExportDefaultDeclaration":{"enter":[null]},"_exploded":true,"_verified":true,"ClassExpression":{"enter":[null]},"ClassDeclaration":{"enter":[null]}},"options":{},"externalDependencies":[]},{"key":"syntax-async-generators","visitor":{"_exploded":true,"_verified":true},"options":{},"externalDependencies":[]},{"key":"proposal-async-generator-functions","visitor":{"Program":{"enter":[null]},"_exploded":true,"_verified":true},"options":{},"externalDependencies":[]},{"key":"syntax-object-rest-spread","visitor":{"_exploded":true,"_verified":true},"options":{},"externalDependencies":[]},{"key":"proposal-object-rest-spread","visitor":{"VariableDeclarator":{"enter":[null]},"ExportNamedDeclaration":{"enter":[null]},"CatchClause":{"enter":[null]},"AssignmentExpression":{"enter":[null]},"ArrayPattern":{"enter":[null]},"ObjectExpression":{"enter":[null]},"FunctionDeclaration":{"enter":[null]},"FunctionExpression":{"enter":[null]},"ObjectMethod":{"enter":[null]},"ArrowFunctionExpression":{"enter":[null]},"ClassMethod":{"enter":[null]},"ClassPrivateMethod":{"enter":[null]},"ForInStatement":{"enter":[null]},"ForOfStatement":{"enter":[null]},"_exploded":true,"_verified":true},"options":{},"externalDependencies":[]},{"key":"proposal-logical-assignment-operators","visitor":{"AssignmentExpression":{"enter":[null]},"_exploded":true,"_verified":true},"options":{},"externalDependencies":[]},{"key":"transform-literals","visitor":{"NumericLiteral":{"enter":[null]},"StringLiteral":{"enter":[null]},"_exploded":true,"_verified":true},"options":{},"externalDependencies":[]},{"key":"transform-template-literals","visitor":{"TaggedTemplateExpression":{"enter":[null]},"TemplateLiteral":{"enter":[null]},"_exploded":true,"_verified":true},"options":{},"externalDependencies":[]},{"key":"transform-parameters","visitor":{"_exploded":true,"_verified":true,"FunctionDeclaration":{"enter":[null]},"FunctionExpression":{"enter":[null]},"ObjectMethod":{"enter":[null]},"ArrowFunctionExpression":{"enter":[null]},"ClassMethod":{"enter":[null]},"ClassPrivateMethod":{"enter":[null]}},"options":{},"externalDependencies":[]},{"key":"transform-exponentiation-operator","visitor":{"AssignmentExpression":{"enter":[null]},"BinaryExpression":{"enter":[null]},"_exploded":true,"_verified":true},"options":{},"externalDependencies":[]}],"presets":[],"generatorOpts":{"filename":"/Users/matteodemicheli/Sites/meteor-boilerplate/packages/boilerplate-generator/generator.js","comments":true,"compact":false,"sourceMaps":true,"sourceFileName":"packages/boilerplate-generator/generator.js"}},"code":"!module.wrapAsync(async function (module, __reifyWaitForDeps__, __reify_async_result__) {\n  \"use strict\";\n  try {\n    let _objectSpread;\n    module.link(\"@babel/runtime/helpers/objectSpread2\", {\n      default(v) {\n        _objectSpread = v;\n      }\n    }, 0);\n    module.export({\n      Boilerplate: () => Boilerplate\n    });\n    let readFileSync;\n    module.link(\"fs\", {\n      readFileSync(v) {\n        readFileSync = v;\n      }\n    }, 0);\n    let createStream;\n    module.link(\"combined-stream2\", {\n      create(v) {\n        createStream = v;\n      }\n    }, 1);\n    let WebBrowserTemplate;\n    module.link(\"./template-web.browser\", {\n      default(v) {\n        WebBrowserTemplate = v;\n      }\n    }, 2);\n    let WebCordovaTemplate;\n    module.link(\"./template-web.cordova\", {\n      default(v) {\n        WebCordovaTemplate = v;\n      }\n    }, 3);\n    if (__reifyWaitForDeps__()) (await __reifyWaitForDeps__())();\n    // Copied from webapp_server\n    const readUtf8FileSync = filename => readFileSync(filename, 'utf8');\n    const identity = value => value;\n    function appendToStream(chunk, stream) {\n      if (typeof chunk === \"string\") {\n        stream.append(Buffer.from(chunk, \"utf8\"));\n      } else if (Buffer.isBuffer(chunk) || typeof chunk.read === \"function\") {\n        stream.append(chunk);\n      }\n    }\n    class Boilerplate {\n      constructor(arch, manifest) {\n        let options = arguments.length > 2 && arguments[2] !== undefined ? arguments[2] : {};\n        const {\n          headTemplate,\n          closeTemplate\n        } = getTemplate(arch);\n        this.headTemplate = headTemplate;\n        this.closeTemplate = closeTemplate;\n        this.baseData = null;\n        this._generateBoilerplateFromManifest(manifest, options);\n      }\n      toHTML(extraData) {\n        throw new Error(\"The Boilerplate#toHTML method has been removed. \" + \"Please use Boilerplate#toHTMLStream instead.\");\n      }\n\n      // Returns a Promise that resolves to a string of HTML.\n      toHTMLAsync(extraData) {\n        return new Promise((resolve, reject) => {\n          const stream = this.toHTMLStream(extraData);\n          const chunks = [];\n          stream.on(\"data\", chunk => chunks.push(chunk));\n          stream.on(\"end\", () => {\n            resolve(Buffer.concat(chunks).toString(\"utf8\"));\n          });\n          stream.on(\"error\", reject);\n        });\n      }\n\n      // The 'extraData' argument can be used to extend 'self.baseData'. Its\n      // purpose is to allow you to specify data that you might not know at\n      // the time that you construct the Boilerplate object. (e.g. it is used\n      // by 'webapp' to specify data that is only known at request-time).\n      // this returns a stream\n      toHTMLStream(extraData) {\n        if (!this.baseData || !this.headTemplate || !this.closeTemplate) {\n          throw new Error('Boilerplate did not instantiate correctly.');\n        }\n        const data = _objectSpread(_objectSpread({}, this.baseData), extraData);\n        const start = \"<!DOCTYPE html>\\n\" + this.headTemplate(data);\n        const {\n          body,\n          dynamicBody\n        } = data;\n        const end = this.closeTemplate(data);\n        const response = createStream();\n        appendToStream(start, response);\n        if (body) {\n          appendToStream(body, response);\n        }\n        if (dynamicBody) {\n          appendToStream(dynamicBody, response);\n        }\n        appendToStream(end, response);\n        return response;\n      }\n\n      // XXX Exported to allow client-side only changes to rebuild the boilerplate\n      // without requiring a full server restart.\n      // Produces an HTML string with given manifest and boilerplateSource.\n      // Optionally takes urlMapper in case urls from manifest need to be prefixed\n      // or rewritten.\n      // Optionally takes pathMapper for resolving relative file system paths.\n      // Optionally allows to override fields of the data context.\n      _generateBoilerplateFromManifest(manifest) {\n        let {\n          urlMapper = identity,\n          pathMapper = identity,\n          baseDataExtension,\n          inline\n        } = arguments.length > 1 && arguments[1] !== undefined ? arguments[1] : {};\n        const boilerplateBaseData = _objectSpread({\n          css: [],\n          js: [],\n          head: '',\n          body: '',\n          meteorManifest: JSON.stringify(manifest)\n        }, baseDataExtension);\n        manifest.forEach(item => {\n          const urlPath = urlMapper(item.url);\n          const itemObj = {\n            url: urlPath\n          };\n          if (inline) {\n            itemObj.scriptContent = readUtf8FileSync(pathMapper(item.path));\n            itemObj.inline = true;\n          } else if (item.sri) {\n            itemObj.sri = item.sri;\n          }\n          if (item.type === 'css' && item.where === 'client') {\n            boilerplateBaseData.css.push(itemObj);\n          }\n          if (item.type === 'js' && item.where === 'client' &&\n          // Dynamic JS modules should not be loaded eagerly in the\n          // initial HTML of the app.\n          !item.path.startsWith('dynamic/')) {\n            boilerplateBaseData.js.push(itemObj);\n          }\n          if (item.type === 'head') {\n            boilerplateBaseData.head = readUtf8FileSync(pathMapper(item.path));\n          }\n          if (item.type === 'body') {\n            boilerplateBaseData.body = readUtf8FileSync(pathMapper(item.path));\n          }\n        });\n        this.baseData = boilerplateBaseData;\n      }\n    }\n    ;\n\n    // Returns a template function that, when called, produces the boilerplate\n    // html as a string.\n    function getTemplate(arch) {\n      const prefix = arch.split(\".\", 2).join(\".\");\n      if (prefix === \"web.browser\") {\n        return WebBrowserTemplate;\n      }\n      if (prefix === \"web.cordova\") {\n        return WebCordovaTemplate;\n      }\n      throw new Error(\"Unsupported arch: \" + arch);\n    }\n    __reify_async_result__();\n  } catch (_reifyError) {\n    return __reify_async_result__(_reifyError);\n  }\n  __reify_async_result__()\n}, {\n  self: this,\n  async: false\n});","map":{"version":3,"names":["_objectSpread","module","link","default","v","export","Boilerplate","readFileSync","createStream","create","WebBrowserTemplate","WebCordovaTemplate","__reifyWaitForDeps__","readUtf8FileSync","filename","identity","value","appendToStream","chunk","stream","append","Buffer","from","isBuffer","read","constructor","arch","manifest","options","arguments","length","undefined","headTemplate","closeTemplate","getTemplate","baseData","_generateBoilerplateFromManifest","toHTML","extraData","Error","toHTMLAsync","Promise","resolve","reject","toHTMLStream","chunks","on","push","concat","toString","data","start","body","dynamicBody","end","response","urlMapper","pathMapper","baseDataExtension","inline","boilerplateBaseData","css","js","head","meteorManifest","JSON","stringify","forEach","item","urlPath","url","itemObj","scriptContent","path","sri","type","where","startsWith","prefix","split","join","__reify_async_result__","_reifyError","self","async"],"sources":["packages/boilerplate-generator/generator.js"],"sourcesContent":["import {readFileSync} from 'fs';\nimport { create as createStream } from \"combined-stream2\";\n\nimport WebBrowserTemplate from './template-web.browser';\nimport WebCordovaTemplate from './template-web.cordova';\n\n// Copied from webapp_server\nconst readUtf8FileSync = filename => readFileSync(filename, 'utf8');\n\nconst identity = value => value;\n\nfunction appendToStream(chunk, stream) {\n  if (typeof chunk === \"string\") {\n    stream.append(Buffer.from(chunk, \"utf8\"));\n  } else if (Buffer.isBuffer(chunk) ||\n             typeof chunk.read === \"function\") {\n    stream.append(chunk);\n  }\n}\n\nexport class Boilerplate {\n  constructor(arch, manifest, options = {}) {\n    const { headTemplate, closeTemplate } = getTemplate(arch);\n    this.headTemplate = headTemplate;\n    this.closeTemplate = closeTemplate;\n    this.baseData = null;\n\n    this._generateBoilerplateFromManifest(\n      manifest,\n      options\n    );\n  }\n\n  toHTML(extraData) {\n    throw new Error(\n      \"The Boilerplate#toHTML method has been removed. \" +\n        \"Please use Boilerplate#toHTMLStream instead.\"\n    );\n  }\n\n  // Returns a Promise that resolves to a string of HTML.\n  toHTMLAsync(extraData) {\n    return new Promise((resolve, reject) => {\n      const stream = this.toHTMLStream(extraData);\n      const chunks = [];\n      stream.on(\"data\", chunk => chunks.push(chunk));\n      stream.on(\"end\", () => {\n        resolve(Buffer.concat(chunks).toString(\"utf8\"));\n      });\n      stream.on(\"error\", reject);\n    });\n  }\n\n  // The 'extraData' argument can be used to extend 'self.baseData'. Its\n  // purpose is to allow you to specify data that you might not know at\n  // the time that you construct the Boilerplate object. (e.g. it is used\n  // by 'webapp' to specify data that is only known at request-time).\n  // this returns a stream\n  toHTMLStream(extraData) {\n    if (!this.baseData || !this.headTemplate || !this.closeTemplate) {\n      throw new Error('Boilerplate did not instantiate correctly.');\n    }\n\n    const data = {...this.baseData, ...extraData};\n    const start = \"<!DOCTYPE html>\\n\" + this.headTemplate(data);\n\n    const { body, dynamicBody } = data;\n\n    const end = this.closeTemplate(data);\n    const response = createStream();\n\n    appendToStream(start, response);\n\n    if (body) {\n      appendToStream(body, response);\n    }\n\n    if (dynamicBody) {\n      appendToStream(dynamicBody, response);\n    }\n\n    appendToStream(end, response);\n\n    return response;\n  }\n\n  // XXX Exported to allow client-side only changes to rebuild the boilerplate\n  // without requiring a full server restart.\n  // Produces an HTML string with given manifest and boilerplateSource.\n  // Optionally takes urlMapper in case urls from manifest need to be prefixed\n  // or rewritten.\n  // Optionally takes pathMapper for resolving relative file system paths.\n  // Optionally allows to override fields of the data context.\n  _generateBoilerplateFromManifest(manifest, {\n    urlMapper = identity,\n    pathMapper = identity,\n    baseDataExtension,\n    inline,\n  } = {}) {\n\n    const boilerplateBaseData = {\n      css: [],\n      js: [],\n      head: '',\n      body: '',\n      meteorManifest: JSON.stringify(manifest),\n      ...baseDataExtension,\n    };\n\n    manifest.forEach(item => {\n      const urlPath = urlMapper(item.url);\n      const itemObj = { url: urlPath };\n\n      if (inline) {\n        itemObj.scriptContent = readUtf8FileSync(\n          pathMapper(item.path));\n        itemObj.inline = true;\n      } else if (item.sri) {\n        itemObj.sri = item.sri;\n      }\n\n      if (item.type === 'css' && item.where === 'client') {\n        boilerplateBaseData.css.push(itemObj);\n      }\n\n      if (item.type === 'js' && item.where === 'client' &&\n        // Dynamic JS modules should not be loaded eagerly in the\n        // initial HTML of the app.\n        !item.path.startsWith('dynamic/')) {\n        boilerplateBaseData.js.push(itemObj);\n      }\n\n      if (item.type === 'head') {\n        boilerplateBaseData.head =\n          readUtf8FileSync(pathMapper(item.path));\n      }\n\n      if (item.type === 'body') {\n        boilerplateBaseData.body =\n          readUtf8FileSync(pathMapper(item.path));\n      }\n    });\n\n    this.baseData = boilerplateBaseData;\n  }\n};\n\n// Returns a template function that, when called, produces the boilerplate\n// html as a string.\nfunction getTemplate(arch) {\n  const prefix = arch.split(\".\", 2).join(\".\");\n\n  if (prefix === \"web.browser\") {\n    return WebBrowserTemplate;\n  }\n\n  if (prefix === \"web.cordova\") {\n    return WebCordovaTemplate;\n  }\n\n  throw new Error(\"Unsupported arch: \" + arch);\n}\n"],"mappings":";;;IAAA,IAAIA,aAAa;IAACC,MAAM,CAACC,IAAI,CAAC,sCAAsC,EAAC;MAACC,OAAOA,CAACC,CAAC,EAAC;QAACJ,aAAa,GAACI,CAAC;MAAA;IAAC,CAAC,EAAC,CAAC,CAAC;IAArGH,MAAM,CAACI,MAAM,CAAC;MAACC,WAAW,EAACA,CAAA,KAAIA;IAAW,CAAC,CAAC;IAAC,IAAIC,YAAY;IAACN,MAAM,CAACC,IAAI,CAAC,IAAI,EAAC;MAACK,YAAYA,CAACH,CAAC,EAAC;QAACG,YAAY,GAACH,CAAC;MAAA;IAAC,CAAC,EAAC,CAAC,CAAC;IAAC,IAAII,YAAY;IAACP,MAAM,CAACC,IAAI,CAAC,kBAAkB,EAAC;MAACO,MAAMA,CAACL,CAAC,EAAC;QAACI,YAAY,GAACJ,CAAC;MAAA;IAAC,CAAC,EAAC,CAAC,CAAC;IAAC,IAAIM,kBAAkB;IAACT,MAAM,CAACC,IAAI,CAAC,wBAAwB,EAAC;MAACC,OAAOA,CAACC,CAAC,EAAC;QAACM,kBAAkB,GAACN,CAAC;MAAA;IAAC,CAAC,EAAC,CAAC,CAAC;IAAC,IAAIO,kBAAkB;IAACV,MAAM,CAACC,IAAI,CAAC,wBAAwB,EAAC;MAACC,OAAOA,CAACC,CAAC,EAAC;QAACO,kBAAkB,GAACP,CAAC;MAAA;IAAC,CAAC,EAAC,CAAC,CAAC;IAAC,IAAIQ,oBAAoB,CAAC,CAAC,EAAE,CAAC,MAAMA,oBAAoB,CAAC,CAAC,EAAE,CAAC;IAMnc;IACA,MAAMC,gBAAgB,GAAGC,QAAQ,IAAIP,YAAY,CAACO,QAAQ,EAAE,MAAM,CAAC;IAEnE,MAAMC,QAAQ,GAAGC,KAAK,IAAIA,KAAK;IAE/B,SAASC,cAAcA,CAACC,KAAK,EAAEC,MAAM,EAAE;MACrC,IAAI,OAAOD,KAAK,KAAK,QAAQ,EAAE;QAC7BC,MAAM,CAACC,MAAM,CAACC,MAAM,CAACC,IAAI,CAACJ,KAAK,EAAE,MAAM,CAAC,CAAC;MAC3C,CAAC,MAAM,IAAIG,MAAM,CAACE,QAAQ,CAACL,KAAK,CAAC,IACtB,OAAOA,KAAK,CAACM,IAAI,KAAK,UAAU,EAAE;QAC3CL,MAAM,CAACC,MAAM,CAACF,KAAK,CAAC;MACtB;IACF;IAEO,MAAMZ,WAAW,CAAC;MACvBmB,WAAWA,CAACC,IAAI,EAAEC,QAAQ,EAAgB;QAAA,IAAdC,OAAO,GAAAC,SAAA,CAAAC,MAAA,QAAAD,SAAA,QAAAE,SAAA,GAAAF,SAAA,MAAG,CAAC,CAAC;QACtC,MAAM;UAAEG,YAAY;UAAEC;QAAc,CAAC,GAAGC,WAAW,CAACR,IAAI,CAAC;QACzD,IAAI,CAACM,YAAY,GAAGA,YAAY;QAChC,IAAI,CAACC,aAAa,GAAGA,aAAa;QAClC,IAAI,CAACE,QAAQ,GAAG,IAAI;QAEpB,IAAI,CAACC,gCAAgC,CACnCT,QAAQ,EACRC,OACF,CAAC;MACH;MAEAS,MAAMA,CAACC,SAAS,EAAE;QAChB,MAAM,IAAIC,KAAK,CACb,kDAAkD,GAChD,8CACJ,CAAC;MACH;;MAEA;MACAC,WAAWA,CAACF,SAAS,EAAE;QACrB,OAAO,IAAIG,OAAO,CAAC,CAACC,OAAO,EAAEC,MAAM,KAAK;UACtC,MAAMxB,MAAM,GAAG,IAAI,CAACyB,YAAY,CAACN,SAAS,CAAC;UAC3C,MAAMO,MAAM,GAAG,EAAE;UACjB1B,MAAM,CAAC2B,EAAE,CAAC,MAAM,EAAE5B,KAAK,IAAI2B,MAAM,CAACE,IAAI,CAAC7B,KAAK,CAAC,CAAC;UAC9CC,MAAM,CAAC2B,EAAE,CAAC,KAAK,EAAE,MAAM;YACrBJ,OAAO,CAACrB,MAAM,CAAC2B,MAAM,CAACH,MAAM,CAAC,CAACI,QAAQ,CAAC,MAAM,CAAC,CAAC;UACjD,CAAC,CAAC;UACF9B,MAAM,CAAC2B,EAAE,CAAC,OAAO,EAAEH,MAAM,CAAC;QAC5B,CAAC,CAAC;MACJ;;MAEA;MACA;MACA;MACA;MACA;MACAC,YAAYA,CAACN,SAAS,EAAE;QACtB,IAAI,CAAC,IAAI,CAACH,QAAQ,IAAI,CAAC,IAAI,CAACH,YAAY,IAAI,CAAC,IAAI,CAACC,aAAa,EAAE;UAC/D,MAAM,IAAIM,KAAK,CAAC,4CAA4C,CAAC;QAC/D;QAEA,MAAMW,IAAI,GAAAlD,aAAA,CAAAA,aAAA,KAAO,IAAI,CAACmC,QAAQ,GAAKG,SAAS,CAAC;QAC7C,MAAMa,KAAK,GAAG,mBAAmB,GAAG,IAAI,CAACnB,YAAY,CAACkB,IAAI,CAAC;QAE3D,MAAM;UAAEE,IAAI;UAAEC;QAAY,CAAC,GAAGH,IAAI;QAElC,MAAMI,GAAG,GAAG,IAAI,CAACrB,aAAa,CAACiB,IAAI,CAAC;QACpC,MAAMK,QAAQ,GAAG/C,YAAY,CAAC,CAAC;QAE/BS,cAAc,CAACkC,KAAK,EAAEI,QAAQ,CAAC;QAE/B,IAAIH,IAAI,EAAE;UACRnC,cAAc,CAACmC,IAAI,EAAEG,QAAQ,CAAC;QAChC;QAEA,IAAIF,WAAW,EAAE;UACfpC,cAAc,CAACoC,WAAW,EAAEE,QAAQ,CAAC;QACvC;QAEAtC,cAAc,CAACqC,GAAG,EAAEC,QAAQ,CAAC;QAE7B,OAAOA,QAAQ;MACjB;;MAEA;MACA;MACA;MACA;MACA;MACA;MACA;MACAnB,gCAAgCA,CAACT,QAAQ,EAKjC;QAAA,IALmC;UACzC6B,SAAS,GAAGzC,QAAQ;UACpB0C,UAAU,GAAG1C,QAAQ;UACrB2C,iBAAiB;UACjBC;QACF,CAAC,GAAA9B,SAAA,CAAAC,MAAA,QAAAD,SAAA,QAAAE,SAAA,GAAAF,SAAA,MAAG,CAAC,CAAC;QAEJ,MAAM+B,mBAAmB,GAAA5D,aAAA;UACvB6D,GAAG,EAAE,EAAE;UACPC,EAAE,EAAE,EAAE;UACNC,IAAI,EAAE,EAAE;UACRX,IAAI,EAAE,EAAE;UACRY,cAAc,EAAEC,IAAI,CAACC,SAAS,CAACvC,QAAQ;QAAC,GACrC+B,iBAAiB,CACrB;QAED/B,QAAQ,CAACwC,OAAO,CAACC,IAAI,IAAI;UACvB,MAAMC,OAAO,GAAGb,SAAS,CAACY,IAAI,CAACE,GAAG,CAAC;UACnC,MAAMC,OAAO,GAAG;YAAED,GAAG,EAAED;UAAQ,CAAC;UAEhC,IAAIV,MAAM,EAAE;YACVY,OAAO,CAACC,aAAa,GAAG3D,gBAAgB,CACtC4C,UAAU,CAACW,IAAI,CAACK,IAAI,CAAC,CAAC;YACxBF,OAAO,CAACZ,MAAM,GAAG,IAAI;UACvB,CAAC,MAAM,IAAIS,IAAI,CAACM,GAAG,EAAE;YACnBH,OAAO,CAACG,GAAG,GAAGN,IAAI,CAACM,GAAG;UACxB;UAEA,IAAIN,IAAI,CAACO,IAAI,KAAK,KAAK,IAAIP,IAAI,CAACQ,KAAK,KAAK,QAAQ,EAAE;YAClDhB,mBAAmB,CAACC,GAAG,CAACd,IAAI,CAACwB,OAAO,CAAC;UACvC;UAEA,IAAIH,IAAI,CAACO,IAAI,KAAK,IAAI,IAAIP,IAAI,CAACQ,KAAK,KAAK,QAAQ;UAC/C;UACA;UACA,CAACR,IAAI,CAACK,IAAI,CAACI,UAAU,CAAC,UAAU,CAAC,EAAE;YACnCjB,mBAAmB,CAACE,EAAE,CAACf,IAAI,CAACwB,OAAO,CAAC;UACtC;UAEA,IAAIH,IAAI,CAACO,IAAI,KAAK,MAAM,EAAE;YACxBf,mBAAmB,CAACG,IAAI,GACtBlD,gBAAgB,CAAC4C,UAAU,CAACW,IAAI,CAACK,IAAI,CAAC,CAAC;UAC3C;UAEA,IAAIL,IAAI,CAACO,IAAI,KAAK,MAAM,EAAE;YACxBf,mBAAmB,CAACR,IAAI,GACtBvC,gBAAgB,CAAC4C,UAAU,CAACW,IAAI,CAACK,IAAI,CAAC,CAAC;UAC3C;QACF,CAAC,CAAC;QAEF,IAAI,CAACtC,QAAQ,GAAGyB,mBAAmB;MACrC;IACF;IAAC;;IAED;IACA;IACA,SAAS1B,WAAWA,CAACR,IAAI,EAAE;MACzB,MAAMoD,MAAM,GAAGpD,IAAI,CAACqD,KAAK,CAAC,GAAG,EAAE,CAAC,CAAC,CAACC,IAAI,CAAC,GAAG,CAAC;MAE3C,IAAIF,MAAM,KAAK,aAAa,EAAE;QAC5B,OAAOpE,kBAAkB;MAC3B;MAEA,IAAIoE,MAAM,KAAK,aAAa,EAAE;QAC5B,OAAOnE,kBAAkB;MAC3B;MAEA,MAAM,IAAI4B,KAAK,CAAC,oBAAoB,GAAGb,IAAI,CAAC;IAC9C;IAACuD,sBAAA;EAAA,SAAAC,WAAA;IAAA,OAAAD,sBAAA,CAAAC,WAAA;EAAA;EAAAD,sBAAA;AAAA;EAAAE,IAAA;EAAAC,KAAA;AAAA","ignoreList":[]},"sourceType":"module","externalDependencies":{},"hash":"15c5763d4a28fff43a7e99634d6d30ff5da4e2d7"}
