{"metadata":{},"options":{"assumptions":{},"compact":false,"sourceMaps":true,"ast":true,"babelrc":false,"configFile":false,"parserOpts":{"sourceType":"module","sourceFileName":"/Users/matteodemicheli/Sites/meteor-boilerplate/server/main.js","plugins":["*","flow","jsx","asyncGenerators","bigInt","classPrivateMethods","classPrivateProperties","classProperties","doExpressions","dynamicImport","exportDefaultFrom","exportExtensions","exportNamespaceFrom","functionBind","functionSent","importMeta","nullishCoalescingOperator","numericSeparator","objectRestSpread","optionalCatchBinding","optionalChaining",["pipelineOperator",{"proposal":"minimal"}],"throwExpressions","topLevelAwait","objectRestSpread","objectRestSpread","asyncGenerators","classProperties","classPrivateProperties","jsx","nullishCoalescingOperator","nullishCoalescingOperator","optionalChaining","optionalChaining","optionalCatchBinding","optionalCatchBinding","classProperties","classPrivateProperties","classPrivateMethods","classProperties","classPrivateProperties","asyncGenerators","asyncGenerators","objectRestSpread","objectRestSpread","logicalAssignment"],"allowImportExportEverywhere":true,"allowReturnOutsideFunction":true,"allowUndeclaredExports":true,"strictMode":false},"caller":{"name":"meteor","arch":"os.osx.arm64"},"sourceFileName":"server/main.js","filename":"/Users/matteodemicheli/Sites/meteor-boilerplate/server/main.js","targets":{},"cloneInputAst":true,"browserslistConfigFile":false,"passPerPreset":false,"envName":"development","cwd":"/Users/matteodemicheli/Sites/meteor-boilerplate","root":"/Users/matteodemicheli/Sites/meteor-boilerplate","rootMode":"root","plugins":[{"key":"base$0","visitor":{"_exploded":true,"_verified":true},"options":{},"externalDependencies":[]},{"key":"base$0$0","visitor":{"Program":{"enter":[null],"exit":[null]},"_exploded":true,"_verified":true},"options":{"avoidModernSyntax":false,"enforceStrictMode":false,"dynamicImport":true,"generateLetDeclarations":true,"topLevelAwait":true},"externalDependencies":[]},{"key":"transform-runtime","visitor":{"MemberExpression":{"enter":[null]},"ObjectPattern":{"enter":[null]},"BinaryExpression":{"enter":[null]},"Identifier":{"enter":[null]},"JSXIdentifier":{"enter":[null]},"_exploded":true,"_verified":true},"options":{"version":"7.17.2","helpers":true,"useESModules":false,"corejs":false},"externalDependencies":[]},{"key":"syntax-object-rest-spread","visitor":{"_exploded":true,"_verified":true},"options":{},"externalDependencies":[]},{"key":"proposal-object-rest-spread","visitor":{"VariableDeclarator":{"enter":[null]},"ExportNamedDeclaration":{"enter":[null]},"CatchClause":{"enter":[null]},"AssignmentExpression":{"enter":[null]},"ArrayPattern":{"enter":[null]},"ObjectExpression":{"enter":[null]},"FunctionDeclaration":{"enter":[null]},"FunctionExpression":{"enter":[null]},"ObjectMethod":{"enter":[null]},"ArrowFunctionExpression":{"enter":[null]},"ClassMethod":{"enter":[null]},"ClassPrivateMethod":{"enter":[null]},"ForInStatement":{"enter":[null]},"ForOfStatement":{"enter":[null]},"_exploded":true,"_verified":true},"options":{},"externalDependencies":[]},{"key":"proposal-async-generator-functions","visitor":{"Program":{"enter":[null]},"_exploded":true,"_verified":true},"options":{},"externalDependencies":[]},{"key":"proposal-class-properties","visitor":{"ExportDefaultDeclaration":{"enter":[null]},"_exploded":true,"_verified":true,"ClassExpression":{"enter":[null]},"ClassDeclaration":{"enter":[null]}},"options":{"loose":true},"externalDependencies":[]},{"key":"transform-react-jsx","visitor":{"JSXNamespacedName":{"enter":[null]},"JSXSpreadChild":{"enter":[null]},"Program":{"enter":[null]},"JSXFragment":{"exit":[null]},"JSXElement":{"exit":[null]},"JSXAttribute":{"enter":[null]},"_exploded":true,"_verified":true},"options":{"pragma":"React.createElement","pragmaFrag":"React.Fragment","runtime":"classic","throwIfNamespace":true,"useBuiltIns":false},"externalDependencies":[]},{"key":"transform-react-display-name","visitor":{"ExportDefaultDeclaration":{"enter":[null]},"CallExpression":{"enter":[null]},"_exploded":true,"_verified":true},"options":{},"externalDependencies":[]},{"key":"transform-react-pure-annotations","visitor":{"CallExpression":{"enter":[null]},"_exploded":true,"_verified":true},"options":{},"externalDependencies":[]},{"key":"syntax-nullish-coalescing-operator","visitor":{"_exploded":true,"_verified":true},"options":{},"externalDependencies":[]},{"key":"proposal-nullish-coalescing-operator","visitor":{"LogicalExpression":{"enter":[null]},"_exploded":true,"_verified":true},"options":{},"externalDependencies":[]},{"key":"syntax-optional-chaining","visitor":{"_exploded":true,"_verified":true},"options":{},"externalDependencies":[]},{"key":"proposal-optional-chaining","visitor":{"OptionalCallExpression":{"enter":[null]},"OptionalMemberExpression":{"enter":[null]},"_exploded":true,"_verified":true},"options":{},"externalDependencies":[]},{"key":"syntax-optional-catch-binding","visitor":{"_exploded":true,"_verified":true},"options":{},"externalDependencies":[]},{"key":"proposal-optional-catch-binding","visitor":{"CatchClause":{"enter":[null]},"_exploded":true,"_verified":true},"options":{},"externalDependencies":[]},{"key":"syntax-class-properties","visitor":{"_exploded":true,"_verified":true},"options":{},"externalDependencies":[]},{"key":"proposal-class-properties","visitor":{"ExportDefaultDeclaration":{"enter":[null]},"_exploded":true,"_verified":true,"ClassExpression":{"enter":[null]},"ClassDeclaration":{"enter":[null]}},"options":{},"externalDependencies":[]},{"key":"syntax-async-generators","visitor":{"_exploded":true,"_verified":true},"options":{},"externalDependencies":[]},{"key":"proposal-async-generator-functions","visitor":{"Program":{"enter":[null]},"_exploded":true,"_verified":true},"options":{},"externalDependencies":[]},{"key":"syntax-object-rest-spread","visitor":{"_exploded":true,"_verified":true},"options":{},"externalDependencies":[]},{"key":"proposal-object-rest-spread","visitor":{"VariableDeclarator":{"enter":[null]},"ExportNamedDeclaration":{"enter":[null]},"CatchClause":{"enter":[null]},"AssignmentExpression":{"enter":[null]},"ArrayPattern":{"enter":[null]},"ObjectExpression":{"enter":[null]},"FunctionDeclaration":{"enter":[null]},"FunctionExpression":{"enter":[null]},"ObjectMethod":{"enter":[null]},"ArrowFunctionExpression":{"enter":[null]},"ClassMethod":{"enter":[null]},"ClassPrivateMethod":{"enter":[null]},"ForInStatement":{"enter":[null]},"ForOfStatement":{"enter":[null]},"_exploded":true,"_verified":true},"options":{},"externalDependencies":[]},{"key":"proposal-logical-assignment-operators","visitor":{"AssignmentExpression":{"enter":[null]},"_exploded":true,"_verified":true},"options":{},"externalDependencies":[]},{"key":"transform-literals","visitor":{"NumericLiteral":{"enter":[null]},"StringLiteral":{"enter":[null]},"_exploded":true,"_verified":true},"options":{},"externalDependencies":[]},{"key":"transform-template-literals","visitor":{"TaggedTemplateExpression":{"enter":[null]},"TemplateLiteral":{"enter":[null]},"_exploded":true,"_verified":true},"options":{},"externalDependencies":[]},{"key":"transform-parameters","visitor":{"_exploded":true,"_verified":true,"FunctionDeclaration":{"enter":[null]},"FunctionExpression":{"enter":[null]},"ObjectMethod":{"enter":[null]},"ArrowFunctionExpression":{"enter":[null]},"ClassMethod":{"enter":[null]},"ClassPrivateMethod":{"enter":[null]}},"options":{},"externalDependencies":[]},{"key":"transform-exponentiation-operator","visitor":{"AssignmentExpression":{"enter":[null]},"BinaryExpression":{"enter":[null]},"_exploded":true,"_verified":true},"options":{},"externalDependencies":[]}],"presets":[],"generatorOpts":{"filename":"/Users/matteodemicheli/Sites/meteor-boilerplate/server/main.js","comments":true,"compact":false,"sourceMaps":true,"sourceFileName":"server/main.js"}},"code":"!module.wrapAsync(async function (module, __reifyWaitForDeps__, __reify_async_result__) {\n  \"use strict\";\n  try {\n    let Meteor;\n    module.link(\"meteor/meteor\", {\n      Meteor(v) {\n        Meteor = v;\n      }\n    }, 0);\n    let LinksCollection;\n    module.link(\"/imports/api/links\", {\n      LinksCollection(v) {\n        LinksCollection = v;\n      }\n    }, 1);\n    if (__reifyWaitForDeps__()) (await __reifyWaitForDeps__())();\n    async function insertLink(_ref) {\n      let {\n        title,\n        url\n      } = _ref;\n      await LinksCollection.insertAsync({\n        title,\n        url,\n        createdAt: new Date()\n      });\n    }\n    Meteor.publish('links.all', function publishLinksAll() {\n      return LinksCollection.find();\n    });\n    Meteor.startup(async () => {\n      // If the Links collection is empty, add some data.\n      if ((await LinksCollection.find().countAsync()) === 0) {\n        await insertLink({\n          title: 'Do the Tutorial',\n          url: 'https://svelte-tutorial.meteor.com/'\n        });\n        await insertLink({\n          title: 'Follow the Guide',\n          url: 'https://guide.meteor.com'\n        });\n        await insertLink({\n          title: 'Read the Docs',\n          url: 'https://docs.meteor.com'\n        });\n        await insertLink({\n          title: 'Discussions',\n          url: 'https://forums.meteor.com'\n        });\n      }\n    });\n    __reify_async_result__();\n  } catch (_reifyError) {\n    return __reify_async_result__(_reifyError);\n  }\n  __reify_async_result__()\n}, {\n  self: this,\n  async: false\n});","map":{"version":3,"names":["Meteor","module","link","v","LinksCollection","__reifyWaitForDeps__","insertLink","_ref","title","url","insertAsync","createdAt","Date","publish","publishLinksAll","find","startup","countAsync","__reify_async_result__","_reifyError","self","async"],"sources":["server/main.js"],"sourcesContent":["import { Meteor } from 'meteor/meteor';\nimport { LinksCollection } from '/imports/api/links';\n\nasync function insertLink({ title, url }) {\n  await LinksCollection.insertAsync({ title, url, createdAt: new Date() });\n}\n\nMeteor.publish('links.all', function publishLinksAll() {\n  return LinksCollection.find();\n})\n\nMeteor.startup(async () => {\n  // If the Links collection is empty, add some data.\n  if (await LinksCollection.find().countAsync() === 0) {\n    await insertLink({\n      title: 'Do the Tutorial',\n      url: 'https://svelte-tutorial.meteor.com/',\n    });\n\n    await insertLink({\n      title: 'Follow the Guide',\n      url: 'https://guide.meteor.com',\n    });\n\n    await insertLink({\n      title: 'Read the Docs',\n      url: 'https://docs.meteor.com',\n    });\n\n    await insertLink({\n      title: 'Discussions',\n      url: 'https://forums.meteor.com',\n    });\n  }\n});\n"],"mappings":";;;IAAA,IAAIA,MAAM;IAACC,MAAM,CAACC,IAAI,CAAC,eAAe,EAAC;MAACF,MAAMA,CAACG,CAAC,EAAC;QAACH,MAAM,GAACG,CAAC;MAAA;IAAC,CAAC,EAAC,CAAC,CAAC;IAAC,IAAIC,eAAe;IAACH,MAAM,CAACC,IAAI,CAAC,oBAAoB,EAAC;MAACE,eAAeA,CAACD,CAAC,EAAC;QAACC,eAAe,GAACD,CAAC;MAAA;IAAC,CAAC,EAAC,CAAC,CAAC;IAAC,IAAIE,oBAAoB,CAAC,CAAC,EAAE,CAAC,MAAMA,oBAAoB,CAAC,CAAC,EAAE,CAAC;IAG5N,eAAeC,UAAUA,CAAAC,IAAA,EAAiB;MAAA,IAAhB;QAAEC,KAAK;QAAEC;MAAI,CAAC,GAAAF,IAAA;MACtC,MAAMH,eAAe,CAACM,WAAW,CAAC;QAAEF,KAAK;QAAEC,GAAG;QAAEE,SAAS,EAAE,IAAIC,IAAI,CAAC;MAAE,CAAC,CAAC;IAC1E;IAEAZ,MAAM,CAACa,OAAO,CAAC,WAAW,EAAE,SAASC,eAAeA,CAAA,EAAG;MACrD,OAAOV,eAAe,CAACW,IAAI,CAAC,CAAC;IAC/B,CAAC,CAAC;IAEFf,MAAM,CAACgB,OAAO,CAAC,YAAY;MACzB;MACA,IAAI,OAAMZ,eAAe,CAACW,IAAI,CAAC,CAAC,CAACE,UAAU,CAAC,CAAC,MAAK,CAAC,EAAE;QACnD,MAAMX,UAAU,CAAC;UACfE,KAAK,EAAE,iBAAiB;UACxBC,GAAG,EAAE;QACP,CAAC,CAAC;QAEF,MAAMH,UAAU,CAAC;UACfE,KAAK,EAAE,kBAAkB;UACzBC,GAAG,EAAE;QACP,CAAC,CAAC;QAEF,MAAMH,UAAU,CAAC;UACfE,KAAK,EAAE,eAAe;UACtBC,GAAG,EAAE;QACP,CAAC,CAAC;QAEF,MAAMH,UAAU,CAAC;UACfE,KAAK,EAAE,aAAa;UACpBC,GAAG,EAAE;QACP,CAAC,CAAC;MACJ;IACF,CAAC,CAAC;IAACS,sBAAA;EAAA,SAAAC,WAAA;IAAA,OAAAD,sBAAA,CAAAC,WAAA;EAAA;EAAAD,sBAAA;AAAA;EAAAE,IAAA;EAAAC,KAAA;AAAA","ignoreList":[]},"sourceType":"module","externalDependencies":{},"hash":"15d0f6dfd2157c58e3285a57ad94da101335c079"}
