{"metadata":{},"options":{"assumptions":{},"compact":false,"sourceMaps":true,"ast":true,"babelrc":false,"configFile":false,"parserOpts":{"sourceType":"module","sourceFileName":"/Users/matteodemicheli/Sites/meteor-boilerplate/packages/socket-stream-client/node.js","plugins":["*","flow","jsx","asyncGenerators","bigInt","classPrivateMethods","classPrivateProperties","classProperties","doExpressions","dynamicImport","exportDefaultFrom","exportExtensions","exportNamespaceFrom","functionBind","functionSent","importMeta","nullishCoalescingOperator","numericSeparator","objectRestSpread","optionalCatchBinding","optionalChaining",["pipelineOperator",{"proposal":"minimal"}],"throwExpressions","topLevelAwait","objectRestSpread","objectRestSpread","asyncGenerators","classProperties","classPrivateProperties","jsx","nullishCoalescingOperator","nullishCoalescingOperator","optionalChaining","optionalChaining","optionalCatchBinding","optionalCatchBinding","classProperties","classPrivateProperties","classPrivateMethods","classProperties","classPrivateProperties","asyncGenerators","asyncGenerators","objectRestSpread","objectRestSpread","logicalAssignment"],"allowImportExportEverywhere":true,"allowReturnOutsideFunction":true,"allowUndeclaredExports":true,"strictMode":false},"caller":{"name":"meteor","arch":"os.osx.arm64"},"sourceFileName":"packages/socket-stream-client/node.js","filename":"/Users/matteodemicheli/Sites/meteor-boilerplate/packages/socket-stream-client/node.js","targets":{},"cloneInputAst":true,"browserslistConfigFile":false,"passPerPreset":false,"envName":"development","cwd":"/Users/matteodemicheli/Sites/meteor-boilerplate","root":"/Users/matteodemicheli/Sites/meteor-boilerplate","rootMode":"root","plugins":[{"key":"base$0","visitor":{"_exploded":true,"_verified":true},"options":{},"externalDependencies":[]},{"key":"base$0$0","visitor":{"Program":{"enter":[null],"exit":[null]},"_exploded":true,"_verified":true},"options":{"avoidModernSyntax":false,"enforceStrictMode":false,"dynamicImport":true,"generateLetDeclarations":true,"topLevelAwait":true},"externalDependencies":[]},{"key":"transform-runtime","visitor":{"MemberExpression":{"enter":[null]},"ObjectPattern":{"enter":[null]},"BinaryExpression":{"enter":[null]},"Identifier":{"enter":[null]},"JSXIdentifier":{"enter":[null]},"_exploded":true,"_verified":true},"options":{"version":"7.17.2","helpers":true,"useESModules":false,"corejs":false},"externalDependencies":[]},{"key":"syntax-object-rest-spread","visitor":{"_exploded":true,"_verified":true},"options":{},"externalDependencies":[]},{"key":"proposal-object-rest-spread","visitor":{"VariableDeclarator":{"enter":[null]},"ExportNamedDeclaration":{"enter":[null]},"CatchClause":{"enter":[null]},"AssignmentExpression":{"enter":[null]},"ArrayPattern":{"enter":[null]},"ObjectExpression":{"enter":[null]},"FunctionDeclaration":{"enter":[null]},"FunctionExpression":{"enter":[null]},"ObjectMethod":{"enter":[null]},"ArrowFunctionExpression":{"enter":[null]},"ClassMethod":{"enter":[null]},"ClassPrivateMethod":{"enter":[null]},"ForInStatement":{"enter":[null]},"ForOfStatement":{"enter":[null]},"_exploded":true,"_verified":true},"options":{},"externalDependencies":[]},{"key":"proposal-async-generator-functions","visitor":{"Program":{"enter":[null]},"_exploded":true,"_verified":true},"options":{},"externalDependencies":[]},{"key":"proposal-class-properties","visitor":{"ExportDefaultDeclaration":{"enter":[null]},"_exploded":true,"_verified":true,"ClassExpression":{"enter":[null]},"ClassDeclaration":{"enter":[null]}},"options":{"loose":true},"externalDependencies":[]},{"key":"transform-react-jsx","visitor":{"JSXNamespacedName":{"enter":[null]},"JSXSpreadChild":{"enter":[null]},"Program":{"enter":[null]},"JSXFragment":{"exit":[null]},"JSXElement":{"exit":[null]},"JSXAttribute":{"enter":[null]},"_exploded":true,"_verified":true},"options":{"pragma":"React.createElement","pragmaFrag":"React.Fragment","runtime":"classic","throwIfNamespace":true,"useBuiltIns":false},"externalDependencies":[]},{"key":"transform-react-display-name","visitor":{"ExportDefaultDeclaration":{"enter":[null]},"CallExpression":{"enter":[null]},"_exploded":true,"_verified":true},"options":{},"externalDependencies":[]},{"key":"transform-react-pure-annotations","visitor":{"CallExpression":{"enter":[null]},"_exploded":true,"_verified":true},"options":{},"externalDependencies":[]},{"key":"syntax-nullish-coalescing-operator","visitor":{"_exploded":true,"_verified":true},"options":{},"externalDependencies":[]},{"key":"proposal-nullish-coalescing-operator","visitor":{"LogicalExpression":{"enter":[null]},"_exploded":true,"_verified":true},"options":{},"externalDependencies":[]},{"key":"syntax-optional-chaining","visitor":{"_exploded":true,"_verified":true},"options":{},"externalDependencies":[]},{"key":"proposal-optional-chaining","visitor":{"OptionalCallExpression":{"enter":[null]},"OptionalMemberExpression":{"enter":[null]},"_exploded":true,"_verified":true},"options":{},"externalDependencies":[]},{"key":"syntax-optional-catch-binding","visitor":{"_exploded":true,"_verified":true},"options":{},"externalDependencies":[]},{"key":"proposal-optional-catch-binding","visitor":{"CatchClause":{"enter":[null]},"_exploded":true,"_verified":true},"options":{},"externalDependencies":[]},{"key":"syntax-class-properties","visitor":{"_exploded":true,"_verified":true},"options":{},"externalDependencies":[]},{"key":"proposal-class-properties","visitor":{"ExportDefaultDeclaration":{"enter":[null]},"_exploded":true,"_verified":true,"ClassExpression":{"enter":[null]},"ClassDeclaration":{"enter":[null]}},"options":{},"externalDependencies":[]},{"key":"syntax-async-generators","visitor":{"_exploded":true,"_verified":true},"options":{},"externalDependencies":[]},{"key":"proposal-async-generator-functions","visitor":{"Program":{"enter":[null]},"_exploded":true,"_verified":true},"options":{},"externalDependencies":[]},{"key":"syntax-object-rest-spread","visitor":{"_exploded":true,"_verified":true},"options":{},"externalDependencies":[]},{"key":"proposal-object-rest-spread","visitor":{"VariableDeclarator":{"enter":[null]},"ExportNamedDeclaration":{"enter":[null]},"CatchClause":{"enter":[null]},"AssignmentExpression":{"enter":[null]},"ArrayPattern":{"enter":[null]},"ObjectExpression":{"enter":[null]},"FunctionDeclaration":{"enter":[null]},"FunctionExpression":{"enter":[null]},"ObjectMethod":{"enter":[null]},"ArrowFunctionExpression":{"enter":[null]},"ClassMethod":{"enter":[null]},"ClassPrivateMethod":{"enter":[null]},"ForInStatement":{"enter":[null]},"ForOfStatement":{"enter":[null]},"_exploded":true,"_verified":true},"options":{},"externalDependencies":[]},{"key":"proposal-logical-assignment-operators","visitor":{"AssignmentExpression":{"enter":[null]},"_exploded":true,"_verified":true},"options":{},"externalDependencies":[]},{"key":"transform-literals","visitor":{"NumericLiteral":{"enter":[null]},"StringLiteral":{"enter":[null]},"_exploded":true,"_verified":true},"options":{},"externalDependencies":[]},{"key":"transform-template-literals","visitor":{"TaggedTemplateExpression":{"enter":[null]},"TemplateLiteral":{"enter":[null]},"_exploded":true,"_verified":true},"options":{},"externalDependencies":[]},{"key":"transform-parameters","visitor":{"_exploded":true,"_verified":true,"FunctionDeclaration":{"enter":[null]},"FunctionExpression":{"enter":[null]},"ObjectMethod":{"enter":[null]},"ArrowFunctionExpression":{"enter":[null]},"ClassMethod":{"enter":[null]},"ClassPrivateMethod":{"enter":[null]}},"options":{},"externalDependencies":[]},{"key":"transform-exponentiation-operator","visitor":{"AssignmentExpression":{"enter":[null]},"BinaryExpression":{"enter":[null]},"_exploded":true,"_verified":true},"options":{},"externalDependencies":[]}],"presets":[],"generatorOpts":{"filename":"/Users/matteodemicheli/Sites/meteor-boilerplate/packages/socket-stream-client/node.js","comments":true,"compact":false,"sourceMaps":true,"sourceFileName":"packages/socket-stream-client/node.js"}},"code":"!module.wrapAsync(async function (module1, __reifyWaitForDeps__, __reify_async_result__) {\n  \"use strict\";\n  try {\n    module1.export({\n      ClientStream: () => ClientStream\n    });\n    let Meteor;\n    module1.link(\"meteor/meteor\", {\n      Meteor(v) {\n        Meteor = v;\n      }\n    }, 0);\n    let toWebsocketUrl;\n    module1.link(\"./urls.js\", {\n      toWebsocketUrl(v) {\n        toWebsocketUrl = v;\n      }\n    }, 1);\n    let StreamClientCommon;\n    module1.link(\"./common.js\", {\n      StreamClientCommon(v) {\n        StreamClientCommon = v;\n      }\n    }, 2);\n    if (__reifyWaitForDeps__()) (await __reifyWaitForDeps__())();\n    class ClientStream extends StreamClientCommon {\n      constructor(endpoint, options) {\n        super(options);\n        this.client = null; // created in _launchConnection\n        this.endpoint = endpoint;\n        this.headers = this.options.headers || {};\n        this.npmFayeOptions = this.options.npmFayeOptions || {};\n        this._initCommon(this.options);\n\n        //// Kickoff!\n        this._launchConnection();\n      }\n\n      // data is a utf8 string. Data sent while not connected is dropped on\n      // the floor, and it is up the user of this API to retransmit lost\n      // messages on 'reset'\n      send(data) {\n        if (this.currentStatus.connected) {\n          this.client.send(data);\n        }\n      }\n\n      // Changes where this connection points\n      _changeUrl(url) {\n        this.endpoint = url;\n      }\n      _onConnect(client) {\n        if (client !== this.client) {\n          // This connection is not from the last call to _launchConnection.\n          // But _launchConnection calls _cleanup which closes previous connections.\n          // It's our belief that this stifles future 'open' events, but maybe\n          // we are wrong?\n          throw new Error('Got open from inactive client ' + !!this.client);\n        }\n        if (this._forcedToDisconnect) {\n          // We were asked to disconnect between trying to open the connection and\n          // actually opening it. Let's just pretend this never happened.\n          this.client.close();\n          this.client = null;\n          return;\n        }\n        if (this.currentStatus.connected) {\n          // We already have a connection. It must have been the case that we\n          // started two parallel connection attempts (because we wanted to\n          // 'reconnect now' on a hanging connection and we had no way to cancel the\n          // connection attempt.) But this shouldn't happen (similarly to the client\n          // !== this.client check above).\n          throw new Error('Two parallel connections?');\n        }\n        this._clearConnectionTimer();\n\n        // update status\n        this.currentStatus.status = 'connected';\n        this.currentStatus.connected = true;\n        this.currentStatus.retryCount = 0;\n        this.statusChanged();\n\n        // fire resets. This must come after status change so that clients\n        // can call send from within a reset callback.\n        this.forEachCallback('reset', callback => {\n          callback();\n        });\n      }\n      _cleanup(maybeError) {\n        this._clearConnectionTimer();\n        if (this.client) {\n          var client = this.client;\n          this.client = null;\n          client.close();\n          this.forEachCallback('disconnect', callback => {\n            callback(maybeError);\n          });\n        }\n      }\n      _clearConnectionTimer() {\n        if (this.connectionTimer) {\n          clearTimeout(this.connectionTimer);\n          this.connectionTimer = null;\n        }\n      }\n      _getProxyUrl(targetUrl) {\n        // Similar to code in tools/http-helpers.js.\n        var proxy = process.env.HTTP_PROXY || process.env.http_proxy || null;\n        var noproxy = process.env.NO_PROXY || process.env.no_proxy || null;\n        // if we're going to a secure url, try the https_proxy env variable first.\n        if (targetUrl.match(/^wss:/) || targetUrl.match(/^https:/)) {\n          proxy = process.env.HTTPS_PROXY || process.env.https_proxy || proxy;\n        }\n        if (targetUrl.indexOf('localhost') != -1 || targetUrl.indexOf('127.0.0.1') != -1) {\n          return null;\n        }\n        if (noproxy) {\n          for (let item of noproxy.split(',')) {\n            if (targetUrl.indexOf(item.trim().replace(/\\*/, '')) !== -1) {\n              proxy = null;\n            }\n          }\n        }\n        return proxy;\n      }\n      _launchConnection() {\n        var _this = this;\n        this._cleanup(); // cleanup the old socket, if there was one.\n\n        // Since server-to-server DDP is still an experimental feature, we only\n        // require the module if we actually create a server-to-server\n        // connection.\n        var FayeWebSocket = Npm.require('faye-websocket');\n        var deflate = Npm.require('permessage-deflate');\n        var targetUrl = toWebsocketUrl(this.endpoint);\n        var fayeOptions = {\n          headers: this.headers,\n          extensions: [deflate]\n        };\n        fayeOptions = Object.assign(fayeOptions, this.npmFayeOptions);\n        var proxyUrl = this._getProxyUrl(targetUrl);\n        if (proxyUrl) {\n          fayeOptions.proxy = {\n            origin: proxyUrl\n          };\n        }\n\n        // We would like to specify 'ddp' as the subprotocol here. The npm module we\n        // used to use as a client would fail the handshake if we ask for a\n        // subprotocol and the server doesn't send one back (and sockjs doesn't).\n        // Faye doesn't have that behavior; it's unclear from reading RFC 6455 if\n        // Faye is erroneous or not.  So for now, we don't specify protocols.\n        var subprotocols = [];\n        var client = this.client = new FayeWebSocket.Client(targetUrl, subprotocols, fayeOptions);\n        this._clearConnectionTimer();\n        this.connectionTimer = Meteor.setTimeout(() => {\n          this._lostConnection(new this.ConnectionError('DDP connection timed out'));\n        }, this.CONNECT_TIMEOUT);\n        this.client.on('open', Meteor.bindEnvironment(() => {\n          return this._onConnect(client);\n        }, 'stream connect callback'));\n        var clientOnIfCurrent = (event, description, callback) => {\n          this.client.on(event, Meteor.bindEnvironment(function () {\n            // Ignore events from any connection we've already cleaned up.\n            if (client !== _this.client) return;\n            callback(...arguments);\n          }, description));\n        };\n        clientOnIfCurrent('error', 'stream error callback', error => {\n          if (!this.options._dontPrintErrors) Meteor._debug('stream error', error.message);\n\n          // Faye's 'error' object is not a JS error (and among other things,\n          // doesn't stringify well). Convert it to one.\n          this._lostConnection(new this.ConnectionError(error.message));\n        });\n        clientOnIfCurrent('close', 'stream close callback', () => {\n          this._lostConnection();\n        });\n        clientOnIfCurrent('message', 'stream message callback', message => {\n          // Ignore binary frames, where message.data is a Buffer\n          if (typeof message.data !== 'string') return;\n          this.forEachCallback('message', callback => {\n            callback(message.data);\n          });\n        });\n      }\n    }\n    __reify_async_result__();\n  } catch (_reifyError) {\n    return __reify_async_result__(_reifyError);\n  }\n  __reify_async_result__()\n}, {\n  self: this,\n  async: false\n});","map":{"version":3,"names":["module1","export","ClientStream","Meteor","link","v","toWebsocketUrl","StreamClientCommon","__reifyWaitForDeps__","constructor","endpoint","options","client","headers","npmFayeOptions","_initCommon","_launchConnection","send","data","currentStatus","connected","_changeUrl","url","_onConnect","Error","_forcedToDisconnect","close","_clearConnectionTimer","status","retryCount","statusChanged","forEachCallback","callback","_cleanup","maybeError","connectionTimer","clearTimeout","_getProxyUrl","targetUrl","proxy","process","env","HTTP_PROXY","http_proxy","noproxy","NO_PROXY","no_proxy","match","HTTPS_PROXY","https_proxy","indexOf","item","split","trim","replace","_this","FayeWebSocket","Npm","require","deflate","fayeOptions","extensions","Object","assign","proxyUrl","origin","subprotocols","Client","setTimeout","_lostConnection","ConnectionError","CONNECT_TIMEOUT","on","bindEnvironment","clientOnIfCurrent","event","description","arguments","error","_dontPrintErrors","_debug","message","__reify_async_result__","_reifyError","self","async"],"sources":["packages/socket-stream-client/node.js"],"sourcesContent":["import { Meteor } from \"meteor/meteor\";\nimport { toWebsocketUrl } from \"./urls.js\";\nimport { StreamClientCommon } from \"./common.js\";\n\n// @param endpoint {String} URL to Meteor app\n//   \"http://subdomain.meteor.com/\" or \"/\" or\n//   \"ddp+sockjs://foo-**.meteor.com/sockjs\"\n//\n// We do some rewriting of the URL to eventually make it \"ws://\" or \"wss://\",\n// whatever was passed in.  At the very least, what Meteor.absoluteUrl() returns\n// us should work.\n//\n// We don't do any heartbeating. (The logic that did this in sockjs was removed,\n// because it used a built-in sockjs mechanism. We could do it with WebSocket\n// ping frames or with DDP-level messages.)\nexport class ClientStream extends StreamClientCommon {\n  constructor(endpoint, options) {\n    super(options);\n\n    this.client = null; // created in _launchConnection\n    this.endpoint = endpoint;\n\n    this.headers = this.options.headers || {};\n    this.npmFayeOptions = this.options.npmFayeOptions || {};\n\n    this._initCommon(this.options);\n\n    //// Kickoff!\n    this._launchConnection();\n  }\n\n  // data is a utf8 string. Data sent while not connected is dropped on\n  // the floor, and it is up the user of this API to retransmit lost\n  // messages on 'reset'\n  send(data) {\n    if (this.currentStatus.connected) {\n      this.client.send(data);\n    }\n  }\n\n  // Changes where this connection points\n  _changeUrl(url) {\n    this.endpoint = url;\n  }\n\n  _onConnect(client) {\n    if (client !== this.client) {\n      // This connection is not from the last call to _launchConnection.\n      // But _launchConnection calls _cleanup which closes previous connections.\n      // It's our belief that this stifles future 'open' events, but maybe\n      // we are wrong?\n      throw new Error('Got open from inactive client ' + !!this.client);\n    }\n\n    if (this._forcedToDisconnect) {\n      // We were asked to disconnect between trying to open the connection and\n      // actually opening it. Let's just pretend this never happened.\n      this.client.close();\n      this.client = null;\n      return;\n    }\n\n    if (this.currentStatus.connected) {\n      // We already have a connection. It must have been the case that we\n      // started two parallel connection attempts (because we wanted to\n      // 'reconnect now' on a hanging connection and we had no way to cancel the\n      // connection attempt.) But this shouldn't happen (similarly to the client\n      // !== this.client check above).\n      throw new Error('Two parallel connections?');\n    }\n\n    this._clearConnectionTimer();\n\n    // update status\n    this.currentStatus.status = 'connected';\n    this.currentStatus.connected = true;\n    this.currentStatus.retryCount = 0;\n    this.statusChanged();\n\n    // fire resets. This must come after status change so that clients\n    // can call send from within a reset callback.\n    this.forEachCallback('reset', callback => {\n      callback();\n    });\n  }\n\n  _cleanup(maybeError) {\n    this._clearConnectionTimer();\n    if (this.client) {\n      var client = this.client;\n      this.client = null;\n      client.close();\n\n      this.forEachCallback('disconnect', callback => {\n        callback(maybeError);\n      });\n    }\n  }\n\n  _clearConnectionTimer() {\n    if (this.connectionTimer) {\n      clearTimeout(this.connectionTimer);\n      this.connectionTimer = null;\n    }\n  }\n\n  _getProxyUrl(targetUrl) {\n    // Similar to code in tools/http-helpers.js.\n    var proxy = process.env.HTTP_PROXY || process.env.http_proxy || null;\n    var noproxy = process.env.NO_PROXY || process.env.no_proxy || null;\n    // if we're going to a secure url, try the https_proxy env variable first.\n    if (targetUrl.match(/^wss:/) || targetUrl.match(/^https:/)) {\n      proxy = process.env.HTTPS_PROXY || process.env.https_proxy || proxy;\n    }\n    if (targetUrl.indexOf('localhost') != -1 || targetUrl.indexOf('127.0.0.1') != -1) {\n      return null;\n    }\n    if (noproxy) {\n      for (let item of noproxy.split(',')) {\n        if (targetUrl.indexOf(item.trim().replace(/\\*/, '')) !== -1) {\n          proxy = null;\n        }\n      }\n    }\n    return proxy;\n  }\n\n  _launchConnection() {\n    this._cleanup(); // cleanup the old socket, if there was one.\n\n    // Since server-to-server DDP is still an experimental feature, we only\n    // require the module if we actually create a server-to-server\n    // connection.\n    var FayeWebSocket = Npm.require('faye-websocket');\n    var deflate = Npm.require('permessage-deflate');\n\n    var targetUrl = toWebsocketUrl(this.endpoint);\n    var fayeOptions = {\n      headers: this.headers,\n      extensions: [deflate]\n    };\n    fayeOptions = Object.assign(fayeOptions, this.npmFayeOptions);\n    var proxyUrl = this._getProxyUrl(targetUrl);\n    if (proxyUrl) {\n      fayeOptions.proxy = { origin: proxyUrl };\n    }\n\n    // We would like to specify 'ddp' as the subprotocol here. The npm module we\n    // used to use as a client would fail the handshake if we ask for a\n    // subprotocol and the server doesn't send one back (and sockjs doesn't).\n    // Faye doesn't have that behavior; it's unclear from reading RFC 6455 if\n    // Faye is erroneous or not.  So for now, we don't specify protocols.\n    var subprotocols = [];\n\n    var client = (this.client = new FayeWebSocket.Client(\n      targetUrl,\n      subprotocols,\n      fayeOptions\n    ));\n\n    this._clearConnectionTimer();\n    this.connectionTimer = Meteor.setTimeout(() => {\n      this._lostConnection(new this.ConnectionError('DDP connection timed out'));\n    }, this.CONNECT_TIMEOUT);\n\n    this.client.on(\n      'open',\n      Meteor.bindEnvironment(() => {\n        return this._onConnect(client);\n      }, 'stream connect callback')\n    );\n\n    var clientOnIfCurrent = (event, description, callback) => {\n      this.client.on(\n        event,\n        Meteor.bindEnvironment((...args) => {\n          // Ignore events from any connection we've already cleaned up.\n          if (client !== this.client) return;\n          callback(...args);\n        }, description)\n      );\n    };\n\n    clientOnIfCurrent('error', 'stream error callback', error => {\n      if (!this.options._dontPrintErrors)\n        Meteor._debug('stream error', error.message);\n\n      // Faye's 'error' object is not a JS error (and among other things,\n      // doesn't stringify well). Convert it to one.\n      this._lostConnection(new this.ConnectionError(error.message));\n    });\n\n    clientOnIfCurrent('close', 'stream close callback', () => {\n      this._lostConnection();\n    });\n\n    clientOnIfCurrent('message', 'stream message callback', message => {\n      // Ignore binary frames, where message.data is a Buffer\n      if (typeof message.data !== 'string') return;\n\n      this.forEachCallback('message', callback => {\n        callback(message.data);\n      });\n    });\n  }\n}\n"],"mappings":";;;IAAAA,OAAO,CAACC,MAAM,CAAC;MAACC,YAAY,EAACA,CAAA,KAAIA;IAAY,CAAC,CAAC;IAAC,IAAIC,MAAM;IAACH,OAAO,CAACI,IAAI,CAAC,eAAe,EAAC;MAACD,MAAMA,CAACE,CAAC,EAAC;QAACF,MAAM,GAACE,CAAC;MAAA;IAAC,CAAC,EAAC,CAAC,CAAC;IAAC,IAAIC,cAAc;IAACN,OAAO,CAACI,IAAI,CAAC,WAAW,EAAC;MAACE,cAAcA,CAACD,CAAC,EAAC;QAACC,cAAc,GAACD,CAAC;MAAA;IAAC,CAAC,EAAC,CAAC,CAAC;IAAC,IAAIE,kBAAkB;IAACP,OAAO,CAACI,IAAI,CAAC,aAAa,EAAC;MAACG,kBAAkBA,CAACF,CAAC,EAAC;QAACE,kBAAkB,GAACF,CAAC;MAAA;IAAC,CAAC,EAAC,CAAC,CAAC;IAAC,IAAIG,oBAAoB,CAAC,CAAC,EAAE,CAAC,MAAMA,oBAAoB,CAAC,CAAC,EAAE,CAAC;IAe9V,MAAMN,YAAY,SAASK,kBAAkB,CAAC;MACnDE,WAAWA,CAACC,QAAQ,EAAEC,OAAO,EAAE;QAC7B,KAAK,CAACA,OAAO,CAAC;QAEd,IAAI,CAACC,MAAM,GAAG,IAAI,CAAC,CAAC;QACpB,IAAI,CAACF,QAAQ,GAAGA,QAAQ;QAExB,IAAI,CAACG,OAAO,GAAG,IAAI,CAACF,OAAO,CAACE,OAAO,IAAI,CAAC,CAAC;QACzC,IAAI,CAACC,cAAc,GAAG,IAAI,CAACH,OAAO,CAACG,cAAc,IAAI,CAAC,CAAC;QAEvD,IAAI,CAACC,WAAW,CAAC,IAAI,CAACJ,OAAO,CAAC;;QAE9B;QACA,IAAI,CAACK,iBAAiB,CAAC,CAAC;MAC1B;;MAEA;MACA;MACA;MACAC,IAAIA,CAACC,IAAI,EAAE;QACT,IAAI,IAAI,CAACC,aAAa,CAACC,SAAS,EAAE;UAChC,IAAI,CAACR,MAAM,CAACK,IAAI,CAACC,IAAI,CAAC;QACxB;MACF;;MAEA;MACAG,UAAUA,CAACC,GAAG,EAAE;QACd,IAAI,CAACZ,QAAQ,GAAGY,GAAG;MACrB;MAEAC,UAAUA,CAACX,MAAM,EAAE;QACjB,IAAIA,MAAM,KAAK,IAAI,CAACA,MAAM,EAAE;UAC1B;UACA;UACA;UACA;UACA,MAAM,IAAIY,KAAK,CAAC,gCAAgC,GAAG,CAAC,CAAC,IAAI,CAACZ,MAAM,CAAC;QACnE;QAEA,IAAI,IAAI,CAACa,mBAAmB,EAAE;UAC5B;UACA;UACA,IAAI,CAACb,MAAM,CAACc,KAAK,CAAC,CAAC;UACnB,IAAI,CAACd,MAAM,GAAG,IAAI;UAClB;QACF;QAEA,IAAI,IAAI,CAACO,aAAa,CAACC,SAAS,EAAE;UAChC;UACA;UACA;UACA;UACA;UACA,MAAM,IAAII,KAAK,CAAC,2BAA2B,CAAC;QAC9C;QAEA,IAAI,CAACG,qBAAqB,CAAC,CAAC;;QAE5B;QACA,IAAI,CAACR,aAAa,CAACS,MAAM,GAAG,WAAW;QACvC,IAAI,CAACT,aAAa,CAACC,SAAS,GAAG,IAAI;QACnC,IAAI,CAACD,aAAa,CAACU,UAAU,GAAG,CAAC;QACjC,IAAI,CAACC,aAAa,CAAC,CAAC;;QAEpB;QACA;QACA,IAAI,CAACC,eAAe,CAAC,OAAO,EAAEC,QAAQ,IAAI;UACxCA,QAAQ,CAAC,CAAC;QACZ,CAAC,CAAC;MACJ;MAEAC,QAAQA,CAACC,UAAU,EAAE;QACnB,IAAI,CAACP,qBAAqB,CAAC,CAAC;QAC5B,IAAI,IAAI,CAACf,MAAM,EAAE;UACf,IAAIA,MAAM,GAAG,IAAI,CAACA,MAAM;UACxB,IAAI,CAACA,MAAM,GAAG,IAAI;UAClBA,MAAM,CAACc,KAAK,CAAC,CAAC;UAEd,IAAI,CAACK,eAAe,CAAC,YAAY,EAAEC,QAAQ,IAAI;YAC7CA,QAAQ,CAACE,UAAU,CAAC;UACtB,CAAC,CAAC;QACJ;MACF;MAEAP,qBAAqBA,CAAA,EAAG;QACtB,IAAI,IAAI,CAACQ,eAAe,EAAE;UACxBC,YAAY,CAAC,IAAI,CAACD,eAAe,CAAC;UAClC,IAAI,CAACA,eAAe,GAAG,IAAI;QAC7B;MACF;MAEAE,YAAYA,CAACC,SAAS,EAAE;QACtB;QACA,IAAIC,KAAK,GAAGC,OAAO,CAACC,GAAG,CAACC,UAAU,IAAIF,OAAO,CAACC,GAAG,CAACE,UAAU,IAAI,IAAI;QACpE,IAAIC,OAAO,GAAGJ,OAAO,CAACC,GAAG,CAACI,QAAQ,IAAIL,OAAO,CAACC,GAAG,CAACK,QAAQ,IAAI,IAAI;QAClE;QACA,IAAIR,SAAS,CAACS,KAAK,CAAC,OAAO,CAAC,IAAIT,SAAS,CAACS,KAAK,CAAC,SAAS,CAAC,EAAE;UAC1DR,KAAK,GAAGC,OAAO,CAACC,GAAG,CAACO,WAAW,IAAIR,OAAO,CAACC,GAAG,CAACQ,WAAW,IAAIV,KAAK;QACrE;QACA,IAAID,SAAS,CAACY,OAAO,CAAC,WAAW,CAAC,IAAI,CAAC,CAAC,IAAIZ,SAAS,CAACY,OAAO,CAAC,WAAW,CAAC,IAAI,CAAC,CAAC,EAAE;UAChF,OAAO,IAAI;QACb;QACA,IAAIN,OAAO,EAAE;UACX,KAAK,IAAIO,IAAI,IAAIP,OAAO,CAACQ,KAAK,CAAC,GAAG,CAAC,EAAE;YACnC,IAAId,SAAS,CAACY,OAAO,CAACC,IAAI,CAACE,IAAI,CAAC,CAAC,CAACC,OAAO,CAAC,IAAI,EAAE,EAAE,CAAC,CAAC,KAAK,CAAC,CAAC,EAAE;cAC3Df,KAAK,GAAG,IAAI;YACd;UACF;QACF;QACA,OAAOA,KAAK;MACd;MAEAvB,iBAAiBA,CAAA,EAAG;QAAA,IAAAuC,KAAA;QAClB,IAAI,CAACtB,QAAQ,CAAC,CAAC,CAAC,CAAC;;QAEjB;QACA;QACA;QACA,IAAIuB,aAAa,GAAGC,GAAG,CAACC,OAAO,CAAC,gBAAgB,CAAC;QACjD,IAAIC,OAAO,GAAGF,GAAG,CAACC,OAAO,CAAC,oBAAoB,CAAC;QAE/C,IAAIpB,SAAS,GAAGhC,cAAc,CAAC,IAAI,CAACI,QAAQ,CAAC;QAC7C,IAAIkD,WAAW,GAAG;UAChB/C,OAAO,EAAE,IAAI,CAACA,OAAO;UACrBgD,UAAU,EAAE,CAACF,OAAO;QACtB,CAAC;QACDC,WAAW,GAAGE,MAAM,CAACC,MAAM,CAACH,WAAW,EAAE,IAAI,CAAC9C,cAAc,CAAC;QAC7D,IAAIkD,QAAQ,GAAG,IAAI,CAAC3B,YAAY,CAACC,SAAS,CAAC;QAC3C,IAAI0B,QAAQ,EAAE;UACZJ,WAAW,CAACrB,KAAK,GAAG;YAAE0B,MAAM,EAAED;UAAS,CAAC;QAC1C;;QAEA;QACA;QACA;QACA;QACA;QACA,IAAIE,YAAY,GAAG,EAAE;QAErB,IAAItD,MAAM,GAAI,IAAI,CAACA,MAAM,GAAG,IAAI4C,aAAa,CAACW,MAAM,CAClD7B,SAAS,EACT4B,YAAY,EACZN,WACF,CAAE;QAEF,IAAI,CAACjC,qBAAqB,CAAC,CAAC;QAC5B,IAAI,CAACQ,eAAe,GAAGhC,MAAM,CAACiE,UAAU,CAAC,MAAM;UAC7C,IAAI,CAACC,eAAe,CAAC,IAAI,IAAI,CAACC,eAAe,CAAC,0BAA0B,CAAC,CAAC;QAC5E,CAAC,EAAE,IAAI,CAACC,eAAe,CAAC;QAExB,IAAI,CAAC3D,MAAM,CAAC4D,EAAE,CACZ,MAAM,EACNrE,MAAM,CAACsE,eAAe,CAAC,MAAM;UAC3B,OAAO,IAAI,CAAClD,UAAU,CAACX,MAAM,CAAC;QAChC,CAAC,EAAE,yBAAyB,CAC9B,CAAC;QAED,IAAI8D,iBAAiB,GAAGA,CAACC,KAAK,EAAEC,WAAW,EAAE5C,QAAQ,KAAK;UACxD,IAAI,CAACpB,MAAM,CAAC4D,EAAE,CACZG,KAAK,EACLxE,MAAM,CAACsE,eAAe,CAAC,YAAa;YAClC;YACA,IAAI7D,MAAM,KAAK2C,KAAI,CAAC3C,MAAM,EAAE;YAC5BoB,QAAQ,CAAC,GAAA6C,SAAO,CAAC;UACnB,CAAC,EAAED,WAAW,CAChB,CAAC;QACH,CAAC;QAEDF,iBAAiB,CAAC,OAAO,EAAE,uBAAuB,EAAEI,KAAK,IAAI;UAC3D,IAAI,CAAC,IAAI,CAACnE,OAAO,CAACoE,gBAAgB,EAChC5E,MAAM,CAAC6E,MAAM,CAAC,cAAc,EAAEF,KAAK,CAACG,OAAO,CAAC;;UAE9C;UACA;UACA,IAAI,CAACZ,eAAe,CAAC,IAAI,IAAI,CAACC,eAAe,CAACQ,KAAK,CAACG,OAAO,CAAC,CAAC;QAC/D,CAAC,CAAC;QAEFP,iBAAiB,CAAC,OAAO,EAAE,uBAAuB,EAAE,MAAM;UACxD,IAAI,CAACL,eAAe,CAAC,CAAC;QACxB,CAAC,CAAC;QAEFK,iBAAiB,CAAC,SAAS,EAAE,yBAAyB,EAAEO,OAAO,IAAI;UACjE;UACA,IAAI,OAAOA,OAAO,CAAC/D,IAAI,KAAK,QAAQ,EAAE;UAEtC,IAAI,CAACa,eAAe,CAAC,SAAS,EAAEC,QAAQ,IAAI;YAC1CA,QAAQ,CAACiD,OAAO,CAAC/D,IAAI,CAAC;UACxB,CAAC,CAAC;QACJ,CAAC,CAAC;MACJ;IACF;IAACgE,sBAAA;EAAA,SAAAC,WAAA;IAAA,OAAAD,sBAAA,CAAAC,WAAA;EAAA;EAAAD,sBAAA;AAAA;EAAAE,IAAA;EAAAC,KAAA;AAAA","ignoreList":[]},"sourceType":"module","externalDependencies":{},"hash":"2051d16ca93e2414981cc18f158b35c15b55a3f7"}
