{"metadata":{},"options":{"assumptions":{},"compact":false,"sourceMaps":true,"ast":true,"babelrc":false,"configFile":false,"parserOpts":{"sourceType":"module","sourceFileName":"/Users/matteodemicheli/Sites/meteor-boilerplate/packages/ejson/utils.js","plugins":["*","flow","jsx","asyncGenerators","bigInt","classPrivateMethods","classPrivateProperties","classProperties","doExpressions","dynamicImport","exportDefaultFrom","exportExtensions","exportNamespaceFrom","functionBind","functionSent","importMeta","nullishCoalescingOperator","numericSeparator","objectRestSpread","optionalCatchBinding","optionalChaining",["pipelineOperator",{"proposal":"minimal"}],"throwExpressions","topLevelAwait","classProperties","classPrivateProperties","jsx","nullishCoalescingOperator","nullishCoalescingOperator","optionalChaining","optionalChaining","optionalCatchBinding","optionalCatchBinding","classProperties","classPrivateProperties","classPrivateMethods","classProperties","classPrivateProperties","asyncGenerators","asyncGenerators","objectRestSpread","objectRestSpread","logicalAssignment"],"allowImportExportEverywhere":true,"allowReturnOutsideFunction":true,"allowUndeclaredExports":true,"strictMode":false},"caller":{"name":"meteor","arch":"web.browser.legacy"},"sourceFileName":"packages/ejson/utils.js","filename":"/Users/matteodemicheli/Sites/meteor-boilerplate/packages/ejson/utils.js","targets":{},"cloneInputAst":true,"browserslistConfigFile":false,"passPerPreset":false,"envName":"development","cwd":"/Users/matteodemicheli/Sites/meteor-boilerplate","root":"/Users/matteodemicheli/Sites/meteor-boilerplate","rootMode":"root","plugins":[{"key":"base$0","visitor":{"_exploded":true,"_verified":true},"options":{},"externalDependencies":[]},{"key":"base$0$0","visitor":{"Program":{"enter":[null],"exit":[null]},"_exploded":true,"_verified":true},"options":{"avoidModernSyntax":true,"enforceStrictMode":false,"dynamicImport":true},"externalDependencies":[]},{"key":"transform-runtime","visitor":{"MemberExpression":{"enter":[null]},"ObjectPattern":{"enter":[null]},"BinaryExpression":{"enter":[null]},"Identifier":{"enter":[null]},"JSXIdentifier":{"enter":[null]},"_exploded":true,"_verified":true},"options":{"version":"7.17.2","helpers":true,"useESModules":false,"corejs":false},"externalDependencies":[]},{"key":"proposal-class-properties","visitor":{"ExportDefaultDeclaration":{"enter":[null]},"_exploded":true,"_verified":true,"ClassExpression":{"enter":[null]},"ClassDeclaration":{"enter":[null]}},"options":{"loose":true},"externalDependencies":[]},{"key":"base$0$3","visitor":{"FunctionExpression":{"exit":[null]},"_exploded":true,"_verified":true},"options":{},"externalDependencies":[]},{"key":"base$0$4","visitor":{"ForInStatement":{"enter":[null]},"_exploded":true,"_verified":true},"options":{},"externalDependencies":[]},{"key":"transform-react-jsx","visitor":{"JSXNamespacedName":{"enter":[null]},"JSXSpreadChild":{"enter":[null]},"Program":{"enter":[null]},"JSXFragment":{"exit":[null]},"JSXElement":{"exit":[null]},"JSXAttribute":{"enter":[null]},"_exploded":true,"_verified":true},"options":{"pragma":"React.createElement","pragmaFrag":"React.Fragment","runtime":"classic","throwIfNamespace":true,"useBuiltIns":false},"externalDependencies":[]},{"key":"transform-react-display-name","visitor":{"ExportDefaultDeclaration":{"enter":[null]},"CallExpression":{"enter":[null]},"_exploded":true,"_verified":true},"options":{},"externalDependencies":[]},{"key":"transform-react-pure-annotations","visitor":{"CallExpression":{"enter":[null]},"_exploded":true,"_verified":true},"options":{},"externalDependencies":[]},{"key":"syntax-nullish-coalescing-operator","visitor":{"_exploded":true,"_verified":true},"options":{},"externalDependencies":[]},{"key":"proposal-nullish-coalescing-operator","visitor":{"LogicalExpression":{"enter":[null]},"_exploded":true,"_verified":true},"options":{},"externalDependencies":[]},{"key":"syntax-optional-chaining","visitor":{"_exploded":true,"_verified":true},"options":{},"externalDependencies":[]},{"key":"proposal-optional-chaining","visitor":{"OptionalCallExpression":{"enter":[null]},"OptionalMemberExpression":{"enter":[null]},"_exploded":true,"_verified":true},"options":{},"externalDependencies":[]},{"key":"syntax-optional-catch-binding","visitor":{"_exploded":true,"_verified":true},"options":{},"externalDependencies":[]},{"key":"proposal-optional-catch-binding","visitor":{"CatchClause":{"enter":[null]},"_exploded":true,"_verified":true},"options":{},"externalDependencies":[]},{"key":"syntax-class-properties","visitor":{"_exploded":true,"_verified":true},"options":{},"externalDependencies":[]},{"key":"proposal-class-properties","visitor":{"ExportDefaultDeclaration":{"enter":[null]},"_exploded":true,"_verified":true,"ClassExpression":{"enter":[null]},"ClassDeclaration":{"enter":[null]}},"options":{},"externalDependencies":[]},{"key":"syntax-async-generators","visitor":{"_exploded":true,"_verified":true},"options":{},"externalDependencies":[]},{"key":"proposal-async-generator-functions","visitor":{"Program":{"enter":[null]},"_exploded":true,"_verified":true},"options":{},"externalDependencies":[]},{"key":"syntax-object-rest-spread","visitor":{"_exploded":true,"_verified":true},"options":{},"externalDependencies":[]},{"key":"proposal-object-rest-spread","visitor":{"VariableDeclarator":{"enter":[null]},"ExportNamedDeclaration":{"enter":[null]},"CatchClause":{"enter":[null]},"AssignmentExpression":{"enter":[null]},"ArrayPattern":{"enter":[null]},"ObjectExpression":{"enter":[null]},"FunctionDeclaration":{"enter":[null]},"FunctionExpression":{"enter":[null]},"ObjectMethod":{"enter":[null]},"ArrowFunctionExpression":{"enter":[null]},"ClassMethod":{"enter":[null]},"ClassPrivateMethod":{"enter":[null]},"ForInStatement":{"enter":[null]},"ForOfStatement":{"enter":[null]},"_exploded":true,"_verified":true},"options":{},"externalDependencies":[]},{"key":"proposal-logical-assignment-operators","visitor":{"AssignmentExpression":{"enter":[null]},"_exploded":true,"_verified":true},"options":{},"externalDependencies":[]},{"key":"transform-arrow-functions","visitor":{"ArrowFunctionExpression":{"enter":[null]},"_exploded":true,"_verified":true},"options":{},"externalDependencies":[]},{"key":"transform-block-scoped-functions","visitor":{"BlockStatement":{"enter":[null]},"SwitchCase":{"enter":[null]},"_exploded":true,"_verified":true},"options":{},"externalDependencies":[]},{"key":"transform-block-scoping","visitor":{"VariableDeclaration":{"enter":[null,null]},"BlockStatement":{"enter":[null]},"SwitchCase":{"enter":[null]},"ClassDeclaration":{"enter":[null]},"DoWhileStatement":{"enter":[null]},"ForInStatement":{"enter":[null]},"ForStatement":{"enter":[null]},"WhileStatement":{"enter":[null]},"ForOfStatement":{"enter":[null]},"_exploded":true,"_verified":true},"options":{},"externalDependencies":[]},{"key":"transform-classes","visitor":{"ExportDefaultDeclaration":{"enter":[null]},"ClassDeclaration":{"enter":[null]},"ClassExpression":{"enter":[null]},"_exploded":true,"_verified":true},"options":{"loose":true},"externalDependencies":[]},{"key":"transform-computed-properties","visitor":{"ObjectExpression":{"exit":[null]},"_exploded":true,"_verified":true},"options":{"loose":true},"externalDependencies":[]},{"key":"transform-destructuring","visitor":{"ExportNamedDeclaration":{"enter":[null]},"CatchClause":{"enter":[null]},"AssignmentExpression":{"enter":[null]},"VariableDeclaration":{"enter":[null]},"_exploded":true,"_verified":true,"ForInStatement":{"enter":[null]},"ForOfStatement":{"enter":[null]}},"options":{},"externalDependencies":[]},{"key":"transform-for-of","visitor":{"ForOfStatement":{"enter":[null]},"_exploded":true,"_verified":true},"options":{"loose":true},"externalDependencies":[]},{"key":"transform-literals","visitor":{"NumericLiteral":{"enter":[null]},"StringLiteral":{"enter":[null]},"_exploded":true,"_verified":true},"options":{},"externalDependencies":[]},{"key":"transform-object-super","visitor":{"ObjectExpression":{"enter":[null]},"_exploded":true,"_verified":true,"DoWhileStatement":{"exit":[null]},"ForInStatement":{"exit":[null]},"ForStatement":{"exit":[null]},"WhileStatement":{"exit":[null]},"ForOfStatement":{"exit":[null]}},"options":{},"externalDependencies":[]},{"key":"transform-parameters","visitor":{"_exploded":true,"_verified":true,"FunctionDeclaration":{"enter":[null]},"FunctionExpression":{"enter":[null]},"ObjectMethod":{"enter":[null]},"ArrowFunctionExpression":{"enter":[null]},"ClassMethod":{"enter":[null]},"ClassPrivateMethod":{"enter":[null]}},"options":{},"externalDependencies":[]},{"key":"transform-shorthand-properties","visitor":{"ObjectMethod":{"enter":[null]},"ObjectProperty":{"enter":[null]},"_exploded":true,"_verified":true},"options":{},"externalDependencies":[]},{"key":"transform-spread","visitor":{"ArrayExpression":{"enter":[null]},"CallExpression":{"enter":[null]},"NewExpression":{"enter":[null]},"_exploded":true,"_verified":true},"options":{},"externalDependencies":[]},{"key":"transform-sticky-regex","visitor":{"RegExpLiteral":{"enter":[null]},"_exploded":true,"_verified":true},"options":{},"externalDependencies":[]},{"key":"transform-template-literals","visitor":{"TaggedTemplateExpression":{"enter":[null]},"TemplateLiteral":{"enter":[null]},"_exploded":true,"_verified":true},"options":{"loose":true},"externalDependencies":[]},{"key":"transform-typeof-symbol","visitor":{"UnaryExpression":{"enter":[null]},"_exploded":true,"_verified":true,"BlockStatement":{"enter":[null]},"CatchClause":{"enter":[null]},"DoWhileStatement":{"enter":[null]},"ForInStatement":{"enter":[null]},"ForStatement":{"enter":[null]},"FunctionDeclaration":{"enter":[null]},"FunctionExpression":{"enter":[null]},"Program":{"enter":[null]},"ObjectMethod":{"enter":[null]},"SwitchStatement":{"enter":[null]},"WhileStatement":{"enter":[null]},"ArrowFunctionExpression":{"enter":[null]},"ClassExpression":{"enter":[null]},"ClassDeclaration":{"enter":[null]},"ForOfStatement":{"enter":[null]},"ClassMethod":{"enter":[null]},"ClassPrivateMethod":{"enter":[null]},"StaticBlock":{"enter":[null]},"TSModuleBlock":{"enter":[null]},"AssignmentPattern":{"enter":[null]},"ArrayPattern":{"enter":[null]},"ObjectPattern":{"enter":[null]}},"options":{},"externalDependencies":[]},{"key":"transform-unicode-regex","visitor":{"RegExpLiteral":{"enter":[null]},"_exploded":true,"_verified":true},"options":{},"externalDependencies":[]},{"key":"transform-property-literals","visitor":{"ObjectProperty":{"exit":[null]},"_exploded":true,"_verified":true},"options":{},"externalDependencies":[]},{"key":"transform-exponentiation-operator","visitor":{"AssignmentExpression":{"enter":[null]},"BinaryExpression":{"enter":[null]},"_exploded":true,"_verified":true},"options":{},"externalDependencies":[]},{"key":"transform-regenerator","visitor":{"ObjectMethod":{"enter":[null],"exit":[null]},"ClassMethod":{"enter":[null],"exit":[null]},"ClassPrivateMethod":{"enter":[null],"exit":[null]},"FunctionDeclaration":{"exit":[null]},"FunctionExpression":{"exit":[null]},"ArrowFunctionExpression":{"exit":[null]},"CallExpression":{"enter":[null]},"_exploded":true,"_verified":true},"options":{},"externalDependencies":[]}],"presets":[],"generatorOpts":{"filename":"/Users/matteodemicheli/Sites/meteor-boilerplate/packages/ejson/utils.js","comments":true,"compact":false,"sourceMaps":true,"sourceFileName":"packages/ejson/utils.js"}},"code":"var _slicedToArray;\nmodule.link(\"@babel/runtime/helpers/slicedToArray\", {\n  default: function (v) {\n    _slicedToArray = v;\n  }\n}, 0);\nvar _typeof;\nmodule.link(\"@babel/runtime/helpers/typeof\", {\n  default: function (v) {\n    _typeof = v;\n  }\n}, 1);\nmodule.export({\n  isFunction: function () {\n    return isFunction;\n  },\n  isObject: function () {\n    return isObject;\n  },\n  keysOf: function () {\n    return keysOf;\n  },\n  lengthOf: function () {\n    return lengthOf;\n  },\n  hasOwn: function () {\n    return hasOwn;\n  },\n  convertMapToObject: function () {\n    return convertMapToObject;\n  },\n  isArguments: function () {\n    return isArguments;\n  },\n  isInfOrNaN: function () {\n    return isInfOrNaN;\n  },\n  checkError: function () {\n    return checkError;\n  },\n  handleError: function () {\n    return handleError;\n  }\n});\nvar isFunction = function (fn) {\n  return typeof fn === 'function';\n};\nvar isObject = function (fn) {\n  return _typeof(fn) === 'object';\n};\nvar keysOf = function (obj) {\n  return Object.keys(obj);\n};\nvar lengthOf = function (obj) {\n  return Object.keys(obj).length;\n};\nvar hasOwn = function (obj, prop) {\n  return Object.prototype.hasOwnProperty.call(obj, prop);\n};\nvar convertMapToObject = function (map) {\n  return Array.from(map).reduce(function (acc, _ref) {\n    var _ref2 = _slicedToArray(_ref, 2),\n      key = _ref2[0],\n      value = _ref2[1];\n    // reassign to not create new object\n    acc[key] = value;\n    return acc;\n  }, {});\n};\nvar isArguments = function (obj) {\n  return obj != null && hasOwn(obj, 'callee');\n};\nvar isInfOrNaN = function (obj) {\n  return Number.isNaN(obj) || obj === Infinity || obj === -Infinity;\n};\nvar checkError = {\n  maxStack: function (msgError) {\n    return new RegExp('Maximum call stack size exceeded', 'g').test(msgError);\n  }\n};\nvar handleError = function (fn) {\n  return function () {\n    try {\n      return fn.apply(this, arguments);\n    } catch (error) {\n      var isMaxStack = checkError.maxStack(error.message);\n      if (isMaxStack) {\n        throw new Error('Converting circular structure to JSON');\n      }\n      throw error;\n    }\n  };\n};","map":{"version":3,"names":["_slicedToArray","module","link","default","v","_typeof","export","isFunction","isObject","keysOf","lengthOf","hasOwn","convertMapToObject","isArguments","isInfOrNaN","checkError","handleError","fn","obj","Object","keys","length","prop","prototype","hasOwnProperty","call","map","Array","from","reduce","acc","_ref","_ref2","key","value","Number","isNaN","Infinity","maxStack","msgError","RegExp","test","apply","arguments","error","isMaxStack","message","Error"],"sources":["packages/ejson/utils.js"],"sourcesContent":["export const isFunction = (fn) => typeof fn === 'function';\n\nexport const isObject = (fn) => typeof fn === 'object';\n\nexport const keysOf = (obj) => Object.keys(obj);\n\nexport const lengthOf = (obj) => Object.keys(obj).length;\n\nexport const hasOwn = (obj, prop) => Object.prototype.hasOwnProperty.call(obj, prop);\n\nexport const convertMapToObject = (map) => Array.from(map).reduce((acc, [key, value]) => {\n  // reassign to not create new object\n  acc[key] = value;\n  return acc;\n}, {});\n\nexport const isArguments = obj => obj != null && hasOwn(obj, 'callee');\n\nexport const isInfOrNaN =\n  obj => Number.isNaN(obj) || obj === Infinity || obj === -Infinity;\n\nexport const checkError = {\n  maxStack: (msgError) => new RegExp('Maximum call stack size exceeded', 'g').test(msgError),\n};\n\nexport const handleError = (fn) => function() {\n  try {\n    return fn.apply(this, arguments);\n  } catch (error) {\n    const isMaxStack = checkError.maxStack(error.message);\n    if (isMaxStack) {\n      throw new Error('Converting circular structure to JSON')\n    }\n    throw error;\n  }\n};\n"],"mappings":"AAAA,IAAIA,cAAc;AAACC,MAAM,CAACC,IAAI,CAAC,sCAAsC,EAAC;EAACC,OAAO,EAAC,SAAAA,CAASC,CAAC,EAAC;IAACJ,cAAc,GAACI,CAAC;EAAA;AAAC,CAAC,EAAC,CAAC,CAAC;AAAC,IAAIC,OAAO;AAACJ,MAAM,CAACC,IAAI,CAAC,+BAA+B,EAAC;EAACC,OAAO,EAAC,SAAAA,CAASC,CAAC,EAAC;IAACC,OAAO,GAACD,CAAC;EAAA;AAAC,CAAC,EAAC,CAAC,CAAC;AAA5MH,MAAM,CAACK,MAAM,CAAC;EAACC,UAAU,EAAC,SAAAA,CAAA,EAAU;IAAC,OAAOA,UAAU;EAAA,CAAC;EAACC,QAAQ,EAAC,SAAAA,CAAA,EAAU;IAAC,OAAOA,QAAQ;EAAA,CAAC;EAACC,MAAM,EAAC,SAAAA,CAAA,EAAU;IAAC,OAAOA,MAAM;EAAA,CAAC;EAACC,QAAQ,EAAC,SAAAA,CAAA,EAAU;IAAC,OAAOA,QAAQ;EAAA,CAAC;EAACC,MAAM,EAAC,SAAAA,CAAA,EAAU;IAAC,OAAOA,MAAM;EAAA,CAAC;EAACC,kBAAkB,EAAC,SAAAA,CAAA,EAAU;IAAC,OAAOA,kBAAkB;EAAA,CAAC;EAACC,WAAW,EAAC,SAAAA,CAAA,EAAU;IAAC,OAAOA,WAAW;EAAA,CAAC;EAACC,UAAU,EAAC,SAAAA,CAAA,EAAU;IAAC,OAAOA,UAAU;EAAA,CAAC;EAACC,UAAU,EAAC,SAAAA,CAAA,EAAU;IAAC,OAAOA,UAAU;EAAA,CAAC;EAACC,WAAW,EAAC,SAAAA,CAAA,EAAU;IAAC,OAAOA,WAAW;EAAA;AAAC,CAAC,CAAC;AAA/Z,IAAMT,UAAU,GAAG,SAAAA,CAACU,EAAE;EAAA,OAAK,OAAOA,EAAE,KAAK,UAAU;AAAA;AAEnD,IAAMT,QAAQ,GAAG,SAAAA,CAACS,EAAE;EAAA,OAAKZ,OAAA,CAAOY,EAAE,MAAK,QAAQ;AAAA;AAE/C,IAAMR,MAAM,GAAG,SAAAA,CAACS,GAAG;EAAA,OAAKC,MAAM,CAACC,IAAI,CAACF,GAAG,CAAC;AAAA;AAExC,IAAMR,QAAQ,GAAG,SAAAA,CAACQ,GAAG;EAAA,OAAKC,MAAM,CAACC,IAAI,CAACF,GAAG,CAAC,CAACG,MAAM;AAAA;AAEjD,IAAMV,MAAM,GAAG,SAAAA,CAACO,GAAG,EAAEI,IAAI;EAAA,OAAKH,MAAM,CAACI,SAAS,CAACC,cAAc,CAACC,IAAI,CAACP,GAAG,EAAEI,IAAI,CAAC;AAAA;AAE7E,IAAMV,kBAAkB,GAAG,SAAAA,CAACc,GAAG;EAAA,OAAKC,KAAK,CAACC,IAAI,CAACF,GAAG,CAAC,CAACG,MAAM,CAAC,UAACC,GAAG,EAAAC,IAAA,EAAmB;IAAA,IAAAC,KAAA,GAAAhC,cAAA,CAAA+B,IAAA;MAAhBE,GAAG,GAAAD,KAAA;MAAEE,KAAK,GAAAF,KAAA;IACjF;IACAF,GAAG,CAACG,GAAG,CAAC,GAAGC,KAAK;IAChB,OAAOJ,GAAG;EACZ,CAAC,EAAE,CAAC,CAAC,CAAC;AAAA;AAEC,IAAMjB,WAAW,GAAG,SAAAA,CAAAK,GAAG;EAAA,OAAIA,GAAG,IAAI,IAAI,IAAIP,MAAM,CAACO,GAAG,EAAE,QAAQ,CAAC;AAAA;AAE/D,IAAMJ,UAAU,GACrB,SAAAA,CAAAI,GAAG;EAAA,OAAIiB,MAAM,CAACC,KAAK,CAAClB,GAAG,CAAC,IAAIA,GAAG,KAAKmB,QAAQ,IAAInB,GAAG,KAAK,CAACmB,QAAQ;AAAA;AAE5D,IAAMtB,UAAU,GAAG;EACxBuB,QAAQ,EAAE,SAAAA,CAACC,QAAQ;IAAA,OAAK,IAAIC,MAAM,CAAC,kCAAkC,EAAE,GAAG,CAAC,CAACC,IAAI,CAACF,QAAQ,CAAC;EAAA;AAC5F,CAAC;AAEM,IAAMvB,WAAW,GAAG,SAAAA,CAACC,EAAE;EAAA,OAAK,YAAW;IAC5C,IAAI;MACF,OAAOA,EAAE,CAACyB,KAAK,CAAC,IAAI,EAAEC,SAAS,CAAC;IAClC,CAAC,CAAC,OAAOC,KAAK,EAAE;MACd,IAAMC,UAAU,GAAG9B,UAAU,CAACuB,QAAQ,CAACM,KAAK,CAACE,OAAO,CAAC;MACrD,IAAID,UAAU,EAAE;QACd,MAAM,IAAIE,KAAK,CAAC,uCAAuC,CAAC;MAC1D;MACA,MAAMH,KAAK;IACb;EACF,CAAC;AAAA","ignoreList":[]},"sourceType":"module","externalDependencies":{},"hash":"245575481bb52a309a8d1c3fdef0326f3aa77605"}
