{"metadata":{},"options":{"assumptions":{},"compact":false,"sourceMaps":true,"ast":true,"babelrc":false,"configFile":false,"parserOpts":{"sourceType":"module","sourceFileName":"/Users/matteodemicheli/Sites/meteor-boilerplate/packages/random/NodeRandomGenerator.js","plugins":["*","flow","jsx","asyncGenerators","bigInt","classPrivateMethods","classPrivateProperties","classProperties","doExpressions","dynamicImport","exportDefaultFrom","exportExtensions","exportNamespaceFrom","functionBind","functionSent","importMeta","nullishCoalescingOperator","numericSeparator","objectRestSpread","optionalCatchBinding","optionalChaining",["pipelineOperator",{"proposal":"minimal"}],"throwExpressions","topLevelAwait","objectRestSpread","objectRestSpread","asyncGenerators","classProperties","classPrivateProperties","jsx","nullishCoalescingOperator","nullishCoalescingOperator","optionalChaining","optionalChaining","optionalCatchBinding","optionalCatchBinding","classProperties","classPrivateProperties","classPrivateMethods","classProperties","classPrivateProperties","asyncGenerators","asyncGenerators","objectRestSpread","objectRestSpread","logicalAssignment"],"allowImportExportEverywhere":true,"allowReturnOutsideFunction":true,"allowUndeclaredExports":true,"strictMode":false},"caller":{"name":"meteor","arch":"os.osx.arm64"},"sourceFileName":"packages/random/NodeRandomGenerator.js","filename":"/Users/matteodemicheli/Sites/meteor-boilerplate/packages/random/NodeRandomGenerator.js","targets":{},"cloneInputAst":true,"browserslistConfigFile":false,"passPerPreset":false,"envName":"development","cwd":"/Users/matteodemicheli/Sites/meteor-boilerplate","root":"/Users/matteodemicheli/Sites/meteor-boilerplate","rootMode":"root","plugins":[{"key":"base$0","visitor":{"_exploded":true,"_verified":true},"options":{},"externalDependencies":[]},{"key":"base$0$0","visitor":{"Program":{"enter":[null],"exit":[null]},"_exploded":true,"_verified":true},"options":{"avoidModernSyntax":false,"enforceStrictMode":false,"dynamicImport":true,"generateLetDeclarations":true,"topLevelAwait":true},"externalDependencies":[]},{"key":"transform-runtime","visitor":{"MemberExpression":{"enter":[null]},"ObjectPattern":{"enter":[null]},"BinaryExpression":{"enter":[null]},"Identifier":{"enter":[null]},"JSXIdentifier":{"enter":[null]},"_exploded":true,"_verified":true},"options":{"version":"7.17.2","helpers":true,"useESModules":false,"corejs":false},"externalDependencies":[]},{"key":"syntax-object-rest-spread","visitor":{"_exploded":true,"_verified":true},"options":{},"externalDependencies":[]},{"key":"proposal-object-rest-spread","visitor":{"VariableDeclarator":{"enter":[null]},"ExportNamedDeclaration":{"enter":[null]},"CatchClause":{"enter":[null]},"AssignmentExpression":{"enter":[null]},"ArrayPattern":{"enter":[null]},"ObjectExpression":{"enter":[null]},"FunctionDeclaration":{"enter":[null]},"FunctionExpression":{"enter":[null]},"ObjectMethod":{"enter":[null]},"ArrowFunctionExpression":{"enter":[null]},"ClassMethod":{"enter":[null]},"ClassPrivateMethod":{"enter":[null]},"ForInStatement":{"enter":[null]},"ForOfStatement":{"enter":[null]},"_exploded":true,"_verified":true},"options":{},"externalDependencies":[]},{"key":"proposal-async-generator-functions","visitor":{"Program":{"enter":[null]},"_exploded":true,"_verified":true},"options":{},"externalDependencies":[]},{"key":"proposal-class-properties","visitor":{"ExportDefaultDeclaration":{"enter":[null]},"_exploded":true,"_verified":true,"ClassExpression":{"enter":[null]},"ClassDeclaration":{"enter":[null]}},"options":{"loose":true},"externalDependencies":[]},{"key":"transform-react-jsx","visitor":{"JSXNamespacedName":{"enter":[null]},"JSXSpreadChild":{"enter":[null]},"Program":{"enter":[null]},"JSXFragment":{"exit":[null]},"JSXElement":{"exit":[null]},"JSXAttribute":{"enter":[null]},"_exploded":true,"_verified":true},"options":{"pragma":"React.createElement","pragmaFrag":"React.Fragment","runtime":"classic","throwIfNamespace":true,"useBuiltIns":false},"externalDependencies":[]},{"key":"transform-react-display-name","visitor":{"ExportDefaultDeclaration":{"enter":[null]},"CallExpression":{"enter":[null]},"_exploded":true,"_verified":true},"options":{},"externalDependencies":[]},{"key":"transform-react-pure-annotations","visitor":{"CallExpression":{"enter":[null]},"_exploded":true,"_verified":true},"options":{},"externalDependencies":[]},{"key":"syntax-nullish-coalescing-operator","visitor":{"_exploded":true,"_verified":true},"options":{},"externalDependencies":[]},{"key":"proposal-nullish-coalescing-operator","visitor":{"LogicalExpression":{"enter":[null]},"_exploded":true,"_verified":true},"options":{},"externalDependencies":[]},{"key":"syntax-optional-chaining","visitor":{"_exploded":true,"_verified":true},"options":{},"externalDependencies":[]},{"key":"proposal-optional-chaining","visitor":{"OptionalCallExpression":{"enter":[null]},"OptionalMemberExpression":{"enter":[null]},"_exploded":true,"_verified":true},"options":{},"externalDependencies":[]},{"key":"syntax-optional-catch-binding","visitor":{"_exploded":true,"_verified":true},"options":{},"externalDependencies":[]},{"key":"proposal-optional-catch-binding","visitor":{"CatchClause":{"enter":[null]},"_exploded":true,"_verified":true},"options":{},"externalDependencies":[]},{"key":"syntax-class-properties","visitor":{"_exploded":true,"_verified":true},"options":{},"externalDependencies":[]},{"key":"proposal-class-properties","visitor":{"ExportDefaultDeclaration":{"enter":[null]},"_exploded":true,"_verified":true,"ClassExpression":{"enter":[null]},"ClassDeclaration":{"enter":[null]}},"options":{},"externalDependencies":[]},{"key":"syntax-async-generators","visitor":{"_exploded":true,"_verified":true},"options":{},"externalDependencies":[]},{"key":"proposal-async-generator-functions","visitor":{"Program":{"enter":[null]},"_exploded":true,"_verified":true},"options":{},"externalDependencies":[]},{"key":"syntax-object-rest-spread","visitor":{"_exploded":true,"_verified":true},"options":{},"externalDependencies":[]},{"key":"proposal-object-rest-spread","visitor":{"VariableDeclarator":{"enter":[null]},"ExportNamedDeclaration":{"enter":[null]},"CatchClause":{"enter":[null]},"AssignmentExpression":{"enter":[null]},"ArrayPattern":{"enter":[null]},"ObjectExpression":{"enter":[null]},"FunctionDeclaration":{"enter":[null]},"FunctionExpression":{"enter":[null]},"ObjectMethod":{"enter":[null]},"ArrowFunctionExpression":{"enter":[null]},"ClassMethod":{"enter":[null]},"ClassPrivateMethod":{"enter":[null]},"ForInStatement":{"enter":[null]},"ForOfStatement":{"enter":[null]},"_exploded":true,"_verified":true},"options":{},"externalDependencies":[]},{"key":"proposal-logical-assignment-operators","visitor":{"AssignmentExpression":{"enter":[null]},"_exploded":true,"_verified":true},"options":{},"externalDependencies":[]},{"key":"transform-literals","visitor":{"NumericLiteral":{"enter":[null]},"StringLiteral":{"enter":[null]},"_exploded":true,"_verified":true},"options":{},"externalDependencies":[]},{"key":"transform-template-literals","visitor":{"TaggedTemplateExpression":{"enter":[null]},"TemplateLiteral":{"enter":[null]},"_exploded":true,"_verified":true},"options":{},"externalDependencies":[]},{"key":"transform-parameters","visitor":{"_exploded":true,"_verified":true,"FunctionDeclaration":{"enter":[null]},"FunctionExpression":{"enter":[null]},"ObjectMethod":{"enter":[null]},"ArrowFunctionExpression":{"enter":[null]},"ClassMethod":{"enter":[null]},"ClassPrivateMethod":{"enter":[null]}},"options":{},"externalDependencies":[]},{"key":"transform-exponentiation-operator","visitor":{"AssignmentExpression":{"enter":[null]},"BinaryExpression":{"enter":[null]},"_exploded":true,"_verified":true},"options":{},"externalDependencies":[]}],"presets":[],"generatorOpts":{"filename":"/Users/matteodemicheli/Sites/meteor-boilerplate/packages/random/NodeRandomGenerator.js","comments":true,"compact":false,"sourceMaps":true,"sourceFileName":"packages/random/NodeRandomGenerator.js"}},"code":"!module.wrapAsync(async function (module, __reifyWaitForDeps__, __reify_async_result__) {\n  \"use strict\";\n  try {\n    module.export({\n      default: () => NodeRandomGenerator\n    });\n    let crypto;\n    module.link(\"crypto\", {\n      default(v) {\n        crypto = v;\n      }\n    }, 0);\n    let RandomGenerator;\n    module.link(\"./AbstractRandomGenerator\", {\n      default(v) {\n        RandomGenerator = v;\n      }\n    }, 1);\n    if (__reifyWaitForDeps__()) (await __reifyWaitForDeps__())();\n    class NodeRandomGenerator extends RandomGenerator {\n      /**\n       * @name Random.fraction\n       * @summary Return a number between 0 and 1, like `Math.random`.\n       * @locus Anywhere\n       */\n      fraction() {\n        const numerator = Number.parseInt(this.hexString(8), 16);\n        return numerator * 2.3283064365386963e-10; // 2^-3;\n      }\n\n      /**\n       * @name Random.hexString\n       * @summary Return a random string of `n` hexadecimal digits.\n       * @locus Anywhere\n       * @param {Number} n Length of the string\n       */\n      hexString(digits) {\n        const numBytes = Math.ceil(digits / 2);\n        let bytes;\n        // Try to get cryptographically strong randomness. Fall back to\n        // non-cryptographically strong if not available.\n        try {\n          bytes = crypto.randomBytes(numBytes);\n        } catch (e) {\n          // XXX should re-throw any error except insufficient entropy\n          bytes = crypto.pseudoRandomBytes(numBytes);\n        }\n        const result = bytes.toString('hex');\n        // If the number of digits is odd, we'll have generated an extra 4 bits\n        // of randomness, so we need to trim the last digit.\n        return result.substring(0, digits);\n      }\n    }\n    __reify_async_result__();\n  } catch (_reifyError) {\n    return __reify_async_result__(_reifyError);\n  }\n  __reify_async_result__()\n}, {\n  self: this,\n  async: false\n});","map":{"version":3,"names":["module","export","default","NodeRandomGenerator","crypto","link","v","RandomGenerator","__reifyWaitForDeps__","fraction","numerator","Number","parseInt","hexString","digits","numBytes","Math","ceil","bytes","randomBytes","e","pseudoRandomBytes","result","toString","substring","__reify_async_result__","_reifyError","self","async"],"sources":["packages/random/NodeRandomGenerator.js"],"sourcesContent":["import crypto from 'crypto';\nimport RandomGenerator from './AbstractRandomGenerator';\n\nexport default class NodeRandomGenerator extends RandomGenerator {\n  /**\n   * @name Random.fraction\n   * @summary Return a number between 0 and 1, like `Math.random`.\n   * @locus Anywhere\n   */\n  fraction () {\n    const numerator = Number.parseInt(this.hexString(8), 16);\n    return numerator * 2.3283064365386963e-10; // 2^-3;\n  }\n\n  /**\n   * @name Random.hexString\n   * @summary Return a random string of `n` hexadecimal digits.\n   * @locus Anywhere\n   * @param {Number} n Length of the string\n   */\n  hexString (digits) {\n    const numBytes = Math.ceil(digits / 2);\n    let bytes;\n    // Try to get cryptographically strong randomness. Fall back to\n    // non-cryptographically strong if not available.\n    try {\n      bytes = crypto.randomBytes(numBytes);\n    } catch (e) {\n      // XXX should re-throw any error except insufficient entropy\n      bytes = crypto.pseudoRandomBytes(numBytes);\n    }\n    const result = bytes.toString('hex');\n    // If the number of digits is odd, we'll have generated an extra 4 bits\n    // of randomness, so we need to trim the last digit.\n    return result.substring(0, digits);\n  }\n}\n"],"mappings":";;;IAAAA,MAAM,CAACC,MAAM,CAAC;MAACC,OAAO,EAACA,CAAA,KAAIC;IAAmB,CAAC,CAAC;IAAC,IAAIC,MAAM;IAACJ,MAAM,CAACK,IAAI,CAAC,QAAQ,EAAC;MAACH,OAAOA,CAACI,CAAC,EAAC;QAACF,MAAM,GAACE,CAAC;MAAA;IAAC,CAAC,EAAC,CAAC,CAAC;IAAC,IAAIC,eAAe;IAACP,MAAM,CAACK,IAAI,CAAC,2BAA2B,EAAC;MAACH,OAAOA,CAACI,CAAC,EAAC;QAACC,eAAe,GAACD,CAAC;MAAA;IAAC,CAAC,EAAC,CAAC,CAAC;IAAC,IAAIE,oBAAoB,CAAC,CAAC,EAAE,CAAC,MAAMA,oBAAoB,CAAC,CAAC,EAAE,CAAC;IAGvP,MAAML,mBAAmB,SAASI,eAAe,CAAC;MAC/D;AACF;AACA;AACA;AACA;MACEE,QAAQA,CAAA,EAAI;QACV,MAAMC,SAAS,GAAGC,MAAM,CAACC,QAAQ,CAAC,IAAI,CAACC,SAAS,CAAC,CAAC,CAAC,EAAE,EAAE,CAAC;QACxD,OAAOH,SAAS,GAAG,sBAAsB,CAAC,CAAC;MAC7C;;MAEA;AACF;AACA;AACA;AACA;AACA;MACEG,SAASA,CAAEC,MAAM,EAAE;QACjB,MAAMC,QAAQ,GAAGC,IAAI,CAACC,IAAI,CAACH,MAAM,GAAG,CAAC,CAAC;QACtC,IAAII,KAAK;QACT;QACA;QACA,IAAI;UACFA,KAAK,GAAGd,MAAM,CAACe,WAAW,CAACJ,QAAQ,CAAC;QACtC,CAAC,CAAC,OAAOK,CAAC,EAAE;UACV;UACAF,KAAK,GAAGd,MAAM,CAACiB,iBAAiB,CAACN,QAAQ,CAAC;QAC5C;QACA,MAAMO,MAAM,GAAGJ,KAAK,CAACK,QAAQ,CAAC,KAAK,CAAC;QACpC;QACA;QACA,OAAOD,MAAM,CAACE,SAAS,CAAC,CAAC,EAAEV,MAAM,CAAC;MACpC;IACF;IAACW,sBAAA;EAAA,SAAAC,WAAA;IAAA,OAAAD,sBAAA,CAAAC,WAAA;EAAA;EAAAD,sBAAA;AAAA;EAAAE,IAAA;EAAAC,KAAA;AAAA","ignoreList":[]},"sourceType":"module","externalDependencies":{},"hash":"39ff30b2d827d035e732addb340480d49549af24"}
