{"metadata":{},"options":{"assumptions":{},"compact":false,"sourceMaps":true,"ast":true,"babelrc":false,"configFile":false,"parserOpts":{"sourceType":"module","sourceFileName":"/Users/matteodemicheli/Sites/meteor-boilerplate/packages/zodern:melte/hmr-runtime.js","plugins":["*","flow","jsx","asyncGenerators","bigInt","classPrivateMethods","classPrivateProperties","classProperties","doExpressions","dynamicImport","exportDefaultFrom","exportExtensions","exportNamespaceFrom","functionBind","functionSent","importMeta","nullishCoalescingOperator","numericSeparator","objectRestSpread","optionalCatchBinding","optionalChaining",["pipelineOperator",{"proposal":"minimal"}],"throwExpressions","topLevelAwait","classProperties","classPrivateProperties","jsx","nullishCoalescingOperator","nullishCoalescingOperator","optionalChaining","optionalChaining","optionalCatchBinding","optionalCatchBinding","classProperties","classPrivateProperties","classPrivateMethods","classProperties","classPrivateProperties","asyncGenerators","asyncGenerators","objectRestSpread","objectRestSpread","logicalAssignment"],"allowImportExportEverywhere":true,"allowReturnOutsideFunction":true,"allowUndeclaredExports":true,"strictMode":false},"caller":{"name":"meteor","arch":"web.browser.legacy"},"sourceFileName":"packages/zodern:melte/hmr-runtime.js","filename":"/Users/matteodemicheli/Sites/meteor-boilerplate/packages/zodern:melte/hmr-runtime.js","targets":{},"cloneInputAst":true,"browserslistConfigFile":false,"passPerPreset":false,"envName":"development","cwd":"/Users/matteodemicheli/Sites/meteor-boilerplate","root":"/Users/matteodemicheli/Sites/meteor-boilerplate","rootMode":"root","plugins":[{"key":"base$0","visitor":{"_exploded":true,"_verified":true},"options":{},"externalDependencies":[]},{"key":"base$0$0","visitor":{"Program":{"enter":[null],"exit":[null]},"_exploded":true,"_verified":true},"options":{"avoidModernSyntax":true,"enforceStrictMode":false,"dynamicImport":true},"externalDependencies":[]},{"key":"transform-runtime","visitor":{"MemberExpression":{"enter":[null]},"ObjectPattern":{"enter":[null]},"BinaryExpression":{"enter":[null]},"Identifier":{"enter":[null]},"JSXIdentifier":{"enter":[null]},"_exploded":true,"_verified":true},"options":{"version":"7.17.2","helpers":true,"useESModules":false,"corejs":false},"externalDependencies":[]},{"key":"proposal-class-properties","visitor":{"ExportDefaultDeclaration":{"enter":[null]},"_exploded":true,"_verified":true,"ClassExpression":{"enter":[null]},"ClassDeclaration":{"enter":[null]}},"options":{"loose":true},"externalDependencies":[]},{"key":"base$0$3","visitor":{"FunctionExpression":{"exit":[null]},"_exploded":true,"_verified":true},"options":{},"externalDependencies":[]},{"key":"base$0$4","visitor":{"ForInStatement":{"enter":[null]},"_exploded":true,"_verified":true},"options":{},"externalDependencies":[]},{"key":"transform-react-jsx","visitor":{"JSXNamespacedName":{"enter":[null]},"JSXSpreadChild":{"enter":[null]},"Program":{"enter":[null]},"JSXFragment":{"exit":[null]},"JSXElement":{"exit":[null]},"JSXAttribute":{"enter":[null]},"_exploded":true,"_verified":true},"options":{"pragma":"React.createElement","pragmaFrag":"React.Fragment","runtime":"classic","throwIfNamespace":true,"useBuiltIns":false},"externalDependencies":[]},{"key":"transform-react-display-name","visitor":{"ExportDefaultDeclaration":{"enter":[null]},"CallExpression":{"enter":[null]},"_exploded":true,"_verified":true},"options":{},"externalDependencies":[]},{"key":"transform-react-pure-annotations","visitor":{"CallExpression":{"enter":[null]},"_exploded":true,"_verified":true},"options":{},"externalDependencies":[]},{"key":"syntax-nullish-coalescing-operator","visitor":{"_exploded":true,"_verified":true},"options":{},"externalDependencies":[]},{"key":"proposal-nullish-coalescing-operator","visitor":{"LogicalExpression":{"enter":[null]},"_exploded":true,"_verified":true},"options":{},"externalDependencies":[]},{"key":"syntax-optional-chaining","visitor":{"_exploded":true,"_verified":true},"options":{},"externalDependencies":[]},{"key":"proposal-optional-chaining","visitor":{"OptionalCallExpression":{"enter":[null]},"OptionalMemberExpression":{"enter":[null]},"_exploded":true,"_verified":true},"options":{},"externalDependencies":[]},{"key":"syntax-optional-catch-binding","visitor":{"_exploded":true,"_verified":true},"options":{},"externalDependencies":[]},{"key":"proposal-optional-catch-binding","visitor":{"CatchClause":{"enter":[null]},"_exploded":true,"_verified":true},"options":{},"externalDependencies":[]},{"key":"syntax-class-properties","visitor":{"_exploded":true,"_verified":true},"options":{},"externalDependencies":[]},{"key":"proposal-class-properties","visitor":{"ExportDefaultDeclaration":{"enter":[null]},"_exploded":true,"_verified":true,"ClassExpression":{"enter":[null]},"ClassDeclaration":{"enter":[null]}},"options":{},"externalDependencies":[]},{"key":"syntax-async-generators","visitor":{"_exploded":true,"_verified":true},"options":{},"externalDependencies":[]},{"key":"proposal-async-generator-functions","visitor":{"Program":{"enter":[null]},"_exploded":true,"_verified":true},"options":{},"externalDependencies":[]},{"key":"syntax-object-rest-spread","visitor":{"_exploded":true,"_verified":true},"options":{},"externalDependencies":[]},{"key":"proposal-object-rest-spread","visitor":{"VariableDeclarator":{"enter":[null]},"ExportNamedDeclaration":{"enter":[null]},"CatchClause":{"enter":[null]},"AssignmentExpression":{"enter":[null]},"ArrayPattern":{"enter":[null]},"ObjectExpression":{"enter":[null]},"FunctionDeclaration":{"enter":[null]},"FunctionExpression":{"enter":[null]},"ObjectMethod":{"enter":[null]},"ArrowFunctionExpression":{"enter":[null]},"ClassMethod":{"enter":[null]},"ClassPrivateMethod":{"enter":[null]},"ForInStatement":{"enter":[null]},"ForOfStatement":{"enter":[null]},"_exploded":true,"_verified":true},"options":{},"externalDependencies":[]},{"key":"proposal-logical-assignment-operators","visitor":{"AssignmentExpression":{"enter":[null]},"_exploded":true,"_verified":true},"options":{},"externalDependencies":[]},{"key":"transform-arrow-functions","visitor":{"ArrowFunctionExpression":{"enter":[null]},"_exploded":true,"_verified":true},"options":{},"externalDependencies":[]},{"key":"transform-block-scoped-functions","visitor":{"BlockStatement":{"enter":[null]},"SwitchCase":{"enter":[null]},"_exploded":true,"_verified":true},"options":{},"externalDependencies":[]},{"key":"transform-block-scoping","visitor":{"VariableDeclaration":{"enter":[null,null]},"BlockStatement":{"enter":[null]},"SwitchCase":{"enter":[null]},"ClassDeclaration":{"enter":[null]},"DoWhileStatement":{"enter":[null]},"ForInStatement":{"enter":[null]},"ForStatement":{"enter":[null]},"WhileStatement":{"enter":[null]},"ForOfStatement":{"enter":[null]},"_exploded":true,"_verified":true},"options":{},"externalDependencies":[]},{"key":"transform-classes","visitor":{"ExportDefaultDeclaration":{"enter":[null]},"ClassDeclaration":{"enter":[null]},"ClassExpression":{"enter":[null]},"_exploded":true,"_verified":true},"options":{"loose":true},"externalDependencies":[]},{"key":"transform-computed-properties","visitor":{"ObjectExpression":{"exit":[null]},"_exploded":true,"_verified":true},"options":{"loose":true},"externalDependencies":[]},{"key":"transform-destructuring","visitor":{"ExportNamedDeclaration":{"enter":[null]},"CatchClause":{"enter":[null]},"AssignmentExpression":{"enter":[null]},"VariableDeclaration":{"enter":[null]},"_exploded":true,"_verified":true,"ForInStatement":{"enter":[null]},"ForOfStatement":{"enter":[null]}},"options":{},"externalDependencies":[]},{"key":"transform-for-of","visitor":{"ForOfStatement":{"enter":[null]},"_exploded":true,"_verified":true},"options":{"loose":true},"externalDependencies":[]},{"key":"transform-literals","visitor":{"NumericLiteral":{"enter":[null]},"StringLiteral":{"enter":[null]},"_exploded":true,"_verified":true},"options":{},"externalDependencies":[]},{"key":"transform-object-super","visitor":{"ObjectExpression":{"enter":[null]},"_exploded":true,"_verified":true,"DoWhileStatement":{"exit":[null]},"ForInStatement":{"exit":[null]},"ForStatement":{"exit":[null]},"WhileStatement":{"exit":[null]},"ForOfStatement":{"exit":[null]}},"options":{},"externalDependencies":[]},{"key":"transform-parameters","visitor":{"_exploded":true,"_verified":true,"FunctionDeclaration":{"enter":[null]},"FunctionExpression":{"enter":[null]},"ObjectMethod":{"enter":[null]},"ArrowFunctionExpression":{"enter":[null]},"ClassMethod":{"enter":[null]},"ClassPrivateMethod":{"enter":[null]}},"options":{},"externalDependencies":[]},{"key":"transform-shorthand-properties","visitor":{"ObjectMethod":{"enter":[null]},"ObjectProperty":{"enter":[null]},"_exploded":true,"_verified":true},"options":{},"externalDependencies":[]},{"key":"transform-spread","visitor":{"ArrayExpression":{"enter":[null]},"CallExpression":{"enter":[null]},"NewExpression":{"enter":[null]},"_exploded":true,"_verified":true},"options":{},"externalDependencies":[]},{"key":"transform-sticky-regex","visitor":{"RegExpLiteral":{"enter":[null]},"_exploded":true,"_verified":true},"options":{},"externalDependencies":[]},{"key":"transform-template-literals","visitor":{"TaggedTemplateExpression":{"enter":[null]},"TemplateLiteral":{"enter":[null]},"_exploded":true,"_verified":true},"options":{"loose":true},"externalDependencies":[]},{"key":"transform-typeof-symbol","visitor":{"UnaryExpression":{"enter":[null]},"_exploded":true,"_verified":true,"BlockStatement":{"enter":[null]},"CatchClause":{"enter":[null]},"DoWhileStatement":{"enter":[null]},"ForInStatement":{"enter":[null]},"ForStatement":{"enter":[null]},"FunctionDeclaration":{"enter":[null]},"FunctionExpression":{"enter":[null]},"Program":{"enter":[null]},"ObjectMethod":{"enter":[null]},"SwitchStatement":{"enter":[null]},"WhileStatement":{"enter":[null]},"ArrowFunctionExpression":{"enter":[null]},"ClassExpression":{"enter":[null]},"ClassDeclaration":{"enter":[null]},"ForOfStatement":{"enter":[null]},"ClassMethod":{"enter":[null]},"ClassPrivateMethod":{"enter":[null]},"StaticBlock":{"enter":[null]},"TSModuleBlock":{"enter":[null]},"AssignmentPattern":{"enter":[null]},"ArrayPattern":{"enter":[null]},"ObjectPattern":{"enter":[null]}},"options":{},"externalDependencies":[]},{"key":"transform-unicode-regex","visitor":{"RegExpLiteral":{"enter":[null]},"_exploded":true,"_verified":true},"options":{},"externalDependencies":[]},{"key":"transform-property-literals","visitor":{"ObjectProperty":{"exit":[null]},"_exploded":true,"_verified":true},"options":{},"externalDependencies":[]},{"key":"transform-exponentiation-operator","visitor":{"AssignmentExpression":{"enter":[null]},"BinaryExpression":{"enter":[null]},"_exploded":true,"_verified":true},"options":{},"externalDependencies":[]},{"key":"transform-regenerator","visitor":{"ObjectMethod":{"enter":[null],"exit":[null]},"ClassMethod":{"enter":[null],"exit":[null]},"ClassPrivateMethod":{"enter":[null],"exit":[null]},"FunctionDeclaration":{"exit":[null]},"FunctionExpression":{"exit":[null]},"ArrowFunctionExpression":{"exit":[null]},"CallExpression":{"enter":[null]},"_exploded":true,"_verified":true},"options":{},"externalDependencies":[]}],"presets":[],"generatorOpts":{"filename":"/Users/matteodemicheli/Sites/meteor-boilerplate/packages/zodern:melte/hmr-runtime.js","comments":true,"compact":false,"sourceMaps":true,"sourceFileName":"packages/zodern:melte/hmr-runtime.js"}},"code":"!function (module1) {\n  var _objectSpread;\n  module1.link(\"@babel/runtime/helpers/objectSpread2\", {\n    default: function (v) {\n      _objectSpread = v;\n    }\n  }, 0);\n  var _require = require('meteor/zodern:melte-compiler/hmr-runtime.js'),\n    makeApplyHmr = _require.makeApplyHmr;\n  module.exports.applyHmr = makeApplyHmr(function (args) {\n    var _args$m$hot$data;\n    // Mark this file as reloadable\n    args.m.hot.accept();\n    var acceptCallback = null;\n    if ((_args$m$hot$data = args.m.hot.data) !== null && _args$m$hot$data !== void 0 && _args$m$hot$data.acceptCallback) {\n      // svelte-hmr expects accept to work as with nollup or vite\n      // applying changes is done synchronously, so we wait until after it is done\n      setTimeout(function () {\n        return args.m.hot.data.acceptCallback();\n      }, 10);\n    }\n    args.m.hot.dispose(function (data) {\n      if (acceptCallback) {\n        data.acceptCallback = acceptCallback;\n      }\n    });\n    return Object.assign({}, args, {\n      hot: _objectSpread(_objectSpread({}, args.m.hot), {}, {\n        accept: function (cb) {\n          acceptCallback = cb;\n        }\n      }),\n      hotOptions: _objectSpread(_objectSpread({}, args.hotOptions || {}), {}, {\n        noOverlay: true\n      }),\n      reload: function () {\n        if (Package && Package.reload) {\n          Package.reload.Reload._reload({\n            immediateMigration: true\n          });\n        } else {\n          window.location.reload();\n        }\n      }\n    });\n  });\n}.call(this, module);","map":{"version":3,"names":["_objectSpread","module1","link","default","v","_require","require","makeApplyHmr","module","exports","applyHmr","args","_args$m$hot$data","m","hot","accept","acceptCallback","data","setTimeout","dispose","Object","assign","cb","hotOptions","noOverlay","reload","Package","Reload","_reload","immediateMigration","window","location","call"],"sources":["packages/zodern:melte/hmr-runtime.js"],"sourcesContent":["const { makeApplyHmr } = require('meteor/zodern:melte-compiler/hmr-runtime.js');\n\nmodule.exports.applyHmr = makeApplyHmr(args => {\n  // Mark this file as reloadable\n  args.m.hot.accept();\n\n  let acceptCallback = null;\n  if (args.m.hot.data?.acceptCallback) {\n    // svelte-hmr expects accept to work as with nollup or vite\n    // applying changes is done synchronously, so we wait until after it is done\n    setTimeout(() => args.m.hot.data.acceptCallback(), 10);\n  }\n\n  args.m.hot.dispose((data) => {\n    if (acceptCallback) {\n      data.acceptCallback = acceptCallback;\n    }\n  });\n\n  return Object.assign({}, args, {\n    hot: {\n      ...args.m.hot,\n      accept(cb) {\n        acceptCallback = cb;\n      }\n    },\n    hotOptions: {\n      ...(args.hotOptions || {}),\n      noOverlay: true\n    },\n    reload() {\n      if (Package && Package.reload) {\n        Package.reload.Reload._reload({ immediateMigration: true });\n      } else {\n        window.location.reload();\n      }\n    }\n  });\n});\n"],"mappings":";EAAA,IAAIA,aAAa;EAACC,OAAO,CAACC,IAAI,CAAC,sCAAsC,EAAC;IAACC,OAAO,EAAC,SAAAA,CAASC,CAAC,EAAC;MAACJ,aAAa,GAACI,CAAC;IAAA;EAAC,CAAC,EAAC,CAAC,CAAC;EAA/G,IAAAC,QAAA,GAAyBC,OAAO,CAAC,6CAA6C,CAAC;IAAvEC,YAAY,GAAAF,QAAA,CAAZE,YAAY;EAEpBC,MAAM,CAACC,OAAO,CAACC,QAAQ,GAAGH,YAAY,CAAC,UAAAI,IAAI,EAAI;IAAA,IAAAC,gBAAA;IAC7C;IACAD,IAAI,CAACE,CAAC,CAACC,GAAG,CAACC,MAAM,CAAC,CAAC;IAEnB,IAAIC,cAAc,GAAG,IAAI;IACzB,KAAAJ,gBAAA,GAAID,IAAI,CAACE,CAAC,CAACC,GAAG,CAACG,IAAI,cAAAL,gBAAA,eAAfA,gBAAA,CAAiBI,cAAc,EAAE;MACnC;MACA;MACAE,UAAU,CAAC;QAAA,OAAMP,IAAI,CAACE,CAAC,CAACC,GAAG,CAACG,IAAI,CAACD,cAAc,CAAC,CAAC;MAAA,GAAE,EAAE,CAAC;IACxD;IAEAL,IAAI,CAACE,CAAC,CAACC,GAAG,CAACK,OAAO,CAAC,UAACF,IAAI,EAAK;MAC3B,IAAID,cAAc,EAAE;QAClBC,IAAI,CAACD,cAAc,GAAGA,cAAc;MACtC;IACF,CAAC,CAAC;IAEF,OAAOI,MAAM,CAACC,MAAM,CAAC,CAAC,CAAC,EAAEV,IAAI,EAAE;MAC7BG,GAAG,EAAAd,aAAA,CAAAA,aAAA,KACEW,IAAI,CAACE,CAAC,CAACC,GAAG;QACbC,MAAM,WAAAA,CAACO,EAAE,EAAE;UACTN,cAAc,GAAGM,EAAE;QACrB;MAAC,EACF;MACDC,UAAU,EAAAvB,aAAA,CAAAA,aAAA,KACJW,IAAI,CAACY,UAAU,IAAI,CAAC,CAAC;QACzBC,SAAS,EAAE;MAAI,EAChB;MACDC,MAAM,WAAAA,CAAA,EAAG;QACP,IAAIC,OAAO,IAAIA,OAAO,CAACD,MAAM,EAAE;UAC7BC,OAAO,CAACD,MAAM,CAACE,MAAM,CAACC,OAAO,CAAC;YAAEC,kBAAkB,EAAE;UAAK,CAAC,CAAC;QAC7D,CAAC,MAAM;UACLC,MAAM,CAACC,QAAQ,CAACN,MAAM,CAAC,CAAC;QAC1B;MACF;IACF,CAAC,CAAC;EACJ,CAAC,CAAC;AAAC,EAAAO,IAAA,OAAAxB,MAAA","ignoreList":[]},"sourceType":"module","externalDependencies":{},"hash":"3cc45d878380e530c7e183be3a5aa1deabfcbd87"}
