{"metadata":{},"options":{"assumptions":{},"compact":false,"sourceMaps":true,"ast":true,"babelrc":false,"configFile":false,"parserOpts":{"sourceType":"module","sourceFileName":"/Users/matteodemicheli/Sites/meteor-boilerplate/packages/ddp-common/heartbeat.js","plugins":["*","flow","jsx","asyncGenerators","bigInt","classPrivateMethods","classPrivateProperties","classProperties","doExpressions","dynamicImport","exportDefaultFrom","exportExtensions","exportNamespaceFrom","functionBind","functionSent","importMeta","nullishCoalescingOperator","numericSeparator","objectRestSpread","optionalCatchBinding","optionalChaining",["pipelineOperator",{"proposal":"minimal"}],"throwExpressions","topLevelAwait","classProperties","classPrivateProperties","jsx","nullishCoalescingOperator","nullishCoalescingOperator","optionalChaining","optionalChaining","optionalCatchBinding","optionalCatchBinding","classProperties","classPrivateProperties","classPrivateMethods","classProperties","classPrivateProperties","asyncGenerators","asyncGenerators","objectRestSpread","objectRestSpread","logicalAssignment"],"allowImportExportEverywhere":true,"allowReturnOutsideFunction":true,"allowUndeclaredExports":true,"strictMode":false},"caller":{"name":"meteor","arch":"web.browser.legacy"},"sourceFileName":"packages/ddp-common/heartbeat.js","filename":"/Users/matteodemicheli/Sites/meteor-boilerplate/packages/ddp-common/heartbeat.js","targets":{},"cloneInputAst":true,"browserslistConfigFile":false,"passPerPreset":false,"envName":"development","cwd":"/Users/matteodemicheli/Sites/meteor-boilerplate","root":"/Users/matteodemicheli/Sites/meteor-boilerplate","rootMode":"root","plugins":[{"key":"base$0","visitor":{"_exploded":true,"_verified":true},"options":{},"externalDependencies":[]},{"key":"base$0$0","visitor":{"Program":{"enter":[null],"exit":[null]},"_exploded":true,"_verified":true},"options":{"avoidModernSyntax":true,"enforceStrictMode":false,"dynamicImport":true},"externalDependencies":[]},{"key":"transform-runtime","visitor":{"MemberExpression":{"enter":[null]},"ObjectPattern":{"enter":[null]},"BinaryExpression":{"enter":[null]},"Identifier":{"enter":[null]},"JSXIdentifier":{"enter":[null]},"_exploded":true,"_verified":true},"options":{"version":"7.17.2","helpers":true,"useESModules":false,"corejs":false},"externalDependencies":[]},{"key":"proposal-class-properties","visitor":{"ExportDefaultDeclaration":{"enter":[null]},"_exploded":true,"_verified":true,"ClassExpression":{"enter":[null]},"ClassDeclaration":{"enter":[null]}},"options":{"loose":true},"externalDependencies":[]},{"key":"base$0$3","visitor":{"FunctionExpression":{"exit":[null]},"_exploded":true,"_verified":true},"options":{},"externalDependencies":[]},{"key":"base$0$4","visitor":{"ForInStatement":{"enter":[null]},"_exploded":true,"_verified":true},"options":{},"externalDependencies":[]},{"key":"transform-react-jsx","visitor":{"JSXNamespacedName":{"enter":[null]},"JSXSpreadChild":{"enter":[null]},"Program":{"enter":[null]},"JSXFragment":{"exit":[null]},"JSXElement":{"exit":[null]},"JSXAttribute":{"enter":[null]},"_exploded":true,"_verified":true},"options":{"pragma":"React.createElement","pragmaFrag":"React.Fragment","runtime":"classic","throwIfNamespace":true,"useBuiltIns":false},"externalDependencies":[]},{"key":"transform-react-display-name","visitor":{"ExportDefaultDeclaration":{"enter":[null]},"CallExpression":{"enter":[null]},"_exploded":true,"_verified":true},"options":{},"externalDependencies":[]},{"key":"transform-react-pure-annotations","visitor":{"CallExpression":{"enter":[null]},"_exploded":true,"_verified":true},"options":{},"externalDependencies":[]},{"key":"syntax-nullish-coalescing-operator","visitor":{"_exploded":true,"_verified":true},"options":{},"externalDependencies":[]},{"key":"proposal-nullish-coalescing-operator","visitor":{"LogicalExpression":{"enter":[null]},"_exploded":true,"_verified":true},"options":{},"externalDependencies":[]},{"key":"syntax-optional-chaining","visitor":{"_exploded":true,"_verified":true},"options":{},"externalDependencies":[]},{"key":"proposal-optional-chaining","visitor":{"OptionalCallExpression":{"enter":[null]},"OptionalMemberExpression":{"enter":[null]},"_exploded":true,"_verified":true},"options":{},"externalDependencies":[]},{"key":"syntax-optional-catch-binding","visitor":{"_exploded":true,"_verified":true},"options":{},"externalDependencies":[]},{"key":"proposal-optional-catch-binding","visitor":{"CatchClause":{"enter":[null]},"_exploded":true,"_verified":true},"options":{},"externalDependencies":[]},{"key":"syntax-class-properties","visitor":{"_exploded":true,"_verified":true},"options":{},"externalDependencies":[]},{"key":"proposal-class-properties","visitor":{"ExportDefaultDeclaration":{"enter":[null]},"_exploded":true,"_verified":true,"ClassExpression":{"enter":[null]},"ClassDeclaration":{"enter":[null]}},"options":{},"externalDependencies":[]},{"key":"syntax-async-generators","visitor":{"_exploded":true,"_verified":true},"options":{},"externalDependencies":[]},{"key":"proposal-async-generator-functions","visitor":{"Program":{"enter":[null]},"_exploded":true,"_verified":true},"options":{},"externalDependencies":[]},{"key":"syntax-object-rest-spread","visitor":{"_exploded":true,"_verified":true},"options":{},"externalDependencies":[]},{"key":"proposal-object-rest-spread","visitor":{"VariableDeclarator":{"enter":[null]},"ExportNamedDeclaration":{"enter":[null]},"CatchClause":{"enter":[null]},"AssignmentExpression":{"enter":[null]},"ArrayPattern":{"enter":[null]},"ObjectExpression":{"enter":[null]},"FunctionDeclaration":{"enter":[null]},"FunctionExpression":{"enter":[null]},"ObjectMethod":{"enter":[null]},"ArrowFunctionExpression":{"enter":[null]},"ClassMethod":{"enter":[null]},"ClassPrivateMethod":{"enter":[null]},"ForInStatement":{"enter":[null]},"ForOfStatement":{"enter":[null]},"_exploded":true,"_verified":true},"options":{},"externalDependencies":[]},{"key":"proposal-logical-assignment-operators","visitor":{"AssignmentExpression":{"enter":[null]},"_exploded":true,"_verified":true},"options":{},"externalDependencies":[]},{"key":"transform-arrow-functions","visitor":{"ArrowFunctionExpression":{"enter":[null]},"_exploded":true,"_verified":true},"options":{},"externalDependencies":[]},{"key":"transform-block-scoped-functions","visitor":{"BlockStatement":{"enter":[null]},"SwitchCase":{"enter":[null]},"_exploded":true,"_verified":true},"options":{},"externalDependencies":[]},{"key":"transform-block-scoping","visitor":{"VariableDeclaration":{"enter":[null,null]},"BlockStatement":{"enter":[null]},"SwitchCase":{"enter":[null]},"ClassDeclaration":{"enter":[null]},"DoWhileStatement":{"enter":[null]},"ForInStatement":{"enter":[null]},"ForStatement":{"enter":[null]},"WhileStatement":{"enter":[null]},"ForOfStatement":{"enter":[null]},"_exploded":true,"_verified":true},"options":{},"externalDependencies":[]},{"key":"transform-classes","visitor":{"ExportDefaultDeclaration":{"enter":[null]},"ClassDeclaration":{"enter":[null]},"ClassExpression":{"enter":[null]},"_exploded":true,"_verified":true},"options":{"loose":true},"externalDependencies":[]},{"key":"transform-computed-properties","visitor":{"ObjectExpression":{"exit":[null]},"_exploded":true,"_verified":true},"options":{"loose":true},"externalDependencies":[]},{"key":"transform-destructuring","visitor":{"ExportNamedDeclaration":{"enter":[null]},"CatchClause":{"enter":[null]},"AssignmentExpression":{"enter":[null]},"VariableDeclaration":{"enter":[null]},"_exploded":true,"_verified":true,"ForInStatement":{"enter":[null]},"ForOfStatement":{"enter":[null]}},"options":{},"externalDependencies":[]},{"key":"transform-for-of","visitor":{"ForOfStatement":{"enter":[null]},"_exploded":true,"_verified":true},"options":{"loose":true},"externalDependencies":[]},{"key":"transform-literals","visitor":{"NumericLiteral":{"enter":[null]},"StringLiteral":{"enter":[null]},"_exploded":true,"_verified":true},"options":{},"externalDependencies":[]},{"key":"transform-object-super","visitor":{"ObjectExpression":{"enter":[null]},"_exploded":true,"_verified":true,"DoWhileStatement":{"exit":[null]},"ForInStatement":{"exit":[null]},"ForStatement":{"exit":[null]},"WhileStatement":{"exit":[null]},"ForOfStatement":{"exit":[null]}},"options":{},"externalDependencies":[]},{"key":"transform-parameters","visitor":{"_exploded":true,"_verified":true,"FunctionDeclaration":{"enter":[null]},"FunctionExpression":{"enter":[null]},"ObjectMethod":{"enter":[null]},"ArrowFunctionExpression":{"enter":[null]},"ClassMethod":{"enter":[null]},"ClassPrivateMethod":{"enter":[null]}},"options":{},"externalDependencies":[]},{"key":"transform-shorthand-properties","visitor":{"ObjectMethod":{"enter":[null]},"ObjectProperty":{"enter":[null]},"_exploded":true,"_verified":true},"options":{},"externalDependencies":[]},{"key":"transform-spread","visitor":{"ArrayExpression":{"enter":[null]},"CallExpression":{"enter":[null]},"NewExpression":{"enter":[null]},"_exploded":true,"_verified":true},"options":{},"externalDependencies":[]},{"key":"transform-sticky-regex","visitor":{"RegExpLiteral":{"enter":[null]},"_exploded":true,"_verified":true},"options":{},"externalDependencies":[]},{"key":"transform-template-literals","visitor":{"TaggedTemplateExpression":{"enter":[null]},"TemplateLiteral":{"enter":[null]},"_exploded":true,"_verified":true},"options":{"loose":true},"externalDependencies":[]},{"key":"transform-typeof-symbol","visitor":{"UnaryExpression":{"enter":[null]},"_exploded":true,"_verified":true,"BlockStatement":{"enter":[null]},"CatchClause":{"enter":[null]},"DoWhileStatement":{"enter":[null]},"ForInStatement":{"enter":[null]},"ForStatement":{"enter":[null]},"FunctionDeclaration":{"enter":[null]},"FunctionExpression":{"enter":[null]},"Program":{"enter":[null]},"ObjectMethod":{"enter":[null]},"SwitchStatement":{"enter":[null]},"WhileStatement":{"enter":[null]},"ArrowFunctionExpression":{"enter":[null]},"ClassExpression":{"enter":[null]},"ClassDeclaration":{"enter":[null]},"ForOfStatement":{"enter":[null]},"ClassMethod":{"enter":[null]},"ClassPrivateMethod":{"enter":[null]},"StaticBlock":{"enter":[null]},"TSModuleBlock":{"enter":[null]},"AssignmentPattern":{"enter":[null]},"ArrayPattern":{"enter":[null]},"ObjectPattern":{"enter":[null]}},"options":{},"externalDependencies":[]},{"key":"transform-unicode-regex","visitor":{"RegExpLiteral":{"enter":[null]},"_exploded":true,"_verified":true},"options":{},"externalDependencies":[]},{"key":"transform-property-literals","visitor":{"ObjectProperty":{"exit":[null]},"_exploded":true,"_verified":true},"options":{},"externalDependencies":[]},{"key":"transform-exponentiation-operator","visitor":{"AssignmentExpression":{"enter":[null]},"BinaryExpression":{"enter":[null]},"_exploded":true,"_verified":true},"options":{},"externalDependencies":[]},{"key":"transform-regenerator","visitor":{"ObjectMethod":{"enter":[null],"exit":[null]},"ClassMethod":{"enter":[null],"exit":[null]},"ClassPrivateMethod":{"enter":[null],"exit":[null]},"FunctionDeclaration":{"exit":[null]},"FunctionExpression":{"exit":[null]},"ArrowFunctionExpression":{"exit":[null]},"CallExpression":{"enter":[null]},"_exploded":true,"_verified":true},"options":{},"externalDependencies":[]}],"presets":[],"generatorOpts":{"filename":"/Users/matteodemicheli/Sites/meteor-boilerplate/packages/ddp-common/heartbeat.js","comments":true,"compact":false,"sourceMaps":true,"sourceFileName":"packages/ddp-common/heartbeat.js"}},"code":"// Heartbeat options:\n//   heartbeatInterval: interval to send pings, in milliseconds.\n//   heartbeatTimeout: timeout to close the connection if a reply isn't\n//     received, in milliseconds.\n//   sendPing: function to call to send a ping on the connection.\n//   onTimeout: function to call to close the connection.\n\nDDPCommon.Heartbeat = /*#__PURE__*/function () {\n  function Heartbeat(options) {\n    this.heartbeatInterval = options.heartbeatInterval;\n    this.heartbeatTimeout = options.heartbeatTimeout;\n    this._sendPing = options.sendPing;\n    this._onTimeout = options.onTimeout;\n    this._seenPacket = false;\n    this._heartbeatIntervalHandle = null;\n    this._heartbeatTimeoutHandle = null;\n  }\n  var _proto = Heartbeat.prototype;\n  _proto.stop = function () {\n    function stop() {\n      this._clearHeartbeatIntervalTimer();\n      this._clearHeartbeatTimeoutTimer();\n    }\n    return stop;\n  }();\n  _proto.start = function () {\n    function start() {\n      this.stop();\n      this._startHeartbeatIntervalTimer();\n    }\n    return start;\n  }();\n  _proto._startHeartbeatIntervalTimer = function () {\n    function _startHeartbeatIntervalTimer() {\n      var _this = this;\n      this._heartbeatIntervalHandle = Meteor.setInterval(function () {\n        return _this._heartbeatIntervalFired();\n      }, this.heartbeatInterval);\n    }\n    return _startHeartbeatIntervalTimer;\n  }();\n  _proto._startHeartbeatTimeoutTimer = function () {\n    function _startHeartbeatTimeoutTimer() {\n      var _this2 = this;\n      this._heartbeatTimeoutHandle = Meteor.setTimeout(function () {\n        return _this2._heartbeatTimeoutFired();\n      }, this.heartbeatTimeout);\n    }\n    return _startHeartbeatTimeoutTimer;\n  }();\n  _proto._clearHeartbeatIntervalTimer = function () {\n    function _clearHeartbeatIntervalTimer() {\n      if (this._heartbeatIntervalHandle) {\n        Meteor.clearInterval(this._heartbeatIntervalHandle);\n        this._heartbeatIntervalHandle = null;\n      }\n    }\n    return _clearHeartbeatIntervalTimer;\n  }();\n  _proto._clearHeartbeatTimeoutTimer = function () {\n    function _clearHeartbeatTimeoutTimer() {\n      if (this._heartbeatTimeoutHandle) {\n        Meteor.clearTimeout(this._heartbeatTimeoutHandle);\n        this._heartbeatTimeoutHandle = null;\n      }\n    }\n    return _clearHeartbeatTimeoutTimer;\n  }() // The heartbeat interval timer is fired when we should send a ping.\n  ;\n  _proto._heartbeatIntervalFired = function () {\n    function _heartbeatIntervalFired() {\n      // don't send ping if we've seen a packet since we last checked,\n      // *or* if we have already sent a ping and are awaiting a timeout.\n      // That shouldn't happen, but it's possible if\n      // `this.heartbeatInterval` is smaller than\n      // `this.heartbeatTimeout`.\n      if (!this._seenPacket && !this._heartbeatTimeoutHandle) {\n        this._sendPing();\n        // Set up timeout, in case a pong doesn't arrive in time.\n        this._startHeartbeatTimeoutTimer();\n      }\n      this._seenPacket = false;\n    }\n    return _heartbeatIntervalFired;\n  }() // The heartbeat timeout timer is fired when we sent a ping, but we\n  // timed out waiting for the pong.\n  ;\n  _proto._heartbeatTimeoutFired = function () {\n    function _heartbeatTimeoutFired() {\n      this._heartbeatTimeoutHandle = null;\n      this._onTimeout();\n    }\n    return _heartbeatTimeoutFired;\n  }();\n  _proto.messageReceived = function () {\n    function messageReceived() {\n      // Tell periodic checkin that we have seen a packet, and thus it\n      // does not need to send a ping this cycle.\n      this._seenPacket = true;\n      // If we were waiting for a pong, we got it.\n      if (this._heartbeatTimeoutHandle) {\n        this._clearHeartbeatTimeoutTimer();\n      }\n    }\n    return messageReceived;\n  }();\n  return Heartbeat;\n}();","map":{"version":3,"names":["DDPCommon","Heartbeat","options","heartbeatInterval","heartbeatTimeout","_sendPing","sendPing","_onTimeout","onTimeout","_seenPacket","_heartbeatIntervalHandle","_heartbeatTimeoutHandle","_proto","prototype","stop","_clearHeartbeatIntervalTimer","_clearHeartbeatTimeoutTimer","start","_startHeartbeatIntervalTimer","_this","Meteor","setInterval","_heartbeatIntervalFired","_startHeartbeatTimeoutTimer","_this2","setTimeout","_heartbeatTimeoutFired","clearInterval","clearTimeout","messageReceived"],"sources":["packages/ddp-common/heartbeat.js"],"sourcesContent":["// Heartbeat options:\n//   heartbeatInterval: interval to send pings, in milliseconds.\n//   heartbeatTimeout: timeout to close the connection if a reply isn't\n//     received, in milliseconds.\n//   sendPing: function to call to send a ping on the connection.\n//   onTimeout: function to call to close the connection.\n\nDDPCommon.Heartbeat = class Heartbeat {\n  constructor(options) {\n    this.heartbeatInterval = options.heartbeatInterval;\n    this.heartbeatTimeout = options.heartbeatTimeout;\n    this._sendPing = options.sendPing;\n    this._onTimeout = options.onTimeout;\n    this._seenPacket = false;\n\n    this._heartbeatIntervalHandle = null;\n    this._heartbeatTimeoutHandle = null;\n  }\n\n  stop() {\n    this._clearHeartbeatIntervalTimer();\n    this._clearHeartbeatTimeoutTimer();\n  }\n\n  start() {\n    this.stop();\n    this._startHeartbeatIntervalTimer();\n  }\n\n  _startHeartbeatIntervalTimer() {\n    this._heartbeatIntervalHandle = Meteor.setInterval(\n      () => this._heartbeatIntervalFired(),\n      this.heartbeatInterval\n    );\n  }\n\n  _startHeartbeatTimeoutTimer() {\n    this._heartbeatTimeoutHandle = Meteor.setTimeout(\n      () => this._heartbeatTimeoutFired(),\n      this.heartbeatTimeout\n    );\n  }\n\n  _clearHeartbeatIntervalTimer() {\n    if (this._heartbeatIntervalHandle) {\n      Meteor.clearInterval(this._heartbeatIntervalHandle);\n      this._heartbeatIntervalHandle = null;\n    }\n  }\n\n  _clearHeartbeatTimeoutTimer() {\n    if (this._heartbeatTimeoutHandle) {\n      Meteor.clearTimeout(this._heartbeatTimeoutHandle);\n      this._heartbeatTimeoutHandle = null;\n    }\n  }\n\n  // The heartbeat interval timer is fired when we should send a ping.\n  _heartbeatIntervalFired() {\n    // don't send ping if we've seen a packet since we last checked,\n    // *or* if we have already sent a ping and are awaiting a timeout.\n    // That shouldn't happen, but it's possible if\n    // `this.heartbeatInterval` is smaller than\n    // `this.heartbeatTimeout`.\n    if (! this._seenPacket && ! this._heartbeatTimeoutHandle) {\n      this._sendPing();\n      // Set up timeout, in case a pong doesn't arrive in time.\n      this._startHeartbeatTimeoutTimer();\n    }\n    this._seenPacket = false;\n  }\n\n  // The heartbeat timeout timer is fired when we sent a ping, but we\n  // timed out waiting for the pong.\n  _heartbeatTimeoutFired() {\n    this._heartbeatTimeoutHandle = null;\n    this._onTimeout();\n  }\n\n  messageReceived() {\n    // Tell periodic checkin that we have seen a packet, and thus it\n    // does not need to send a ping this cycle.\n    this._seenPacket = true;\n    // If we were waiting for a pong, we got it.\n    if (this._heartbeatTimeoutHandle) {\n      this._clearHeartbeatTimeoutTimer();\n    }\n  }\n};\n"],"mappings":"AAAA;AACA;AACA;AACA;AACA;AACA;;AAEAA,SAAS,CAACC,SAAS;EACjB,SAAAA,UAAYC,OAAO,EAAE;IACnB,IAAI,CAACC,iBAAiB,GAAGD,OAAO,CAACC,iBAAiB;IAClD,IAAI,CAACC,gBAAgB,GAAGF,OAAO,CAACE,gBAAgB;IAChD,IAAI,CAACC,SAAS,GAAGH,OAAO,CAACI,QAAQ;IACjC,IAAI,CAACC,UAAU,GAAGL,OAAO,CAACM,SAAS;IACnC,IAAI,CAACC,WAAW,GAAG,KAAK;IAExB,IAAI,CAACC,wBAAwB,GAAG,IAAI;IACpC,IAAI,CAACC,uBAAuB,GAAG,IAAI;EACrC;EAAC,IAAAC,MAAA,GAAAX,SAAA,CAAAY,SAAA;EAAAD,MAAA,CAEDE,IAAI;IAAJ,SAAAA,KAAA,EAAO;MACL,IAAI,CAACC,4BAA4B,CAAC,CAAC;MACnC,IAAI,CAACC,2BAA2B,CAAC,CAAC;IACpC;IAAC,OAAAF,IAAA;EAAA;EAAAF,MAAA,CAEDK,KAAK;IAAL,SAAAA,MAAA,EAAQ;MACN,IAAI,CAACH,IAAI,CAAC,CAAC;MACX,IAAI,CAACI,4BAA4B,CAAC,CAAC;IACrC;IAAC,OAAAD,KAAA;EAAA;EAAAL,MAAA,CAEDM,4BAA4B;IAA5B,SAAAA,6BAAA,EAA+B;MAAA,IAAAC,KAAA;MAC7B,IAAI,CAACT,wBAAwB,GAAGU,MAAM,CAACC,WAAW,CAChD;QAAA,OAAMF,KAAI,CAACG,uBAAuB,CAAC,CAAC;MAAA,GACpC,IAAI,CAACnB,iBACP,CAAC;IACH;IAAC,OAAAe,4BAAA;EAAA;EAAAN,MAAA,CAEDW,2BAA2B;IAA3B,SAAAA,4BAAA,EAA8B;MAAA,IAAAC,MAAA;MAC5B,IAAI,CAACb,uBAAuB,GAAGS,MAAM,CAACK,UAAU,CAC9C;QAAA,OAAMD,MAAI,CAACE,sBAAsB,CAAC,CAAC;MAAA,GACnC,IAAI,CAACtB,gBACP,CAAC;IACH;IAAC,OAAAmB,2BAAA;EAAA;EAAAX,MAAA,CAEDG,4BAA4B;IAA5B,SAAAA,6BAAA,EAA+B;MAC7B,IAAI,IAAI,CAACL,wBAAwB,EAAE;QACjCU,MAAM,CAACO,aAAa,CAAC,IAAI,CAACjB,wBAAwB,CAAC;QACnD,IAAI,CAACA,wBAAwB,GAAG,IAAI;MACtC;IACF;IAAC,OAAAK,4BAAA;EAAA;EAAAH,MAAA,CAEDI,2BAA2B;IAA3B,SAAAA,4BAAA,EAA8B;MAC5B,IAAI,IAAI,CAACL,uBAAuB,EAAE;QAChCS,MAAM,CAACQ,YAAY,CAAC,IAAI,CAACjB,uBAAuB,CAAC;QACjD,IAAI,CAACA,uBAAuB,GAAG,IAAI;MACrC;IACF;IAAC,OAAAK,2BAAA;EAAA,IAED;EAAA;EAAAJ,MAAA,CACAU,uBAAuB;IAAvB,SAAAA,wBAAA,EAA0B;MACxB;MACA;MACA;MACA;MACA;MACA,IAAI,CAAE,IAAI,CAACb,WAAW,IAAI,CAAE,IAAI,CAACE,uBAAuB,EAAE;QACxD,IAAI,CAACN,SAAS,CAAC,CAAC;QAChB;QACA,IAAI,CAACkB,2BAA2B,CAAC,CAAC;MACpC;MACA,IAAI,CAACd,WAAW,GAAG,KAAK;IAC1B;IAAC,OAAAa,uBAAA;EAAA,IAED;EACA;EAAA;EAAAV,MAAA,CACAc,sBAAsB;IAAtB,SAAAA,uBAAA,EAAyB;MACvB,IAAI,CAACf,uBAAuB,GAAG,IAAI;MACnC,IAAI,CAACJ,UAAU,CAAC,CAAC;IACnB;IAAC,OAAAmB,sBAAA;EAAA;EAAAd,MAAA,CAEDiB,eAAe;IAAf,SAAAA,gBAAA,EAAkB;MAChB;MACA;MACA,IAAI,CAACpB,WAAW,GAAG,IAAI;MACvB;MACA,IAAI,IAAI,CAACE,uBAAuB,EAAE;QAChC,IAAI,CAACK,2BAA2B,CAAC,CAAC;MACpC;IACF;IAAC,OAAAa,eAAA;EAAA;EAAA,OAAA5B,SAAA;AAAA,GACF","ignoreList":[]},"sourceType":"module","externalDependencies":{},"hash":"41040017a8ffe8eca387fac038fca2126816016c"}
