{"metadata":{},"options":{"assumptions":{},"compact":false,"sourceMaps":true,"ast":true,"babelrc":false,"configFile":false,"parserOpts":{"sourceType":"module","sourceFileName":"/Users/matteodemicheli/Sites/meteor-boilerplate/packages/check/isPlainObject.js","plugins":["*","flow","jsx","asyncGenerators","bigInt","classPrivateMethods","classPrivateProperties","classProperties","doExpressions","dynamicImport","exportDefaultFrom","exportExtensions","exportNamespaceFrom","functionBind","functionSent","importMeta","nullishCoalescingOperator","numericSeparator","objectRestSpread","optionalCatchBinding","optionalChaining",["pipelineOperator",{"proposal":"minimal"}],"throwExpressions","topLevelAwait","classProperties","classPrivateProperties","jsx","nullishCoalescingOperator","nullishCoalescingOperator","optionalChaining","optionalChaining","optionalCatchBinding","optionalCatchBinding","classProperties","classPrivateProperties","classPrivateMethods","classProperties","classPrivateProperties","asyncGenerators","asyncGenerators","objectRestSpread","objectRestSpread","logicalAssignment"],"allowImportExportEverywhere":true,"allowReturnOutsideFunction":true,"allowUndeclaredExports":true,"strictMode":false},"caller":{"name":"meteor","arch":"web.browser.legacy"},"sourceFileName":"packages/check/isPlainObject.js","filename":"/Users/matteodemicheli/Sites/meteor-boilerplate/packages/check/isPlainObject.js","targets":{},"cloneInputAst":true,"browserslistConfigFile":false,"passPerPreset":false,"envName":"development","cwd":"/Users/matteodemicheli/Sites/meteor-boilerplate","root":"/Users/matteodemicheli/Sites/meteor-boilerplate","rootMode":"root","plugins":[{"key":"base$0","visitor":{"_exploded":true,"_verified":true},"options":{},"externalDependencies":[]},{"key":"base$0$0","visitor":{"Program":{"enter":[null],"exit":[null]},"_exploded":true,"_verified":true},"options":{"avoidModernSyntax":true,"enforceStrictMode":false,"dynamicImport":true},"externalDependencies":[]},{"key":"transform-runtime","visitor":{"MemberExpression":{"enter":[null]},"ObjectPattern":{"enter":[null]},"BinaryExpression":{"enter":[null]},"Identifier":{"enter":[null]},"JSXIdentifier":{"enter":[null]},"_exploded":true,"_verified":true},"options":{"version":"7.17.2","helpers":true,"useESModules":false,"corejs":false},"externalDependencies":[]},{"key":"proposal-class-properties","visitor":{"ExportDefaultDeclaration":{"enter":[null]},"_exploded":true,"_verified":true,"ClassExpression":{"enter":[null]},"ClassDeclaration":{"enter":[null]}},"options":{"loose":true},"externalDependencies":[]},{"key":"base$0$3","visitor":{"FunctionExpression":{"exit":[null]},"_exploded":true,"_verified":true},"options":{},"externalDependencies":[]},{"key":"base$0$4","visitor":{"ForInStatement":{"enter":[null]},"_exploded":true,"_verified":true},"options":{},"externalDependencies":[]},{"key":"transform-react-jsx","visitor":{"JSXNamespacedName":{"enter":[null]},"JSXSpreadChild":{"enter":[null]},"Program":{"enter":[null]},"JSXFragment":{"exit":[null]},"JSXElement":{"exit":[null]},"JSXAttribute":{"enter":[null]},"_exploded":true,"_verified":true},"options":{"pragma":"React.createElement","pragmaFrag":"React.Fragment","runtime":"classic","throwIfNamespace":true,"useBuiltIns":false},"externalDependencies":[]},{"key":"transform-react-display-name","visitor":{"ExportDefaultDeclaration":{"enter":[null]},"CallExpression":{"enter":[null]},"_exploded":true,"_verified":true},"options":{},"externalDependencies":[]},{"key":"transform-react-pure-annotations","visitor":{"CallExpression":{"enter":[null]},"_exploded":true,"_verified":true},"options":{},"externalDependencies":[]},{"key":"syntax-nullish-coalescing-operator","visitor":{"_exploded":true,"_verified":true},"options":{},"externalDependencies":[]},{"key":"proposal-nullish-coalescing-operator","visitor":{"LogicalExpression":{"enter":[null]},"_exploded":true,"_verified":true},"options":{},"externalDependencies":[]},{"key":"syntax-optional-chaining","visitor":{"_exploded":true,"_verified":true},"options":{},"externalDependencies":[]},{"key":"proposal-optional-chaining","visitor":{"OptionalCallExpression":{"enter":[null]},"OptionalMemberExpression":{"enter":[null]},"_exploded":true,"_verified":true},"options":{},"externalDependencies":[]},{"key":"syntax-optional-catch-binding","visitor":{"_exploded":true,"_verified":true},"options":{},"externalDependencies":[]},{"key":"proposal-optional-catch-binding","visitor":{"CatchClause":{"enter":[null]},"_exploded":true,"_verified":true},"options":{},"externalDependencies":[]},{"key":"syntax-class-properties","visitor":{"_exploded":true,"_verified":true},"options":{},"externalDependencies":[]},{"key":"proposal-class-properties","visitor":{"ExportDefaultDeclaration":{"enter":[null]},"_exploded":true,"_verified":true,"ClassExpression":{"enter":[null]},"ClassDeclaration":{"enter":[null]}},"options":{},"externalDependencies":[]},{"key":"syntax-async-generators","visitor":{"_exploded":true,"_verified":true},"options":{},"externalDependencies":[]},{"key":"proposal-async-generator-functions","visitor":{"Program":{"enter":[null]},"_exploded":true,"_verified":true},"options":{},"externalDependencies":[]},{"key":"syntax-object-rest-spread","visitor":{"_exploded":true,"_verified":true},"options":{},"externalDependencies":[]},{"key":"proposal-object-rest-spread","visitor":{"VariableDeclarator":{"enter":[null]},"ExportNamedDeclaration":{"enter":[null]},"CatchClause":{"enter":[null]},"AssignmentExpression":{"enter":[null]},"ArrayPattern":{"enter":[null]},"ObjectExpression":{"enter":[null]},"FunctionDeclaration":{"enter":[null]},"FunctionExpression":{"enter":[null]},"ObjectMethod":{"enter":[null]},"ArrowFunctionExpression":{"enter":[null]},"ClassMethod":{"enter":[null]},"ClassPrivateMethod":{"enter":[null]},"ForInStatement":{"enter":[null]},"ForOfStatement":{"enter":[null]},"_exploded":true,"_verified":true},"options":{},"externalDependencies":[]},{"key":"proposal-logical-assignment-operators","visitor":{"AssignmentExpression":{"enter":[null]},"_exploded":true,"_verified":true},"options":{},"externalDependencies":[]},{"key":"transform-arrow-functions","visitor":{"ArrowFunctionExpression":{"enter":[null]},"_exploded":true,"_verified":true},"options":{},"externalDependencies":[]},{"key":"transform-block-scoped-functions","visitor":{"BlockStatement":{"enter":[null]},"SwitchCase":{"enter":[null]},"_exploded":true,"_verified":true},"options":{},"externalDependencies":[]},{"key":"transform-block-scoping","visitor":{"VariableDeclaration":{"enter":[null,null]},"BlockStatement":{"enter":[null]},"SwitchCase":{"enter":[null]},"ClassDeclaration":{"enter":[null]},"DoWhileStatement":{"enter":[null]},"ForInStatement":{"enter":[null]},"ForStatement":{"enter":[null]},"WhileStatement":{"enter":[null]},"ForOfStatement":{"enter":[null]},"_exploded":true,"_verified":true},"options":{},"externalDependencies":[]},{"key":"transform-classes","visitor":{"ExportDefaultDeclaration":{"enter":[null]},"ClassDeclaration":{"enter":[null]},"ClassExpression":{"enter":[null]},"_exploded":true,"_verified":true},"options":{"loose":true},"externalDependencies":[]},{"key":"transform-computed-properties","visitor":{"ObjectExpression":{"exit":[null]},"_exploded":true,"_verified":true},"options":{"loose":true},"externalDependencies":[]},{"key":"transform-destructuring","visitor":{"ExportNamedDeclaration":{"enter":[null]},"CatchClause":{"enter":[null]},"AssignmentExpression":{"enter":[null]},"VariableDeclaration":{"enter":[null]},"_exploded":true,"_verified":true,"ForInStatement":{"enter":[null]},"ForOfStatement":{"enter":[null]}},"options":{},"externalDependencies":[]},{"key":"transform-for-of","visitor":{"ForOfStatement":{"enter":[null]},"_exploded":true,"_verified":true},"options":{"loose":true},"externalDependencies":[]},{"key":"transform-literals","visitor":{"NumericLiteral":{"enter":[null]},"StringLiteral":{"enter":[null]},"_exploded":true,"_verified":true},"options":{},"externalDependencies":[]},{"key":"transform-object-super","visitor":{"ObjectExpression":{"enter":[null]},"_exploded":true,"_verified":true,"DoWhileStatement":{"exit":[null]},"ForInStatement":{"exit":[null]},"ForStatement":{"exit":[null]},"WhileStatement":{"exit":[null]},"ForOfStatement":{"exit":[null]}},"options":{},"externalDependencies":[]},{"key":"transform-parameters","visitor":{"_exploded":true,"_verified":true,"FunctionDeclaration":{"enter":[null]},"FunctionExpression":{"enter":[null]},"ObjectMethod":{"enter":[null]},"ArrowFunctionExpression":{"enter":[null]},"ClassMethod":{"enter":[null]},"ClassPrivateMethod":{"enter":[null]}},"options":{},"externalDependencies":[]},{"key":"transform-shorthand-properties","visitor":{"ObjectMethod":{"enter":[null]},"ObjectProperty":{"enter":[null]},"_exploded":true,"_verified":true},"options":{},"externalDependencies":[]},{"key":"transform-spread","visitor":{"ArrayExpression":{"enter":[null]},"CallExpression":{"enter":[null]},"NewExpression":{"enter":[null]},"_exploded":true,"_verified":true},"options":{},"externalDependencies":[]},{"key":"transform-sticky-regex","visitor":{"RegExpLiteral":{"enter":[null]},"_exploded":true,"_verified":true},"options":{},"externalDependencies":[]},{"key":"transform-template-literals","visitor":{"TaggedTemplateExpression":{"enter":[null]},"TemplateLiteral":{"enter":[null]},"_exploded":true,"_verified":true},"options":{"loose":true},"externalDependencies":[]},{"key":"transform-typeof-symbol","visitor":{"UnaryExpression":{"enter":[null]},"_exploded":true,"_verified":true,"BlockStatement":{"enter":[null]},"CatchClause":{"enter":[null]},"DoWhileStatement":{"enter":[null]},"ForInStatement":{"enter":[null]},"ForStatement":{"enter":[null]},"FunctionDeclaration":{"enter":[null]},"FunctionExpression":{"enter":[null]},"Program":{"enter":[null]},"ObjectMethod":{"enter":[null]},"SwitchStatement":{"enter":[null]},"WhileStatement":{"enter":[null]},"ArrowFunctionExpression":{"enter":[null]},"ClassExpression":{"enter":[null]},"ClassDeclaration":{"enter":[null]},"ForOfStatement":{"enter":[null]},"ClassMethod":{"enter":[null]},"ClassPrivateMethod":{"enter":[null]},"StaticBlock":{"enter":[null]},"TSModuleBlock":{"enter":[null]},"AssignmentPattern":{"enter":[null]},"ArrayPattern":{"enter":[null]},"ObjectPattern":{"enter":[null]}},"options":{},"externalDependencies":[]},{"key":"transform-unicode-regex","visitor":{"RegExpLiteral":{"enter":[null]},"_exploded":true,"_verified":true},"options":{},"externalDependencies":[]},{"key":"transform-property-literals","visitor":{"ObjectProperty":{"exit":[null]},"_exploded":true,"_verified":true},"options":{},"externalDependencies":[]},{"key":"transform-exponentiation-operator","visitor":{"AssignmentExpression":{"enter":[null]},"BinaryExpression":{"enter":[null]},"_exploded":true,"_verified":true},"options":{},"externalDependencies":[]},{"key":"transform-regenerator","visitor":{"ObjectMethod":{"enter":[null],"exit":[null]},"ClassMethod":{"enter":[null],"exit":[null]},"ClassPrivateMethod":{"enter":[null],"exit":[null]},"FunctionDeclaration":{"exit":[null]},"FunctionExpression":{"exit":[null]},"ArrowFunctionExpression":{"exit":[null]},"CallExpression":{"enter":[null]},"_exploded":true,"_verified":true},"options":{},"externalDependencies":[]}],"presets":[],"generatorOpts":{"filename":"/Users/matteodemicheli/Sites/meteor-boilerplate/packages/check/isPlainObject.js","comments":true,"compact":false,"sourceMaps":true,"sourceFileName":"packages/check/isPlainObject.js"}},"code":"module.export({\n  isPlainObject: function () {\n    return isPlainObject;\n  }\n});\n// Copy of jQuery.isPlainObject for the server side from jQuery v3.1.1.\n\nvar class2type = {};\nvar toString = class2type.toString;\nvar hasOwn = Object.prototype.hasOwnProperty;\nvar fnToString = hasOwn.toString;\nvar ObjectFunctionString = fnToString.call(Object);\nvar getProto = Object.getPrototypeOf;\nvar isPlainObject = function (obj) {\n  var proto;\n  var Ctor;\n\n  // Detect obvious negatives\n  // Use toString instead of jQuery.type to catch host objects\n  if (!obj || toString.call(obj) !== '[object Object]') {\n    return false;\n  }\n  proto = getProto(obj);\n\n  // Objects with no prototype (e.g., `Object.create( null )`) are plain\n  if (!proto) {\n    return true;\n  }\n\n  // Objects with prototype are plain iff they were constructed by a global Object function\n  Ctor = hasOwn.call(proto, 'constructor') && proto.constructor;\n  return typeof Ctor === 'function' && fnToString.call(Ctor) === ObjectFunctionString;\n};","map":{"version":3,"names":["module","export","isPlainObject","class2type","toString","hasOwn","Object","prototype","hasOwnProperty","fnToString","ObjectFunctionString","call","getProto","getPrototypeOf","obj","proto","Ctor","constructor"],"sources":["packages/check/isPlainObject.js"],"sourcesContent":["// Copy of jQuery.isPlainObject for the server side from jQuery v3.1.1.\n\nconst class2type = {};\n\nconst toString = class2type.toString;\n\nconst hasOwn = Object.prototype.hasOwnProperty;\n\nconst fnToString = hasOwn.toString;\n\nconst ObjectFunctionString = fnToString.call(Object);\n\nconst getProto = Object.getPrototypeOf;\n\nexport const isPlainObject = obj => {\n  let proto;\n  let Ctor;\n\n  // Detect obvious negatives\n  // Use toString instead of jQuery.type to catch host objects\n  if (!obj || toString.call(obj) !== '[object Object]') {\n    return false;\n  }\n\n  proto = getProto(obj);\n\n  // Objects with no prototype (e.g., `Object.create( null )`) are plain\n  if (!proto) {\n    return true;\n  }\n\n  // Objects with prototype are plain iff they were constructed by a global Object function\n  Ctor = hasOwn.call(proto, 'constructor') && proto.constructor;\n  return typeof Ctor === 'function' && \n    fnToString.call(Ctor) === ObjectFunctionString;\n};\n"],"mappings":"AAAAA,MAAM,CAACC,MAAM,CAAC;EAACC,aAAa,EAAC,SAAAA,CAAA,EAAU;IAAC,OAAOA,aAAa;EAAA;AAAC,CAAC,CAAC;AAA/D;;AAEA,IAAMC,UAAU,GAAG,CAAC,CAAC;AAErB,IAAMC,QAAQ,GAAGD,UAAU,CAACC,QAAQ;AAEpC,IAAMC,MAAM,GAAGC,MAAM,CAACC,SAAS,CAACC,cAAc;AAE9C,IAAMC,UAAU,GAAGJ,MAAM,CAACD,QAAQ;AAElC,IAAMM,oBAAoB,GAAGD,UAAU,CAACE,IAAI,CAACL,MAAM,CAAC;AAEpD,IAAMM,QAAQ,GAAGN,MAAM,CAACO,cAAc;AAE/B,IAAMX,aAAa,GAAG,SAAAA,CAAAY,GAAG,EAAI;EAClC,IAAIC,KAAK;EACT,IAAIC,IAAI;;EAER;EACA;EACA,IAAI,CAACF,GAAG,IAAIV,QAAQ,CAACO,IAAI,CAACG,GAAG,CAAC,KAAK,iBAAiB,EAAE;IACpD,OAAO,KAAK;EACd;EAEAC,KAAK,GAAGH,QAAQ,CAACE,GAAG,CAAC;;EAErB;EACA,IAAI,CAACC,KAAK,EAAE;IACV,OAAO,IAAI;EACb;;EAEA;EACAC,IAAI,GAAGX,MAAM,CAACM,IAAI,CAACI,KAAK,EAAE,aAAa,CAAC,IAAIA,KAAK,CAACE,WAAW;EAC7D,OAAO,OAAOD,IAAI,KAAK,UAAU,IAC/BP,UAAU,CAACE,IAAI,CAACK,IAAI,CAAC,KAAKN,oBAAoB;AAClD,CAAC","ignoreList":[]},"sourceType":"module","externalDependencies":{},"hash":"4c710cec7e21aae501ce1e400fbd0720f9395853"}
