{"metadata":{},"options":{"assumptions":{},"compact":false,"sourceMaps":true,"ast":true,"babelrc":false,"configFile":false,"parserOpts":{"sourceType":"module","sourceFileName":"/Users/matteodemicheli/Sites/meteor-boilerplate/packages/retry/retry.js","plugins":["*","flow","jsx","asyncGenerators","bigInt","classPrivateMethods","classPrivateProperties","classProperties","doExpressions","dynamicImport","exportDefaultFrom","exportExtensions","exportNamespaceFrom","functionBind","functionSent","importMeta","nullishCoalescingOperator","numericSeparator","objectRestSpread","optionalCatchBinding","optionalChaining",["pipelineOperator",{"proposal":"minimal"}],"throwExpressions","topLevelAwait","classProperties","classPrivateProperties","jsx","nullishCoalescingOperator","nullishCoalescingOperator","optionalChaining","optionalChaining","optionalCatchBinding","optionalCatchBinding","classProperties","classPrivateProperties","classPrivateMethods","classProperties","classPrivateProperties","asyncGenerators","asyncGenerators","objectRestSpread","objectRestSpread","logicalAssignment"],"allowImportExportEverywhere":true,"allowReturnOutsideFunction":true,"allowUndeclaredExports":true,"strictMode":false},"caller":{"name":"meteor","arch":"web.browser.legacy"},"sourceFileName":"packages/retry/retry.js","filename":"/Users/matteodemicheli/Sites/meteor-boilerplate/packages/retry/retry.js","targets":{},"cloneInputAst":true,"browserslistConfigFile":false,"passPerPreset":false,"envName":"development","cwd":"/Users/matteodemicheli/Sites/meteor-boilerplate","root":"/Users/matteodemicheli/Sites/meteor-boilerplate","rootMode":"root","plugins":[{"key":"base$0","visitor":{"_exploded":true,"_verified":true},"options":{},"externalDependencies":[]},{"key":"base$0$0","visitor":{"Program":{"enter":[null],"exit":[null]},"_exploded":true,"_verified":true},"options":{"avoidModernSyntax":true,"enforceStrictMode":false,"dynamicImport":true},"externalDependencies":[]},{"key":"transform-runtime","visitor":{"MemberExpression":{"enter":[null]},"ObjectPattern":{"enter":[null]},"BinaryExpression":{"enter":[null]},"Identifier":{"enter":[null]},"JSXIdentifier":{"enter":[null]},"_exploded":true,"_verified":true},"options":{"version":"7.17.2","helpers":true,"useESModules":false,"corejs":false},"externalDependencies":[]},{"key":"proposal-class-properties","visitor":{"ExportDefaultDeclaration":{"enter":[null]},"_exploded":true,"_verified":true,"ClassExpression":{"enter":[null]},"ClassDeclaration":{"enter":[null]}},"options":{"loose":true},"externalDependencies":[]},{"key":"base$0$3","visitor":{"FunctionExpression":{"exit":[null]},"_exploded":true,"_verified":true},"options":{},"externalDependencies":[]},{"key":"base$0$4","visitor":{"ForInStatement":{"enter":[null]},"_exploded":true,"_verified":true},"options":{},"externalDependencies":[]},{"key":"transform-react-jsx","visitor":{"JSXNamespacedName":{"enter":[null]},"JSXSpreadChild":{"enter":[null]},"Program":{"enter":[null]},"JSXFragment":{"exit":[null]},"JSXElement":{"exit":[null]},"JSXAttribute":{"enter":[null]},"_exploded":true,"_verified":true},"options":{"pragma":"React.createElement","pragmaFrag":"React.Fragment","runtime":"classic","throwIfNamespace":true,"useBuiltIns":false},"externalDependencies":[]},{"key":"transform-react-display-name","visitor":{"ExportDefaultDeclaration":{"enter":[null]},"CallExpression":{"enter":[null]},"_exploded":true,"_verified":true},"options":{},"externalDependencies":[]},{"key":"transform-react-pure-annotations","visitor":{"CallExpression":{"enter":[null]},"_exploded":true,"_verified":true},"options":{},"externalDependencies":[]},{"key":"syntax-nullish-coalescing-operator","visitor":{"_exploded":true,"_verified":true},"options":{},"externalDependencies":[]},{"key":"proposal-nullish-coalescing-operator","visitor":{"LogicalExpression":{"enter":[null]},"_exploded":true,"_verified":true},"options":{},"externalDependencies":[]},{"key":"syntax-optional-chaining","visitor":{"_exploded":true,"_verified":true},"options":{},"externalDependencies":[]},{"key":"proposal-optional-chaining","visitor":{"OptionalCallExpression":{"enter":[null]},"OptionalMemberExpression":{"enter":[null]},"_exploded":true,"_verified":true},"options":{},"externalDependencies":[]},{"key":"syntax-optional-catch-binding","visitor":{"_exploded":true,"_verified":true},"options":{},"externalDependencies":[]},{"key":"proposal-optional-catch-binding","visitor":{"CatchClause":{"enter":[null]},"_exploded":true,"_verified":true},"options":{},"externalDependencies":[]},{"key":"syntax-class-properties","visitor":{"_exploded":true,"_verified":true},"options":{},"externalDependencies":[]},{"key":"proposal-class-properties","visitor":{"ExportDefaultDeclaration":{"enter":[null]},"_exploded":true,"_verified":true,"ClassExpression":{"enter":[null]},"ClassDeclaration":{"enter":[null]}},"options":{},"externalDependencies":[]},{"key":"syntax-async-generators","visitor":{"_exploded":true,"_verified":true},"options":{},"externalDependencies":[]},{"key":"proposal-async-generator-functions","visitor":{"Program":{"enter":[null]},"_exploded":true,"_verified":true},"options":{},"externalDependencies":[]},{"key":"syntax-object-rest-spread","visitor":{"_exploded":true,"_verified":true},"options":{},"externalDependencies":[]},{"key":"proposal-object-rest-spread","visitor":{"VariableDeclarator":{"enter":[null]},"ExportNamedDeclaration":{"enter":[null]},"CatchClause":{"enter":[null]},"AssignmentExpression":{"enter":[null]},"ArrayPattern":{"enter":[null]},"ObjectExpression":{"enter":[null]},"FunctionDeclaration":{"enter":[null]},"FunctionExpression":{"enter":[null]},"ObjectMethod":{"enter":[null]},"ArrowFunctionExpression":{"enter":[null]},"ClassMethod":{"enter":[null]},"ClassPrivateMethod":{"enter":[null]},"ForInStatement":{"enter":[null]},"ForOfStatement":{"enter":[null]},"_exploded":true,"_verified":true},"options":{},"externalDependencies":[]},{"key":"proposal-logical-assignment-operators","visitor":{"AssignmentExpression":{"enter":[null]},"_exploded":true,"_verified":true},"options":{},"externalDependencies":[]},{"key":"transform-arrow-functions","visitor":{"ArrowFunctionExpression":{"enter":[null]},"_exploded":true,"_verified":true},"options":{},"externalDependencies":[]},{"key":"transform-block-scoped-functions","visitor":{"BlockStatement":{"enter":[null]},"SwitchCase":{"enter":[null]},"_exploded":true,"_verified":true},"options":{},"externalDependencies":[]},{"key":"transform-block-scoping","visitor":{"VariableDeclaration":{"enter":[null,null]},"BlockStatement":{"enter":[null]},"SwitchCase":{"enter":[null]},"ClassDeclaration":{"enter":[null]},"DoWhileStatement":{"enter":[null]},"ForInStatement":{"enter":[null]},"ForStatement":{"enter":[null]},"WhileStatement":{"enter":[null]},"ForOfStatement":{"enter":[null]},"_exploded":true,"_verified":true},"options":{},"externalDependencies":[]},{"key":"transform-classes","visitor":{"ExportDefaultDeclaration":{"enter":[null]},"ClassDeclaration":{"enter":[null]},"ClassExpression":{"enter":[null]},"_exploded":true,"_verified":true},"options":{"loose":true},"externalDependencies":[]},{"key":"transform-computed-properties","visitor":{"ObjectExpression":{"exit":[null]},"_exploded":true,"_verified":true},"options":{"loose":true},"externalDependencies":[]},{"key":"transform-destructuring","visitor":{"ExportNamedDeclaration":{"enter":[null]},"CatchClause":{"enter":[null]},"AssignmentExpression":{"enter":[null]},"VariableDeclaration":{"enter":[null]},"_exploded":true,"_verified":true,"ForInStatement":{"enter":[null]},"ForOfStatement":{"enter":[null]}},"options":{},"externalDependencies":[]},{"key":"transform-for-of","visitor":{"ForOfStatement":{"enter":[null]},"_exploded":true,"_verified":true},"options":{"loose":true},"externalDependencies":[]},{"key":"transform-literals","visitor":{"NumericLiteral":{"enter":[null]},"StringLiteral":{"enter":[null]},"_exploded":true,"_verified":true},"options":{},"externalDependencies":[]},{"key":"transform-object-super","visitor":{"ObjectExpression":{"enter":[null]},"_exploded":true,"_verified":true,"DoWhileStatement":{"exit":[null]},"ForInStatement":{"exit":[null]},"ForStatement":{"exit":[null]},"WhileStatement":{"exit":[null]},"ForOfStatement":{"exit":[null]}},"options":{},"externalDependencies":[]},{"key":"transform-parameters","visitor":{"_exploded":true,"_verified":true,"FunctionDeclaration":{"enter":[null]},"FunctionExpression":{"enter":[null]},"ObjectMethod":{"enter":[null]},"ArrowFunctionExpression":{"enter":[null]},"ClassMethod":{"enter":[null]},"ClassPrivateMethod":{"enter":[null]}},"options":{},"externalDependencies":[]},{"key":"transform-shorthand-properties","visitor":{"ObjectMethod":{"enter":[null]},"ObjectProperty":{"enter":[null]},"_exploded":true,"_verified":true},"options":{},"externalDependencies":[]},{"key":"transform-spread","visitor":{"ArrayExpression":{"enter":[null]},"CallExpression":{"enter":[null]},"NewExpression":{"enter":[null]},"_exploded":true,"_verified":true},"options":{},"externalDependencies":[]},{"key":"transform-sticky-regex","visitor":{"RegExpLiteral":{"enter":[null]},"_exploded":true,"_verified":true},"options":{},"externalDependencies":[]},{"key":"transform-template-literals","visitor":{"TaggedTemplateExpression":{"enter":[null]},"TemplateLiteral":{"enter":[null]},"_exploded":true,"_verified":true},"options":{"loose":true},"externalDependencies":[]},{"key":"transform-typeof-symbol","visitor":{"UnaryExpression":{"enter":[null]},"_exploded":true,"_verified":true,"BlockStatement":{"enter":[null]},"CatchClause":{"enter":[null]},"DoWhileStatement":{"enter":[null]},"ForInStatement":{"enter":[null]},"ForStatement":{"enter":[null]},"FunctionDeclaration":{"enter":[null]},"FunctionExpression":{"enter":[null]},"Program":{"enter":[null]},"ObjectMethod":{"enter":[null]},"SwitchStatement":{"enter":[null]},"WhileStatement":{"enter":[null]},"ArrowFunctionExpression":{"enter":[null]},"ClassExpression":{"enter":[null]},"ClassDeclaration":{"enter":[null]},"ForOfStatement":{"enter":[null]},"ClassMethod":{"enter":[null]},"ClassPrivateMethod":{"enter":[null]},"StaticBlock":{"enter":[null]},"TSModuleBlock":{"enter":[null]},"AssignmentPattern":{"enter":[null]},"ArrayPattern":{"enter":[null]},"ObjectPattern":{"enter":[null]}},"options":{},"externalDependencies":[]},{"key":"transform-unicode-regex","visitor":{"RegExpLiteral":{"enter":[null]},"_exploded":true,"_verified":true},"options":{},"externalDependencies":[]},{"key":"transform-property-literals","visitor":{"ObjectProperty":{"exit":[null]},"_exploded":true,"_verified":true},"options":{},"externalDependencies":[]},{"key":"transform-exponentiation-operator","visitor":{"AssignmentExpression":{"enter":[null]},"BinaryExpression":{"enter":[null]},"_exploded":true,"_verified":true},"options":{},"externalDependencies":[]},{"key":"transform-regenerator","visitor":{"ObjectMethod":{"enter":[null],"exit":[null]},"ClassMethod":{"enter":[null],"exit":[null]},"ClassPrivateMethod":{"enter":[null],"exit":[null]},"FunctionDeclaration":{"exit":[null]},"FunctionExpression":{"exit":[null]},"ArrowFunctionExpression":{"exit":[null]},"CallExpression":{"enter":[null]},"_exploded":true,"_verified":true},"options":{},"externalDependencies":[]}],"presets":[],"generatorOpts":{"filename":"/Users/matteodemicheli/Sites/meteor-boilerplate/packages/retry/retry.js","comments":true,"compact":false,"sourceMaps":true,"sourceFileName":"packages/retry/retry.js"}},"code":"module.export({\n  Retry: function () {\n    return Retry;\n  }\n});\nvar Retry = /*#__PURE__*/function () {\n  function Retry() {\n    var _ref = arguments.length > 0 && arguments[0] !== undefined ? arguments[0] : {},\n      _ref$baseTimeout = _ref.baseTimeout,\n      baseTimeout = _ref$baseTimeout === void 0 ? 1000 : _ref$baseTimeout,\n      _ref$exponent = _ref.exponent,\n      exponent = _ref$exponent === void 0 ? 2.2 : _ref$exponent,\n      _ref$maxTimeout = _ref.maxTimeout,\n      maxTimeout = _ref$maxTimeout === void 0 ? 5 * 60 * 1000 : _ref$maxTimeout,\n      _ref$minTimeout = _ref.minTimeout,\n      minTimeout = _ref$minTimeout === void 0 ? 10 : _ref$minTimeout,\n      _ref$minCount = _ref.minCount,\n      minCount = _ref$minCount === void 0 ? 2 : _ref$minCount,\n      _ref$fuzz = _ref.fuzz,\n      fuzz = _ref$fuzz === void 0 ? 0.5 : _ref$fuzz;\n    this.baseTimeout = baseTimeout;\n    this.exponent = exponent;\n    this.maxTimeout = maxTimeout;\n    this.minTimeout = minTimeout;\n    this.minCount = minCount;\n    this.fuzz = fuzz;\n    this.retryTimer = null;\n  }\n\n  // Reset a pending retry, if any.\n  var _proto = Retry.prototype;\n  _proto.clear = function () {\n    function clear() {\n      if (this.retryTimer) {\n        clearTimeout(this.retryTimer);\n      }\n      this.retryTimer = null;\n    }\n    return clear;\n  }() // Calculate how long to wait in milliseconds to retry, based on the\n  // `count` of which retry this is.\n  ;\n  _proto._timeout = function () {\n    function _timeout(count) {\n      if (count < this.minCount) {\n        return this.minTimeout;\n      }\n\n      // fuzz the timeout randomly, to avoid reconnect storms when a\n      // server goes down.\n      var timeout = Math.min(this.maxTimeout, this.baseTimeout * Math.pow(this.exponent, count)) * (Random.fraction() * this.fuzz + (1 - this.fuzz / 2));\n      return timeout;\n    }\n    return _timeout;\n  }() // Call `fn` after a delay, based on the `count` of which retry this is.\n  ;\n  _proto.retryLater = function () {\n    function retryLater(count, fn) {\n      var timeout = this._timeout(count);\n      if (this.retryTimer) clearTimeout(this.retryTimer);\n      this.retryTimer = Meteor.setTimeout(fn, timeout);\n      return timeout;\n    }\n    return retryLater;\n  }();\n  return Retry;\n}();","map":{"version":3,"names":["module","export","Retry","_ref","arguments","length","undefined","_ref$baseTimeout","baseTimeout","_ref$exponent","exponent","_ref$maxTimeout","maxTimeout","_ref$minTimeout","minTimeout","_ref$minCount","minCount","_ref$fuzz","fuzz","retryTimer","_proto","prototype","clear","clearTimeout","_timeout","count","timeout","Math","min","pow","Random","fraction","retryLater","fn","Meteor","setTimeout"],"sources":["packages/retry/retry.js"],"sourcesContent":["// Retry logic with an exponential backoff.\n//\n// options:\n//  baseTimeout: time for initial reconnect attempt (ms).\n//  exponent: exponential factor to increase timeout each attempt.\n//  maxTimeout: maximum time between retries (ms).\n//  minCount: how many times to reconnect \"instantly\".\n//  minTimeout: time to wait for the first `minCount` retries (ms).\n//  fuzz: factor to randomize retry times by (to avoid retry storms).\n\nexport class Retry {\n  constructor({\n    baseTimeout = 1000,\n    exponent = 2.2,\n    // The default is high-ish to ensure a server can recover from a\n    // failure caused by load.\n    maxTimeout = 5 * 60 * 1000,\n    minTimeout = 10,\n    minCount = 2,\n    fuzz = 0.5,\n  } = {}) {\n    this.baseTimeout = baseTimeout;\n    this.exponent = exponent;\n    this.maxTimeout = maxTimeout;\n    this.minTimeout = minTimeout;\n    this.minCount = minCount;\n    this.fuzz = fuzz;\n    this.retryTimer = null;\n  }\n\n  // Reset a pending retry, if any.\n  clear() {\n    if (this.retryTimer) {\n      clearTimeout(this.retryTimer);\n    }\n    this.retryTimer = null;\n  }\n\n  // Calculate how long to wait in milliseconds to retry, based on the\n  // `count` of which retry this is.\n  _timeout(count) {\n    if (count < this.minCount) {\n      return this.minTimeout;\n    }\n\n    // fuzz the timeout randomly, to avoid reconnect storms when a\n    // server goes down.\n    var timeout = Math.min(\n      this.maxTimeout,\n      this.baseTimeout * Math.pow(this.exponent, count)\n    ) * (\n      Random.fraction() * this.fuzz + (1 - this.fuzz / 2)\n    );\n\n    return timeout;\n  }\n\n  // Call `fn` after a delay, based on the `count` of which retry this is.\n  retryLater(count, fn) {\n    var timeout = this._timeout(count);\n    if (this.retryTimer)\n      clearTimeout(this.retryTimer);\n    this.retryTimer = Meteor.setTimeout(fn, timeout);\n    return timeout;\n  }\n}\n"],"mappings":"AAAAA,MAAM,CAACC,MAAM,CAAC;EAACC,KAAK,EAAC,SAAAA,CAAA,EAAU;IAAC,OAAOA,KAAK;EAAA;AAAC,CAAC,CAAC;AAAC,IAUnCA,KAAK;EAChB,SAAAA,MAAA,EASQ;IAAA,IAAAC,IAAA,GAAAC,SAAA,CAAAC,MAAA,QAAAD,SAAA,QAAAE,SAAA,GAAAF,SAAA,MAAJ,CAAC,CAAC;MAAAG,gBAAA,GAAAJ,IAAA,CARJK,WAAW;MAAXA,WAAW,GAAAD,gBAAA,cAAG,IAAI,GAAAA,gBAAA;MAAAE,aAAA,GAAAN,IAAA,CAClBO,QAAQ;MAARA,QAAQ,GAAAD,aAAA,cAAG,GAAG,GAAAA,aAAA;MAAAE,eAAA,GAAAR,IAAA,CAGdS,UAAU;MAAVA,UAAU,GAAAD,eAAA,cAAG,CAAC,GAAG,EAAE,GAAG,IAAI,GAAAA,eAAA;MAAAE,eAAA,GAAAV,IAAA,CAC1BW,UAAU;MAAVA,UAAU,GAAAD,eAAA,cAAG,EAAE,GAAAA,eAAA;MAAAE,aAAA,GAAAZ,IAAA,CACfa,QAAQ;MAARA,QAAQ,GAAAD,aAAA,cAAG,CAAC,GAAAA,aAAA;MAAAE,SAAA,GAAAd,IAAA,CACZe,IAAI;MAAJA,IAAI,GAAAD,SAAA,cAAG,GAAG,GAAAA,SAAA;IAEV,IAAI,CAACT,WAAW,GAAGA,WAAW;IAC9B,IAAI,CAACE,QAAQ,GAAGA,QAAQ;IACxB,IAAI,CAACE,UAAU,GAAGA,UAAU;IAC5B,IAAI,CAACE,UAAU,GAAGA,UAAU;IAC5B,IAAI,CAACE,QAAQ,GAAGA,QAAQ;IACxB,IAAI,CAACE,IAAI,GAAGA,IAAI;IAChB,IAAI,CAACC,UAAU,GAAG,IAAI;EACxB;;EAEA;EAAA,IAAAC,MAAA,GAAAlB,KAAA,CAAAmB,SAAA;EAAAD,MAAA,CACAE,KAAK;IAAL,SAAAA,MAAA,EAAQ;MACN,IAAI,IAAI,CAACH,UAAU,EAAE;QACnBI,YAAY,CAAC,IAAI,CAACJ,UAAU,CAAC;MAC/B;MACA,IAAI,CAACA,UAAU,GAAG,IAAI;IACxB;IAAC,OAAAG,KAAA;EAAA,IAED;EACA;EAAA;EAAAF,MAAA,CACAI,QAAQ;IAAR,SAAAA,SAASC,KAAK,EAAE;MACd,IAAIA,KAAK,GAAG,IAAI,CAACT,QAAQ,EAAE;QACzB,OAAO,IAAI,CAACF,UAAU;MACxB;;MAEA;MACA;MACA,IAAIY,OAAO,GAAGC,IAAI,CAACC,GAAG,CACpB,IAAI,CAAChB,UAAU,EACf,IAAI,CAACJ,WAAW,GAAGmB,IAAI,CAACE,GAAG,CAAC,IAAI,CAACnB,QAAQ,EAAEe,KAAK,CAClD,CAAC,IACCK,MAAM,CAACC,QAAQ,CAAC,CAAC,GAAG,IAAI,CAACb,IAAI,IAAI,CAAC,GAAG,IAAI,CAACA,IAAI,GAAG,CAAC,CAAC,CACpD;MAED,OAAOQ,OAAO;IAChB;IAAC,OAAAF,QAAA;EAAA,IAED;EAAA;EAAAJ,MAAA,CACAY,UAAU;IAAV,SAAAA,WAAWP,KAAK,EAAEQ,EAAE,EAAE;MACpB,IAAIP,OAAO,GAAG,IAAI,CAACF,QAAQ,CAACC,KAAK,CAAC;MAClC,IAAI,IAAI,CAACN,UAAU,EACjBI,YAAY,CAAC,IAAI,CAACJ,UAAU,CAAC;MAC/B,IAAI,CAACA,UAAU,GAAGe,MAAM,CAACC,UAAU,CAACF,EAAE,EAAEP,OAAO,CAAC;MAChD,OAAOA,OAAO;IAChB;IAAC,OAAAM,UAAA;EAAA;EAAA,OAAA9B,KAAA;AAAA","ignoreList":[]},"sourceType":"module","externalDependencies":{},"hash":"4dfcc2c6a85167d8c137eda49416d73a640b8d5f"}
