{"metadata":{},"options":{"assumptions":{},"compact":false,"sourceMaps":true,"ast":true,"babelrc":false,"configFile":false,"parserOpts":{"sourceType":"module","sourceFileName":"/Users/matteodemicheli/Sites/meteor-boilerplate/packages/random/createRandom.js","plugins":["*","flow","jsx","asyncGenerators","bigInt","classPrivateMethods","classPrivateProperties","classProperties","doExpressions","dynamicImport","exportDefaultFrom","exportExtensions","exportNamespaceFrom","functionBind","functionSent","importMeta","nullishCoalescingOperator","numericSeparator","objectRestSpread","optionalCatchBinding","optionalChaining",["pipelineOperator",{"proposal":"minimal"}],"throwExpressions","topLevelAwait","objectRestSpread","objectRestSpread","asyncGenerators","classProperties","classPrivateProperties","jsx","nullishCoalescingOperator","nullishCoalescingOperator","optionalChaining","optionalChaining","optionalCatchBinding","optionalCatchBinding","classProperties","classPrivateProperties","classPrivateMethods","classProperties","classPrivateProperties","asyncGenerators","asyncGenerators","objectRestSpread","objectRestSpread","logicalAssignment"],"allowImportExportEverywhere":true,"allowReturnOutsideFunction":true,"allowUndeclaredExports":true,"strictMode":false},"caller":{"name":"meteor","arch":"os.osx.arm64"},"sourceFileName":"packages/random/createRandom.js","filename":"/Users/matteodemicheli/Sites/meteor-boilerplate/packages/random/createRandom.js","targets":{},"cloneInputAst":true,"browserslistConfigFile":false,"passPerPreset":false,"envName":"development","cwd":"/Users/matteodemicheli/Sites/meteor-boilerplate","root":"/Users/matteodemicheli/Sites/meteor-boilerplate","rootMode":"root","plugins":[{"key":"base$0","visitor":{"_exploded":true,"_verified":true},"options":{},"externalDependencies":[]},{"key":"base$0$0","visitor":{"Program":{"enter":[null],"exit":[null]},"_exploded":true,"_verified":true},"options":{"avoidModernSyntax":false,"enforceStrictMode":false,"dynamicImport":true,"generateLetDeclarations":true,"topLevelAwait":true},"externalDependencies":[]},{"key":"transform-runtime","visitor":{"MemberExpression":{"enter":[null]},"ObjectPattern":{"enter":[null]},"BinaryExpression":{"enter":[null]},"Identifier":{"enter":[null]},"JSXIdentifier":{"enter":[null]},"_exploded":true,"_verified":true},"options":{"version":"7.17.2","helpers":true,"useESModules":false,"corejs":false},"externalDependencies":[]},{"key":"syntax-object-rest-spread","visitor":{"_exploded":true,"_verified":true},"options":{},"externalDependencies":[]},{"key":"proposal-object-rest-spread","visitor":{"VariableDeclarator":{"enter":[null]},"ExportNamedDeclaration":{"enter":[null]},"CatchClause":{"enter":[null]},"AssignmentExpression":{"enter":[null]},"ArrayPattern":{"enter":[null]},"ObjectExpression":{"enter":[null]},"FunctionDeclaration":{"enter":[null]},"FunctionExpression":{"enter":[null]},"ObjectMethod":{"enter":[null]},"ArrowFunctionExpression":{"enter":[null]},"ClassMethod":{"enter":[null]},"ClassPrivateMethod":{"enter":[null]},"ForInStatement":{"enter":[null]},"ForOfStatement":{"enter":[null]},"_exploded":true,"_verified":true},"options":{},"externalDependencies":[]},{"key":"proposal-async-generator-functions","visitor":{"Program":{"enter":[null]},"_exploded":true,"_verified":true},"options":{},"externalDependencies":[]},{"key":"proposal-class-properties","visitor":{"ExportDefaultDeclaration":{"enter":[null]},"_exploded":true,"_verified":true,"ClassExpression":{"enter":[null]},"ClassDeclaration":{"enter":[null]}},"options":{"loose":true},"externalDependencies":[]},{"key":"transform-react-jsx","visitor":{"JSXNamespacedName":{"enter":[null]},"JSXSpreadChild":{"enter":[null]},"Program":{"enter":[null]},"JSXFragment":{"exit":[null]},"JSXElement":{"exit":[null]},"JSXAttribute":{"enter":[null]},"_exploded":true,"_verified":true},"options":{"pragma":"React.createElement","pragmaFrag":"React.Fragment","runtime":"classic","throwIfNamespace":true,"useBuiltIns":false},"externalDependencies":[]},{"key":"transform-react-display-name","visitor":{"ExportDefaultDeclaration":{"enter":[null]},"CallExpression":{"enter":[null]},"_exploded":true,"_verified":true},"options":{},"externalDependencies":[]},{"key":"transform-react-pure-annotations","visitor":{"CallExpression":{"enter":[null]},"_exploded":true,"_verified":true},"options":{},"externalDependencies":[]},{"key":"syntax-nullish-coalescing-operator","visitor":{"_exploded":true,"_verified":true},"options":{},"externalDependencies":[]},{"key":"proposal-nullish-coalescing-operator","visitor":{"LogicalExpression":{"enter":[null]},"_exploded":true,"_verified":true},"options":{},"externalDependencies":[]},{"key":"syntax-optional-chaining","visitor":{"_exploded":true,"_verified":true},"options":{},"externalDependencies":[]},{"key":"proposal-optional-chaining","visitor":{"OptionalCallExpression":{"enter":[null]},"OptionalMemberExpression":{"enter":[null]},"_exploded":true,"_verified":true},"options":{},"externalDependencies":[]},{"key":"syntax-optional-catch-binding","visitor":{"_exploded":true,"_verified":true},"options":{},"externalDependencies":[]},{"key":"proposal-optional-catch-binding","visitor":{"CatchClause":{"enter":[null]},"_exploded":true,"_verified":true},"options":{},"externalDependencies":[]},{"key":"syntax-class-properties","visitor":{"_exploded":true,"_verified":true},"options":{},"externalDependencies":[]},{"key":"proposal-class-properties","visitor":{"ExportDefaultDeclaration":{"enter":[null]},"_exploded":true,"_verified":true,"ClassExpression":{"enter":[null]},"ClassDeclaration":{"enter":[null]}},"options":{},"externalDependencies":[]},{"key":"syntax-async-generators","visitor":{"_exploded":true,"_verified":true},"options":{},"externalDependencies":[]},{"key":"proposal-async-generator-functions","visitor":{"Program":{"enter":[null]},"_exploded":true,"_verified":true},"options":{},"externalDependencies":[]},{"key":"syntax-object-rest-spread","visitor":{"_exploded":true,"_verified":true},"options":{},"externalDependencies":[]},{"key":"proposal-object-rest-spread","visitor":{"VariableDeclarator":{"enter":[null]},"ExportNamedDeclaration":{"enter":[null]},"CatchClause":{"enter":[null]},"AssignmentExpression":{"enter":[null]},"ArrayPattern":{"enter":[null]},"ObjectExpression":{"enter":[null]},"FunctionDeclaration":{"enter":[null]},"FunctionExpression":{"enter":[null]},"ObjectMethod":{"enter":[null]},"ArrowFunctionExpression":{"enter":[null]},"ClassMethod":{"enter":[null]},"ClassPrivateMethod":{"enter":[null]},"ForInStatement":{"enter":[null]},"ForOfStatement":{"enter":[null]},"_exploded":true,"_verified":true},"options":{},"externalDependencies":[]},{"key":"proposal-logical-assignment-operators","visitor":{"AssignmentExpression":{"enter":[null]},"_exploded":true,"_verified":true},"options":{},"externalDependencies":[]},{"key":"transform-literals","visitor":{"NumericLiteral":{"enter":[null]},"StringLiteral":{"enter":[null]},"_exploded":true,"_verified":true},"options":{},"externalDependencies":[]},{"key":"transform-template-literals","visitor":{"TaggedTemplateExpression":{"enter":[null]},"TemplateLiteral":{"enter":[null]},"_exploded":true,"_verified":true},"options":{},"externalDependencies":[]},{"key":"transform-parameters","visitor":{"_exploded":true,"_verified":true,"FunctionDeclaration":{"enter":[null]},"FunctionExpression":{"enter":[null]},"ObjectMethod":{"enter":[null]},"ArrowFunctionExpression":{"enter":[null]},"ClassMethod":{"enter":[null]},"ClassPrivateMethod":{"enter":[null]}},"options":{},"externalDependencies":[]},{"key":"transform-exponentiation-operator","visitor":{"AssignmentExpression":{"enter":[null]},"BinaryExpression":{"enter":[null]},"_exploded":true,"_verified":true},"options":{},"externalDependencies":[]}],"presets":[],"generatorOpts":{"filename":"/Users/matteodemicheli/Sites/meteor-boilerplate/packages/random/createRandom.js","comments":true,"compact":false,"sourceMaps":true,"sourceFileName":"packages/random/createRandom.js"}},"code":"!module.wrapAsync(async function (module, __reifyWaitForDeps__, __reify_async_result__) {\n  \"use strict\";\n  try {\n    module.export({\n      default: () => createRandom\n    });\n    let AleaRandomGenerator;\n    module.link(\"./AleaRandomGenerator\", {\n      default(v) {\n        AleaRandomGenerator = v;\n      }\n    }, 0);\n    let createAleaGeneratorWithGeneratedSeed;\n    module.link(\"./createAleaGenerator\", {\n      default(v) {\n        createAleaGeneratorWithGeneratedSeed = v;\n      }\n    }, 1);\n    if (__reifyWaitForDeps__()) (await __reifyWaitForDeps__())();\n    function createRandom(generator) {\n      // Create a non-cryptographically secure PRNG with a given seed (using\n      // the Alea algorithm)\n      generator.createWithSeeds = function () {\n        for (var _len = arguments.length, seeds = new Array(_len), _key = 0; _key < _len; _key++) {\n          seeds[_key] = arguments[_key];\n        }\n        if (seeds.length === 0) {\n          throw new Error('No seeds were provided');\n        }\n        return new AleaRandomGenerator({\n          seeds\n        });\n      };\n\n      // Used like `Random`, but much faster and not cryptographically\n      // secure\n      generator.insecure = createAleaGeneratorWithGeneratedSeed();\n      return generator;\n    }\n    __reify_async_result__();\n  } catch (_reifyError) {\n    return __reify_async_result__(_reifyError);\n  }\n  __reify_async_result__()\n}, {\n  self: this,\n  async: false\n});","map":{"version":3,"names":["module","export","default","createRandom","AleaRandomGenerator","link","v","createAleaGeneratorWithGeneratedSeed","__reifyWaitForDeps__","generator","createWithSeeds","_len","arguments","length","seeds","Array","_key","Error","insecure","__reify_async_result__","_reifyError","self","async"],"sources":["packages/random/createRandom.js"],"sourcesContent":["import AleaRandomGenerator from './AleaRandomGenerator'\nimport createAleaGeneratorWithGeneratedSeed from './createAleaGenerator';\n\nexport default function createRandom(generator) {\n  // Create a non-cryptographically secure PRNG with a given seed (using\n  // the Alea algorithm)\n  generator.createWithSeeds = (...seeds) => {\n    if (seeds.length === 0) {\n      throw new Error('No seeds were provided');\n    }\n    return new AleaRandomGenerator({ seeds });\n  };\n\n  // Used like `Random`, but much faster and not cryptographically\n  // secure\n  generator.insecure = createAleaGeneratorWithGeneratedSeed();\n\n  return generator;\n}\n"],"mappings":";;;IAAAA,MAAM,CAACC,MAAM,CAAC;MAACC,OAAO,EAACA,CAAA,KAAIC;IAAY,CAAC,CAAC;IAAC,IAAIC,mBAAmB;IAACJ,MAAM,CAACK,IAAI,CAAC,uBAAuB,EAAC;MAACH,OAAOA,CAACI,CAAC,EAAC;QAACF,mBAAmB,GAACE,CAAC;MAAA;IAAC,CAAC,EAAC,CAAC,CAAC;IAAC,IAAIC,oCAAoC;IAACP,MAAM,CAACK,IAAI,CAAC,uBAAuB,EAAC;MAACH,OAAOA,CAACI,CAAC,EAAC;QAACC,oCAAoC,GAACD,CAAC;MAAA;IAAC,CAAC,EAAC,CAAC,CAAC;IAAC,IAAIE,oBAAoB,CAAC,CAAC,EAAE,CAAC,MAAMA,oBAAoB,CAAC,CAAC,EAAE,CAAC;IAG/T,SAASL,YAAYA,CAACM,SAAS,EAAE;MAC9C;MACA;MACAA,SAAS,CAACC,eAAe,GAAG,YAAc;QAAA,SAAAC,IAAA,GAAAC,SAAA,CAAAC,MAAA,EAAVC,KAAK,OAAAC,KAAA,CAAAJ,IAAA,GAAAK,IAAA,MAAAA,IAAA,GAAAL,IAAA,EAAAK,IAAA;UAALF,KAAK,CAAAE,IAAA,IAAAJ,SAAA,CAAAI,IAAA;QAAA;QACnC,IAAIF,KAAK,CAACD,MAAM,KAAK,CAAC,EAAE;UACtB,MAAM,IAAII,KAAK,CAAC,wBAAwB,CAAC;QAC3C;QACA,OAAO,IAAIb,mBAAmB,CAAC;UAAEU;QAAM,CAAC,CAAC;MAC3C,CAAC;;MAED;MACA;MACAL,SAAS,CAACS,QAAQ,GAAGX,oCAAoC,CAAC,CAAC;MAE3D,OAAOE,SAAS;IAClB;IAACU,sBAAA;EAAA,SAAAC,WAAA;IAAA,OAAAD,sBAAA,CAAAC,WAAA;EAAA;EAAAD,sBAAA;AAAA;EAAAE,IAAA;EAAAC,KAAA;AAAA","ignoreList":[]},"sourceType":"module","externalDependencies":{},"hash":"61d7fc9092ec19a16aa86a9057fe74c1cea54daa"}
