{"metadata":{},"options":{"assumptions":{},"compact":false,"sourceMaps":true,"ast":true,"babelrc":false,"configFile":false,"parserOpts":{"sourceType":"module","sourceFileName":"/Users/matteodemicheli/Sites/meteor-boilerplate/packages/ddp-client/common/namespace.js","plugins":["*","flow","jsx","asyncGenerators","bigInt","classPrivateMethods","classPrivateProperties","classProperties","doExpressions","dynamicImport","exportDefaultFrom","exportExtensions","exportNamespaceFrom","functionBind","functionSent","importMeta","nullishCoalescingOperator","numericSeparator","objectRestSpread","optionalCatchBinding","optionalChaining",["pipelineOperator",{"proposal":"minimal"}],"throwExpressions","topLevelAwait","objectRestSpread","objectRestSpread","asyncGenerators","classProperties","classPrivateProperties","jsx","nullishCoalescingOperator","nullishCoalescingOperator","optionalChaining","optionalChaining","optionalCatchBinding","optionalCatchBinding","classProperties","classPrivateProperties","classPrivateMethods","classProperties","classPrivateProperties","asyncGenerators","asyncGenerators","objectRestSpread","objectRestSpread","logicalAssignment"],"allowImportExportEverywhere":true,"allowReturnOutsideFunction":true,"allowUndeclaredExports":true,"strictMode":false},"caller":{"name":"meteor","arch":"os.osx.arm64"},"sourceFileName":"packages/ddp-client/common/namespace.js","filename":"/Users/matteodemicheli/Sites/meteor-boilerplate/packages/ddp-client/common/namespace.js","targets":{},"cloneInputAst":true,"browserslistConfigFile":false,"passPerPreset":false,"envName":"development","cwd":"/Users/matteodemicheli/Sites/meteor-boilerplate","root":"/Users/matteodemicheli/Sites/meteor-boilerplate","rootMode":"root","plugins":[{"key":"base$0","visitor":{"_exploded":true,"_verified":true},"options":{},"externalDependencies":[]},{"key":"base$0$0","visitor":{"Program":{"enter":[null],"exit":[null]},"_exploded":true,"_verified":true},"options":{"avoidModernSyntax":false,"enforceStrictMode":false,"dynamicImport":true,"generateLetDeclarations":true,"topLevelAwait":true},"externalDependencies":[]},{"key":"transform-runtime","visitor":{"MemberExpression":{"enter":[null]},"ObjectPattern":{"enter":[null]},"BinaryExpression":{"enter":[null]},"Identifier":{"enter":[null]},"JSXIdentifier":{"enter":[null]},"_exploded":true,"_verified":true},"options":{"version":"7.17.2","helpers":true,"useESModules":false,"corejs":false},"externalDependencies":[]},{"key":"syntax-object-rest-spread","visitor":{"_exploded":true,"_verified":true},"options":{},"externalDependencies":[]},{"key":"proposal-object-rest-spread","visitor":{"VariableDeclarator":{"enter":[null]},"ExportNamedDeclaration":{"enter":[null]},"CatchClause":{"enter":[null]},"AssignmentExpression":{"enter":[null]},"ArrayPattern":{"enter":[null]},"ObjectExpression":{"enter":[null]},"FunctionDeclaration":{"enter":[null]},"FunctionExpression":{"enter":[null]},"ObjectMethod":{"enter":[null]},"ArrowFunctionExpression":{"enter":[null]},"ClassMethod":{"enter":[null]},"ClassPrivateMethod":{"enter":[null]},"ForInStatement":{"enter":[null]},"ForOfStatement":{"enter":[null]},"_exploded":true,"_verified":true},"options":{},"externalDependencies":[]},{"key":"proposal-async-generator-functions","visitor":{"Program":{"enter":[null]},"_exploded":true,"_verified":true},"options":{},"externalDependencies":[]},{"key":"proposal-class-properties","visitor":{"ExportDefaultDeclaration":{"enter":[null]},"_exploded":true,"_verified":true,"ClassExpression":{"enter":[null]},"ClassDeclaration":{"enter":[null]}},"options":{"loose":true},"externalDependencies":[]},{"key":"transform-react-jsx","visitor":{"JSXNamespacedName":{"enter":[null]},"JSXSpreadChild":{"enter":[null]},"Program":{"enter":[null]},"JSXFragment":{"exit":[null]},"JSXElement":{"exit":[null]},"JSXAttribute":{"enter":[null]},"_exploded":true,"_verified":true},"options":{"pragma":"React.createElement","pragmaFrag":"React.Fragment","runtime":"classic","throwIfNamespace":true,"useBuiltIns":false},"externalDependencies":[]},{"key":"transform-react-display-name","visitor":{"ExportDefaultDeclaration":{"enter":[null]},"CallExpression":{"enter":[null]},"_exploded":true,"_verified":true},"options":{},"externalDependencies":[]},{"key":"transform-react-pure-annotations","visitor":{"CallExpression":{"enter":[null]},"_exploded":true,"_verified":true},"options":{},"externalDependencies":[]},{"key":"syntax-nullish-coalescing-operator","visitor":{"_exploded":true,"_verified":true},"options":{},"externalDependencies":[]},{"key":"proposal-nullish-coalescing-operator","visitor":{"LogicalExpression":{"enter":[null]},"_exploded":true,"_verified":true},"options":{},"externalDependencies":[]},{"key":"syntax-optional-chaining","visitor":{"_exploded":true,"_verified":true},"options":{},"externalDependencies":[]},{"key":"proposal-optional-chaining","visitor":{"OptionalCallExpression":{"enter":[null]},"OptionalMemberExpression":{"enter":[null]},"_exploded":true,"_verified":true},"options":{},"externalDependencies":[]},{"key":"syntax-optional-catch-binding","visitor":{"_exploded":true,"_verified":true},"options":{},"externalDependencies":[]},{"key":"proposal-optional-catch-binding","visitor":{"CatchClause":{"enter":[null]},"_exploded":true,"_verified":true},"options":{},"externalDependencies":[]},{"key":"syntax-class-properties","visitor":{"_exploded":true,"_verified":true},"options":{},"externalDependencies":[]},{"key":"proposal-class-properties","visitor":{"ExportDefaultDeclaration":{"enter":[null]},"_exploded":true,"_verified":true,"ClassExpression":{"enter":[null]},"ClassDeclaration":{"enter":[null]}},"options":{},"externalDependencies":[]},{"key":"syntax-async-generators","visitor":{"_exploded":true,"_verified":true},"options":{},"externalDependencies":[]},{"key":"proposal-async-generator-functions","visitor":{"Program":{"enter":[null]},"_exploded":true,"_verified":true},"options":{},"externalDependencies":[]},{"key":"syntax-object-rest-spread","visitor":{"_exploded":true,"_verified":true},"options":{},"externalDependencies":[]},{"key":"proposal-object-rest-spread","visitor":{"VariableDeclarator":{"enter":[null]},"ExportNamedDeclaration":{"enter":[null]},"CatchClause":{"enter":[null]},"AssignmentExpression":{"enter":[null]},"ArrayPattern":{"enter":[null]},"ObjectExpression":{"enter":[null]},"FunctionDeclaration":{"enter":[null]},"FunctionExpression":{"enter":[null]},"ObjectMethod":{"enter":[null]},"ArrowFunctionExpression":{"enter":[null]},"ClassMethod":{"enter":[null]},"ClassPrivateMethod":{"enter":[null]},"ForInStatement":{"enter":[null]},"ForOfStatement":{"enter":[null]},"_exploded":true,"_verified":true},"options":{},"externalDependencies":[]},{"key":"proposal-logical-assignment-operators","visitor":{"AssignmentExpression":{"enter":[null]},"_exploded":true,"_verified":true},"options":{},"externalDependencies":[]},{"key":"transform-literals","visitor":{"NumericLiteral":{"enter":[null]},"StringLiteral":{"enter":[null]},"_exploded":true,"_verified":true},"options":{},"externalDependencies":[]},{"key":"transform-template-literals","visitor":{"TaggedTemplateExpression":{"enter":[null]},"TemplateLiteral":{"enter":[null]},"_exploded":true,"_verified":true},"options":{},"externalDependencies":[]},{"key":"transform-parameters","visitor":{"_exploded":true,"_verified":true,"FunctionDeclaration":{"enter":[null]},"FunctionExpression":{"enter":[null]},"ObjectMethod":{"enter":[null]},"ArrowFunctionExpression":{"enter":[null]},"ClassMethod":{"enter":[null]},"ClassPrivateMethod":{"enter":[null]}},"options":{},"externalDependencies":[]},{"key":"transform-exponentiation-operator","visitor":{"AssignmentExpression":{"enter":[null]},"BinaryExpression":{"enter":[null]},"_exploded":true,"_verified":true},"options":{},"externalDependencies":[]}],"presets":[],"generatorOpts":{"filename":"/Users/matteodemicheli/Sites/meteor-boilerplate/packages/ddp-client/common/namespace.js","comments":true,"compact":false,"sourceMaps":true,"sourceFileName":"packages/ddp-client/common/namespace.js"}},"code":"!module.wrapAsync(async function (module, __reifyWaitForDeps__, __reify_async_result__) {\n  \"use strict\";\n  try {\n    module.export({\n      DDP: () => DDP\n    });\n    let DDPCommon;\n    module.link(\"meteor/ddp-common\", {\n      DDPCommon(v) {\n        DDPCommon = v;\n      }\n    }, 0);\n    let Meteor;\n    module.link(\"meteor/meteor\", {\n      Meteor(v) {\n        Meteor = v;\n      }\n    }, 1);\n    let Connection;\n    module.link(\"./livedata_connection.js\", {\n      Connection(v) {\n        Connection = v;\n      }\n    }, 2);\n    if (__reifyWaitForDeps__()) (await __reifyWaitForDeps__())();\n    // This array allows the `_allSubscriptionsReady` method below, which\n    // is used by the `spiderable` package, to keep track of whether all\n    // data is ready.\n    const allConnections = [];\n\n    /**\n     * @namespace DDP\n     * @summary Namespace for DDP-related methods/classes.\n     */\n    const DDP = {};\n    // This is private but it's used in a few places. accounts-base uses\n    // it to get the current user. Meteor.setTimeout and friends clear\n    // it. We can probably find a better way to factor this.\n    DDP._CurrentMethodInvocation = new Meteor.EnvironmentVariable();\n    DDP._CurrentPublicationInvocation = new Meteor.EnvironmentVariable();\n\n    // XXX: Keep DDP._CurrentInvocation for backwards-compatibility.\n    DDP._CurrentInvocation = DDP._CurrentMethodInvocation;\n    DDP._CurrentCallAsyncInvocation = new Meteor.EnvironmentVariable();\n\n    // This is passed into a weird `makeErrorType` function that expects its thing\n    // to be a constructor\n    function connectionErrorConstructor(message) {\n      this.message = message;\n    }\n    DDP.ConnectionError = Meteor.makeErrorType('DDP.ConnectionError', connectionErrorConstructor);\n    DDP.ForcedReconnectError = Meteor.makeErrorType('DDP.ForcedReconnectError', () => {});\n\n    // Returns the named sequence of pseudo-random values.\n    // The scope will be DDP._CurrentMethodInvocation.get(), so the stream will produce\n    // consistent values for method calls on the client and server.\n    DDP.randomStream = name => {\n      const scope = DDP._CurrentMethodInvocation.get();\n      return DDPCommon.RandomStream.get(scope, name);\n    };\n\n    // @param url {String} URL to Meteor app,\n    //     e.g.:\n    //     \"subdomain.meteor.com\",\n    //     \"http://subdomain.meteor.com\",\n    //     \"/\",\n    //     \"ddp+sockjs://ddp--****-foo.meteor.com/sockjs\"\n\n    /**\n     * @summary Connect to the server of a different Meteor application to subscribe to its document sets and invoke its remote methods.\n     * @locus Anywhere\n     * @param {String} url The URL of another Meteor application.\n     * @param {Object} [options]\n     * @param {Boolean} options.reloadWithOutstanding is it OK to reload if there are outstanding methods?\n     * @param {Object} options.headers extra headers to send on the websockets connection, for server-to-server DDP only\n     * @param {Object} options._sockjsOptions Specifies options to pass through to the sockjs client\n     * @param {Function} options.onDDPNegotiationVersionFailure callback when version negotiation fails.\n     */\n    DDP.connect = (url, options) => {\n      const ret = new Connection(url, options);\n      allConnections.push(ret); // hack. see below.\n      return ret;\n    };\n    DDP._reconnectHook = new Hook({\n      bindEnvironment: false\n    });\n\n    /**\n     * @summary Register a function to call as the first step of\n     * reconnecting. This function can call methods which will be executed before\n     * any other outstanding methods. For example, this can be used to re-establish\n     * the appropriate authentication context on the connection.\n     * @locus Anywhere\n     * @param {Function} callback The function to call. It will be called with a\n     * single argument, the [connection object](#ddp_connect) that is reconnecting.\n     */\n    DDP.onReconnect = callback => DDP._reconnectHook.register(callback);\n\n    // Hack for `spiderable` package: a way to see if the page is done\n    // loading all the data it needs.\n    //\n    DDP._allSubscriptionsReady = () => allConnections.every(conn => Object.values(conn._subscriptions).every(sub => sub.ready));\n    __reify_async_result__();\n  } catch (_reifyError) {\n    return __reify_async_result__(_reifyError);\n  }\n  __reify_async_result__()\n}, {\n  self: this,\n  async: false\n});","map":{"version":3,"names":["module","export","DDP","DDPCommon","link","v","Meteor","Connection","__reifyWaitForDeps__","allConnections","_CurrentMethodInvocation","EnvironmentVariable","_CurrentPublicationInvocation","_CurrentInvocation","_CurrentCallAsyncInvocation","connectionErrorConstructor","message","ConnectionError","makeErrorType","ForcedReconnectError","randomStream","name","scope","get","RandomStream","connect","url","options","ret","push","_reconnectHook","Hook","bindEnvironment","onReconnect","callback","register","_allSubscriptionsReady","every","conn","Object","values","_subscriptions","sub","ready","__reify_async_result__","_reifyError","self","async"],"sources":["packages/ddp-client/common/namespace.js"],"sourcesContent":["import { DDPCommon } from 'meteor/ddp-common';\nimport { Meteor } from 'meteor/meteor';\n\nimport { Connection } from './livedata_connection.js';\n\n// This array allows the `_allSubscriptionsReady` method below, which\n// is used by the `spiderable` package, to keep track of whether all\n// data is ready.\nconst allConnections = [];\n\n/**\n * @namespace DDP\n * @summary Namespace for DDP-related methods/classes.\n */\nexport const DDP = {};\n\n// This is private but it's used in a few places. accounts-base uses\n// it to get the current user. Meteor.setTimeout and friends clear\n// it. We can probably find a better way to factor this.\nDDP._CurrentMethodInvocation = new Meteor.EnvironmentVariable();\nDDP._CurrentPublicationInvocation = new Meteor.EnvironmentVariable();\n\n// XXX: Keep DDP._CurrentInvocation for backwards-compatibility.\nDDP._CurrentInvocation = DDP._CurrentMethodInvocation;\n\nDDP._CurrentCallAsyncInvocation = new Meteor.EnvironmentVariable();\n\n// This is passed into a weird `makeErrorType` function that expects its thing\n// to be a constructor\nfunction connectionErrorConstructor(message) {\n  this.message = message;\n}\n\nDDP.ConnectionError = Meteor.makeErrorType(\n  'DDP.ConnectionError',\n  connectionErrorConstructor\n);\n\nDDP.ForcedReconnectError = Meteor.makeErrorType(\n  'DDP.ForcedReconnectError',\n  () => {}\n);\n\n// Returns the named sequence of pseudo-random values.\n// The scope will be DDP._CurrentMethodInvocation.get(), so the stream will produce\n// consistent values for method calls on the client and server.\nDDP.randomStream = name => {\n  const scope = DDP._CurrentMethodInvocation.get();\n  return DDPCommon.RandomStream.get(scope, name);\n};\n\n// @param url {String} URL to Meteor app,\n//     e.g.:\n//     \"subdomain.meteor.com\",\n//     \"http://subdomain.meteor.com\",\n//     \"/\",\n//     \"ddp+sockjs://ddp--****-foo.meteor.com/sockjs\"\n\n/**\n * @summary Connect to the server of a different Meteor application to subscribe to its document sets and invoke its remote methods.\n * @locus Anywhere\n * @param {String} url The URL of another Meteor application.\n * @param {Object} [options]\n * @param {Boolean} options.reloadWithOutstanding is it OK to reload if there are outstanding methods?\n * @param {Object} options.headers extra headers to send on the websockets connection, for server-to-server DDP only\n * @param {Object} options._sockjsOptions Specifies options to pass through to the sockjs client\n * @param {Function} options.onDDPNegotiationVersionFailure callback when version negotiation fails.\n */\nDDP.connect = (url, options) => {\n  const ret = new Connection(url, options);\n  allConnections.push(ret); // hack. see below.\n  return ret;\n};\n\nDDP._reconnectHook = new Hook({ bindEnvironment: false });\n\n/**\n * @summary Register a function to call as the first step of\n * reconnecting. This function can call methods which will be executed before\n * any other outstanding methods. For example, this can be used to re-establish\n * the appropriate authentication context on the connection.\n * @locus Anywhere\n * @param {Function} callback The function to call. It will be called with a\n * single argument, the [connection object](#ddp_connect) that is reconnecting.\n */\nDDP.onReconnect = callback => DDP._reconnectHook.register(callback);\n\n// Hack for `spiderable` package: a way to see if the page is done\n// loading all the data it needs.\n//\nDDP._allSubscriptionsReady = () => allConnections.every(\n  conn => Object.values(conn._subscriptions).every(sub => sub.ready)\n);\n"],"mappings":";;;IAAAA,MAAM,CAACC,MAAM,CAAC;MAACC,GAAG,EAACA,CAAA,KAAIA;IAAG,CAAC,CAAC;IAAC,IAAIC,SAAS;IAACH,MAAM,CAACI,IAAI,CAAC,mBAAmB,EAAC;MAACD,SAASA,CAACE,CAAC,EAAC;QAACF,SAAS,GAACE,CAAC;MAAA;IAAC,CAAC,EAAC,CAAC,CAAC;IAAC,IAAIC,MAAM;IAACN,MAAM,CAACI,IAAI,CAAC,eAAe,EAAC;MAACE,MAAMA,CAACD,CAAC,EAAC;QAACC,MAAM,GAACD,CAAC;MAAA;IAAC,CAAC,EAAC,CAAC,CAAC;IAAC,IAAIE,UAAU;IAACP,MAAM,CAACI,IAAI,CAAC,0BAA0B,EAAC;MAACG,UAAUA,CAACF,CAAC,EAAC;QAACE,UAAU,GAACF,CAAC;MAAA;IAAC,CAAC,EAAC,CAAC,CAAC;IAAC,IAAIG,oBAAoB,CAAC,CAAC,EAAE,CAAC,MAAMA,oBAAoB,CAAC,CAAC,EAAE,CAAC;IAK7T;IACA;IACA;IACA,MAAMC,cAAc,GAAG,EAAE;;IAEzB;AACA;AACA;AACA;IACO,MAAMP,GAAG,GAAG,CAAC,CAAC;IAErB;IACA;IACA;IACAA,GAAG,CAACQ,wBAAwB,GAAG,IAAIJ,MAAM,CAACK,mBAAmB,CAAC,CAAC;IAC/DT,GAAG,CAACU,6BAA6B,GAAG,IAAIN,MAAM,CAACK,mBAAmB,CAAC,CAAC;;IAEpE;IACAT,GAAG,CAACW,kBAAkB,GAAGX,GAAG,CAACQ,wBAAwB;IAErDR,GAAG,CAACY,2BAA2B,GAAG,IAAIR,MAAM,CAACK,mBAAmB,CAAC,CAAC;;IAElE;IACA;IACA,SAASI,0BAA0BA,CAACC,OAAO,EAAE;MAC3C,IAAI,CAACA,OAAO,GAAGA,OAAO;IACxB;IAEAd,GAAG,CAACe,eAAe,GAAGX,MAAM,CAACY,aAAa,CACxC,qBAAqB,EACrBH,0BACF,CAAC;IAEDb,GAAG,CAACiB,oBAAoB,GAAGb,MAAM,CAACY,aAAa,CAC7C,0BAA0B,EAC1B,MAAM,CAAC,CACT,CAAC;;IAED;IACA;IACA;IACAhB,GAAG,CAACkB,YAAY,GAAGC,IAAI,IAAI;MACzB,MAAMC,KAAK,GAAGpB,GAAG,CAACQ,wBAAwB,CAACa,GAAG,CAAC,CAAC;MAChD,OAAOpB,SAAS,CAACqB,YAAY,CAACD,GAAG,CAACD,KAAK,EAAED,IAAI,CAAC;IAChD,CAAC;;IAED;IACA;IACA;IACA;IACA;IACA;;IAEA;AACA;AACA;AACA;AACA;AACA;AACA;AACA;AACA;AACA;IACAnB,GAAG,CAACuB,OAAO,GAAG,CAACC,GAAG,EAAEC,OAAO,KAAK;MAC9B,MAAMC,GAAG,GAAG,IAAIrB,UAAU,CAACmB,GAAG,EAAEC,OAAO,CAAC;MACxClB,cAAc,CAACoB,IAAI,CAACD,GAAG,CAAC,CAAC,CAAC;MAC1B,OAAOA,GAAG;IACZ,CAAC;IAED1B,GAAG,CAAC4B,cAAc,GAAG,IAAIC,IAAI,CAAC;MAAEC,eAAe,EAAE;IAAM,CAAC,CAAC;;IAEzD;AACA;AACA;AACA;AACA;AACA;AACA;AACA;AACA;IACA9B,GAAG,CAAC+B,WAAW,GAAGC,QAAQ,IAAIhC,GAAG,CAAC4B,cAAc,CAACK,QAAQ,CAACD,QAAQ,CAAC;;IAEnE;IACA;IACA;IACAhC,GAAG,CAACkC,sBAAsB,GAAG,MAAM3B,cAAc,CAAC4B,KAAK,CACrDC,IAAI,IAAIC,MAAM,CAACC,MAAM,CAACF,IAAI,CAACG,cAAc,CAAC,CAACJ,KAAK,CAACK,GAAG,IAAIA,GAAG,CAACC,KAAK,CACnE,CAAC;IAACC,sBAAA;EAAA,SAAAC,WAAA;IAAA,OAAAD,sBAAA,CAAAC,WAAA;EAAA;EAAAD,sBAAA;AAAA;EAAAE,IAAA;EAAAC,KAAA;AAAA","ignoreList":[]},"sourceType":"module","externalDependencies":{},"hash":"8020db610cee6191fc05275ad8c0df58fbc01c5f"}
