{"metadata":{},"options":{"assumptions":{},"compact":false,"sourceMaps":true,"ast":true,"babelrc":false,"configFile":false,"parserOpts":{"sourceType":"module","sourceFileName":"/Users/matteodemicheli/Sites/meteor-boilerplate/packages/binary-heap/min-max-heap.js","plugins":["*","flow","jsx","asyncGenerators","bigInt","classPrivateMethods","classPrivateProperties","classProperties","doExpressions","dynamicImport","exportDefaultFrom","exportExtensions","exportNamespaceFrom","functionBind","functionSent","importMeta","nullishCoalescingOperator","numericSeparator","objectRestSpread","optionalCatchBinding","optionalChaining",["pipelineOperator",{"proposal":"minimal"}],"throwExpressions","topLevelAwait","objectRestSpread","objectRestSpread","asyncGenerators","classProperties","classPrivateProperties","jsx","nullishCoalescingOperator","nullishCoalescingOperator","optionalChaining","optionalChaining","optionalCatchBinding","optionalCatchBinding","classProperties","classPrivateProperties","classPrivateMethods","classProperties","classPrivateProperties","asyncGenerators","asyncGenerators","objectRestSpread","objectRestSpread","logicalAssignment"],"allowImportExportEverywhere":true,"allowReturnOutsideFunction":true,"allowUndeclaredExports":true,"strictMode":false},"caller":{"name":"meteor","arch":"os.osx.arm64"},"sourceFileName":"packages/binary-heap/min-max-heap.js","filename":"/Users/matteodemicheli/Sites/meteor-boilerplate/packages/binary-heap/min-max-heap.js","targets":{},"cloneInputAst":true,"browserslistConfigFile":false,"passPerPreset":false,"envName":"development","cwd":"/Users/matteodemicheli/Sites/meteor-boilerplate","root":"/Users/matteodemicheli/Sites/meteor-boilerplate","rootMode":"root","plugins":[{"key":"base$0","visitor":{"_exploded":true,"_verified":true},"options":{},"externalDependencies":[]},{"key":"base$0$0","visitor":{"Program":{"enter":[null],"exit":[null]},"_exploded":true,"_verified":true},"options":{"avoidModernSyntax":false,"enforceStrictMode":false,"dynamicImport":true,"generateLetDeclarations":true,"topLevelAwait":true},"externalDependencies":[]},{"key":"transform-runtime","visitor":{"MemberExpression":{"enter":[null]},"ObjectPattern":{"enter":[null]},"BinaryExpression":{"enter":[null]},"Identifier":{"enter":[null]},"JSXIdentifier":{"enter":[null]},"_exploded":true,"_verified":true},"options":{"version":"7.17.2","helpers":true,"useESModules":false,"corejs":false},"externalDependencies":[]},{"key":"syntax-object-rest-spread","visitor":{"_exploded":true,"_verified":true},"options":{},"externalDependencies":[]},{"key":"proposal-object-rest-spread","visitor":{"VariableDeclarator":{"enter":[null]},"ExportNamedDeclaration":{"enter":[null]},"CatchClause":{"enter":[null]},"AssignmentExpression":{"enter":[null]},"ArrayPattern":{"enter":[null]},"ObjectExpression":{"enter":[null]},"FunctionDeclaration":{"enter":[null]},"FunctionExpression":{"enter":[null]},"ObjectMethod":{"enter":[null]},"ArrowFunctionExpression":{"enter":[null]},"ClassMethod":{"enter":[null]},"ClassPrivateMethod":{"enter":[null]},"ForInStatement":{"enter":[null]},"ForOfStatement":{"enter":[null]},"_exploded":true,"_verified":true},"options":{},"externalDependencies":[]},{"key":"proposal-async-generator-functions","visitor":{"Program":{"enter":[null]},"_exploded":true,"_verified":true},"options":{},"externalDependencies":[]},{"key":"proposal-class-properties","visitor":{"ExportDefaultDeclaration":{"enter":[null]},"_exploded":true,"_verified":true,"ClassExpression":{"enter":[null]},"ClassDeclaration":{"enter":[null]}},"options":{"loose":true},"externalDependencies":[]},{"key":"transform-react-jsx","visitor":{"JSXNamespacedName":{"enter":[null]},"JSXSpreadChild":{"enter":[null]},"Program":{"enter":[null]},"JSXFragment":{"exit":[null]},"JSXElement":{"exit":[null]},"JSXAttribute":{"enter":[null]},"_exploded":true,"_verified":true},"options":{"pragma":"React.createElement","pragmaFrag":"React.Fragment","runtime":"classic","throwIfNamespace":true,"useBuiltIns":false},"externalDependencies":[]},{"key":"transform-react-display-name","visitor":{"ExportDefaultDeclaration":{"enter":[null]},"CallExpression":{"enter":[null]},"_exploded":true,"_verified":true},"options":{},"externalDependencies":[]},{"key":"transform-react-pure-annotations","visitor":{"CallExpression":{"enter":[null]},"_exploded":true,"_verified":true},"options":{},"externalDependencies":[]},{"key":"syntax-nullish-coalescing-operator","visitor":{"_exploded":true,"_verified":true},"options":{},"externalDependencies":[]},{"key":"proposal-nullish-coalescing-operator","visitor":{"LogicalExpression":{"enter":[null]},"_exploded":true,"_verified":true},"options":{},"externalDependencies":[]},{"key":"syntax-optional-chaining","visitor":{"_exploded":true,"_verified":true},"options":{},"externalDependencies":[]},{"key":"proposal-optional-chaining","visitor":{"OptionalCallExpression":{"enter":[null]},"OptionalMemberExpression":{"enter":[null]},"_exploded":true,"_verified":true},"options":{},"externalDependencies":[]},{"key":"syntax-optional-catch-binding","visitor":{"_exploded":true,"_verified":true},"options":{},"externalDependencies":[]},{"key":"proposal-optional-catch-binding","visitor":{"CatchClause":{"enter":[null]},"_exploded":true,"_verified":true},"options":{},"externalDependencies":[]},{"key":"syntax-class-properties","visitor":{"_exploded":true,"_verified":true},"options":{},"externalDependencies":[]},{"key":"proposal-class-properties","visitor":{"ExportDefaultDeclaration":{"enter":[null]},"_exploded":true,"_verified":true,"ClassExpression":{"enter":[null]},"ClassDeclaration":{"enter":[null]}},"options":{},"externalDependencies":[]},{"key":"syntax-async-generators","visitor":{"_exploded":true,"_verified":true},"options":{},"externalDependencies":[]},{"key":"proposal-async-generator-functions","visitor":{"Program":{"enter":[null]},"_exploded":true,"_verified":true},"options":{},"externalDependencies":[]},{"key":"syntax-object-rest-spread","visitor":{"_exploded":true,"_verified":true},"options":{},"externalDependencies":[]},{"key":"proposal-object-rest-spread","visitor":{"VariableDeclarator":{"enter":[null]},"ExportNamedDeclaration":{"enter":[null]},"CatchClause":{"enter":[null]},"AssignmentExpression":{"enter":[null]},"ArrayPattern":{"enter":[null]},"ObjectExpression":{"enter":[null]},"FunctionDeclaration":{"enter":[null]},"FunctionExpression":{"enter":[null]},"ObjectMethod":{"enter":[null]},"ArrowFunctionExpression":{"enter":[null]},"ClassMethod":{"enter":[null]},"ClassPrivateMethod":{"enter":[null]},"ForInStatement":{"enter":[null]},"ForOfStatement":{"enter":[null]},"_exploded":true,"_verified":true},"options":{},"externalDependencies":[]},{"key":"proposal-logical-assignment-operators","visitor":{"AssignmentExpression":{"enter":[null]},"_exploded":true,"_verified":true},"options":{},"externalDependencies":[]},{"key":"transform-literals","visitor":{"NumericLiteral":{"enter":[null]},"StringLiteral":{"enter":[null]},"_exploded":true,"_verified":true},"options":{},"externalDependencies":[]},{"key":"transform-template-literals","visitor":{"TaggedTemplateExpression":{"enter":[null]},"TemplateLiteral":{"enter":[null]},"_exploded":true,"_verified":true},"options":{},"externalDependencies":[]},{"key":"transform-parameters","visitor":{"_exploded":true,"_verified":true,"FunctionDeclaration":{"enter":[null]},"FunctionExpression":{"enter":[null]},"ObjectMethod":{"enter":[null]},"ArrowFunctionExpression":{"enter":[null]},"ClassMethod":{"enter":[null]},"ClassPrivateMethod":{"enter":[null]}},"options":{},"externalDependencies":[]},{"key":"transform-exponentiation-operator","visitor":{"AssignmentExpression":{"enter":[null]},"BinaryExpression":{"enter":[null]},"_exploded":true,"_verified":true},"options":{},"externalDependencies":[]}],"presets":[],"generatorOpts":{"filename":"/Users/matteodemicheli/Sites/meteor-boilerplate/packages/binary-heap/min-max-heap.js","comments":true,"compact":false,"sourceMaps":true,"sourceFileName":"packages/binary-heap/min-max-heap.js"}},"code":"!module.wrapAsync(async function (module, __reifyWaitForDeps__, __reify_async_result__) {\n  \"use strict\";\n  try {\n    module.export({\n      MinMaxHeap: () => MinMaxHeap\n    });\n    let MaxHeap;\n    module.link(\"./max-heap.js\", {\n      MaxHeap(v) {\n        MaxHeap = v;\n      }\n    }, 0);\n    let MinHeap;\n    module.link(\"./min-heap.js\", {\n      MinHeap(v) {\n        MinHeap = v;\n      }\n    }, 1);\n    if (__reifyWaitForDeps__()) (await __reifyWaitForDeps__())();\n    class MinMaxHeap extends MaxHeap {\n      constructor(comparator, options) {\n        super(comparator, options);\n        this._minHeap = new MinHeap(comparator, options);\n      }\n      set() {\n        super.set(...arguments);\n        this._minHeap.set(...arguments);\n      }\n      remove() {\n        super.remove(...arguments);\n        this._minHeap.remove(...arguments);\n      }\n      clear() {\n        super.clear(...arguments);\n        this._minHeap.clear(...arguments);\n      }\n      setDefault() {\n        super.setDefault(...arguments);\n        return this._minHeap.setDefault(...arguments);\n      }\n      clone() {\n        const clone = new MinMaxHeap(this._comparator, this._heap);\n        return clone;\n      }\n      minElementId() {\n        return this._minHeap.minElementId();\n      }\n    }\n    ;\n    __reify_async_result__();\n  } catch (_reifyError) {\n    return __reify_async_result__(_reifyError);\n  }\n  __reify_async_result__()\n}, {\n  self: this,\n  async: false\n});","map":{"version":3,"names":["module","export","MinMaxHeap","MaxHeap","link","v","MinHeap","__reifyWaitForDeps__","constructor","comparator","options","_minHeap","set","arguments","remove","clear","setDefault","clone","_comparator","_heap","minElementId","__reify_async_result__","_reifyError","self","async"],"sources":["packages/binary-heap/min-max-heap.js"],"sourcesContent":["import { MaxHeap } from './max-heap.js';\nimport { MinHeap } from './min-heap.js';\n\n// This implementation of Min/Max-Heap is just a subclass of Max-Heap\n// with a Min-Heap as an encapsulated property.\n//\n// Most of the operations are just proxy methods to call the same method on both\n// heaps.\n//\n// This implementation takes 2*N memory but is fairly simple to write and\n// understand. And the constant factor of a simple Heap is usually smaller\n// compared to other two-way priority queues like Min/Max Heaps\n// (http://www.cs.otago.ac.nz/staffpriv/mike/Papers/MinMaxHeaps/MinMaxHeaps.pdf)\n// and Interval Heaps\n// (http://www.cise.ufl.edu/~sahni/dsaac/enrich/c13/double.htm)\nexport class MinMaxHeap extends MaxHeap {\n  constructor(comparator, options) {\n    super(comparator, options);\n    this._minHeap = new MinHeap(comparator, options);\n  }\n\n  set(...args) {\n    super.set(...args);\n    this._minHeap.set(...args);\n  }\n\n  remove(...args) {\n    super.remove(...args);\n    this._minHeap.remove(...args);\n  }\n\n  clear(...args) {\n    super.clear(...args);\n    this._minHeap.clear(...args);\n  }\n\n  setDefault(...args) {\n    super.setDefault(...args);\n    return this._minHeap.setDefault(...args);\n  }\n\n  clone() {\n    const clone = new MinMaxHeap(this._comparator, this._heap);\n    return clone;\n  }\n\n  minElementId() {\n    return this._minHeap.minElementId();\n  }\n\n};\n"],"mappings":";;;IAAAA,MAAM,CAACC,MAAM,CAAC;MAACC,UAAU,EAACA,CAAA,KAAIA;IAAU,CAAC,CAAC;IAAC,IAAIC,OAAO;IAACH,MAAM,CAACI,IAAI,CAAC,eAAe,EAAC;MAACD,OAAOA,CAACE,CAAC,EAAC;QAACF,OAAO,GAACE,CAAC;MAAA;IAAC,CAAC,EAAC,CAAC,CAAC;IAAC,IAAIC,OAAO;IAACN,MAAM,CAACI,IAAI,CAAC,eAAe,EAAC;MAACE,OAAOA,CAACD,CAAC,EAAC;QAACC,OAAO,GAACD,CAAC;MAAA;IAAC,CAAC,EAAC,CAAC,CAAC;IAAC,IAAIE,oBAAoB,CAAC,CAAC,EAAE,CAAC,MAAMA,oBAAoB,CAAC,CAAC,EAAE,CAAC;IAetO,MAAML,UAAU,SAASC,OAAO,CAAC;MACtCK,WAAWA,CAACC,UAAU,EAAEC,OAAO,EAAE;QAC/B,KAAK,CAACD,UAAU,EAAEC,OAAO,CAAC;QAC1B,IAAI,CAACC,QAAQ,GAAG,IAAIL,OAAO,CAACG,UAAU,EAAEC,OAAO,CAAC;MAClD;MAEAE,GAAGA,CAAA,EAAU;QACX,KAAK,CAACA,GAAG,CAAC,GAAAC,SAAO,CAAC;QAClB,IAAI,CAACF,QAAQ,CAACC,GAAG,CAAC,GAAAC,SAAO,CAAC;MAC5B;MAEAC,MAAMA,CAAA,EAAU;QACd,KAAK,CAACA,MAAM,CAAC,GAAAD,SAAO,CAAC;QACrB,IAAI,CAACF,QAAQ,CAACG,MAAM,CAAC,GAAAD,SAAO,CAAC;MAC/B;MAEAE,KAAKA,CAAA,EAAU;QACb,KAAK,CAACA,KAAK,CAAC,GAAAF,SAAO,CAAC;QACpB,IAAI,CAACF,QAAQ,CAACI,KAAK,CAAC,GAAAF,SAAO,CAAC;MAC9B;MAEAG,UAAUA,CAAA,EAAU;QAClB,KAAK,CAACA,UAAU,CAAC,GAAAH,SAAO,CAAC;QACzB,OAAO,IAAI,CAACF,QAAQ,CAACK,UAAU,CAAC,GAAAH,SAAO,CAAC;MAC1C;MAEAI,KAAKA,CAAA,EAAG;QACN,MAAMA,KAAK,GAAG,IAAIf,UAAU,CAAC,IAAI,CAACgB,WAAW,EAAE,IAAI,CAACC,KAAK,CAAC;QAC1D,OAAOF,KAAK;MACd;MAEAG,YAAYA,CAAA,EAAG;QACb,OAAO,IAAI,CAACT,QAAQ,CAACS,YAAY,CAAC,CAAC;MACrC;IAEF;IAAC;IAACC,sBAAA;EAAA,SAAAC,WAAA;IAAA,OAAAD,sBAAA,CAAAC,WAAA;EAAA;EAAAD,sBAAA;AAAA;EAAAE,IAAA;EAAAC,KAAA;AAAA","ignoreList":[]},"sourceType":"module","externalDependencies":{},"hash":"9342392c601f2c496f1440536e650a82df3044c3"}
