{"metadata":{},"options":{"assumptions":{},"compact":false,"sourceMaps":true,"ast":true,"babelrc":false,"configFile":false,"parserOpts":{"sourceType":"module","sourceFileName":"/Users/matteodemicheli/Sites/meteor-boilerplate/packages/socket-stream-client/urls.js","plugins":["*","flow","jsx","asyncGenerators","bigInt","classPrivateMethods","classPrivateProperties","classProperties","doExpressions","dynamicImport","exportDefaultFrom","exportExtensions","exportNamespaceFrom","functionBind","functionSent","importMeta","nullishCoalescingOperator","numericSeparator","objectRestSpread","optionalCatchBinding","optionalChaining",["pipelineOperator",{"proposal":"minimal"}],"throwExpressions","topLevelAwait","classProperties","classPrivateProperties","jsx","nullishCoalescingOperator","nullishCoalescingOperator","optionalChaining","optionalChaining","optionalCatchBinding","optionalCatchBinding","classProperties","classPrivateProperties","classPrivateMethods","classProperties","classPrivateProperties","asyncGenerators","asyncGenerators","objectRestSpread","objectRestSpread","logicalAssignment"],"allowImportExportEverywhere":true,"allowReturnOutsideFunction":true,"allowUndeclaredExports":true,"strictMode":false},"caller":{"name":"meteor","arch":"web.browser"},"sourceFileName":"packages/socket-stream-client/urls.js","filename":"/Users/matteodemicheli/Sites/meteor-boilerplate/packages/socket-stream-client/urls.js","targets":{},"cloneInputAst":true,"browserslistConfigFile":false,"passPerPreset":false,"envName":"development","cwd":"/Users/matteodemicheli/Sites/meteor-boilerplate","root":"/Users/matteodemicheli/Sites/meteor-boilerplate","rootMode":"root","plugins":[{"key":"base$0","visitor":{"_exploded":true,"_verified":true},"options":{},"externalDependencies":[]},{"key":"base$0$0","visitor":{"Program":{"enter":[null],"exit":[null]},"_exploded":true,"_verified":true},"options":{"avoidModernSyntax":false,"enforceStrictMode":false,"dynamicImport":true,"generateLetDeclarations":true},"externalDependencies":[]},{"key":"transform-runtime","visitor":{"MemberExpression":{"enter":[null]},"ObjectPattern":{"enter":[null]},"BinaryExpression":{"enter":[null]},"Identifier":{"enter":[null]},"JSXIdentifier":{"enter":[null]},"_exploded":true,"_verified":true},"options":{"version":"7.17.2","helpers":true,"useESModules":false,"corejs":false},"externalDependencies":[]},{"key":"proposal-class-properties","visitor":{"ExportDefaultDeclaration":{"enter":[null]},"_exploded":true,"_verified":true,"ClassExpression":{"enter":[null]},"ClassDeclaration":{"enter":[null]}},"options":{"loose":true},"externalDependencies":[]},{"key":"transform-react-jsx","visitor":{"JSXNamespacedName":{"enter":[null]},"JSXSpreadChild":{"enter":[null]},"Program":{"enter":[null]},"JSXFragment":{"exit":[null]},"JSXElement":{"exit":[null]},"JSXAttribute":{"enter":[null]},"_exploded":true,"_verified":true},"options":{"pragma":"React.createElement","pragmaFrag":"React.Fragment","runtime":"classic","throwIfNamespace":true,"useBuiltIns":false},"externalDependencies":[]},{"key":"transform-react-display-name","visitor":{"ExportDefaultDeclaration":{"enter":[null]},"CallExpression":{"enter":[null]},"_exploded":true,"_verified":true},"options":{},"externalDependencies":[]},{"key":"transform-react-pure-annotations","visitor":{"CallExpression":{"enter":[null]},"_exploded":true,"_verified":true},"options":{},"externalDependencies":[]},{"key":"syntax-nullish-coalescing-operator","visitor":{"_exploded":true,"_verified":true},"options":{},"externalDependencies":[]},{"key":"proposal-nullish-coalescing-operator","visitor":{"LogicalExpression":{"enter":[null]},"_exploded":true,"_verified":true},"options":{},"externalDependencies":[]},{"key":"syntax-optional-chaining","visitor":{"_exploded":true,"_verified":true},"options":{},"externalDependencies":[]},{"key":"proposal-optional-chaining","visitor":{"OptionalCallExpression":{"enter":[null]},"OptionalMemberExpression":{"enter":[null]},"_exploded":true,"_verified":true},"options":{},"externalDependencies":[]},{"key":"syntax-optional-catch-binding","visitor":{"_exploded":true,"_verified":true},"options":{},"externalDependencies":[]},{"key":"proposal-optional-catch-binding","visitor":{"CatchClause":{"enter":[null]},"_exploded":true,"_verified":true},"options":{},"externalDependencies":[]},{"key":"syntax-class-properties","visitor":{"_exploded":true,"_verified":true},"options":{},"externalDependencies":[]},{"key":"proposal-class-properties","visitor":{"ExportDefaultDeclaration":{"enter":[null]},"_exploded":true,"_verified":true,"ClassExpression":{"enter":[null]},"ClassDeclaration":{"enter":[null]}},"options":{},"externalDependencies":[]},{"key":"syntax-async-generators","visitor":{"_exploded":true,"_verified":true},"options":{},"externalDependencies":[]},{"key":"proposal-async-generator-functions","visitor":{"Program":{"enter":[null]},"_exploded":true,"_verified":true},"options":{},"externalDependencies":[]},{"key":"syntax-object-rest-spread","visitor":{"_exploded":true,"_verified":true},"options":{},"externalDependencies":[]},{"key":"proposal-object-rest-spread","visitor":{"VariableDeclarator":{"enter":[null]},"ExportNamedDeclaration":{"enter":[null]},"CatchClause":{"enter":[null]},"AssignmentExpression":{"enter":[null]},"ArrayPattern":{"enter":[null]},"ObjectExpression":{"enter":[null]},"FunctionDeclaration":{"enter":[null]},"FunctionExpression":{"enter":[null]},"ObjectMethod":{"enter":[null]},"ArrowFunctionExpression":{"enter":[null]},"ClassMethod":{"enter":[null]},"ClassPrivateMethod":{"enter":[null]},"ForInStatement":{"enter":[null]},"ForOfStatement":{"enter":[null]},"_exploded":true,"_verified":true},"options":{},"externalDependencies":[]},{"key":"proposal-logical-assignment-operators","visitor":{"AssignmentExpression":{"enter":[null]},"_exploded":true,"_verified":true},"options":{},"externalDependencies":[]},{"key":"transform-literals","visitor":{"NumericLiteral":{"enter":[null]},"StringLiteral":{"enter":[null]},"_exploded":true,"_verified":true},"options":{},"externalDependencies":[]},{"key":"transform-template-literals","visitor":{"TaggedTemplateExpression":{"enter":[null]},"TemplateLiteral":{"enter":[null]},"_exploded":true,"_verified":true},"options":{},"externalDependencies":[]},{"key":"transform-parameters","visitor":{"_exploded":true,"_verified":true,"FunctionDeclaration":{"enter":[null]},"FunctionExpression":{"enter":[null]},"ObjectMethod":{"enter":[null]},"ArrowFunctionExpression":{"enter":[null]},"ClassMethod":{"enter":[null]},"ClassPrivateMethod":{"enter":[null]}},"options":{},"externalDependencies":[]},{"key":"transform-exponentiation-operator","visitor":{"AssignmentExpression":{"enter":[null]},"BinaryExpression":{"enter":[null]},"_exploded":true,"_verified":true},"options":{},"externalDependencies":[]}],"presets":[],"generatorOpts":{"filename":"/Users/matteodemicheli/Sites/meteor-boilerplate/packages/socket-stream-client/urls.js","comments":true,"compact":false,"sourceMaps":true,"sourceFileName":"packages/socket-stream-client/urls.js"}},"code":"module.export({\n  toSockjsUrl: () => toSockjsUrl,\n  toWebsocketUrl: () => toWebsocketUrl\n});\nlet Meteor;\nmodule.link(\"meteor/meteor\", {\n  Meteor(v) {\n    Meteor = v;\n  }\n}, 0);\n// @param url {String} URL to Meteor app, eg:\n//   \"/\" or \"madewith.meteor.com\" or \"https://foo.meteor.com\"\n//   or \"ddp+sockjs://ddp--****-foo.meteor.com/sockjs\"\n// @returns {String} URL to the endpoint with the specific scheme and subPath, e.g.\n// for scheme \"http\" and subPath \"sockjs\"\n//   \"http://subdomain.meteor.com/sockjs\" or \"/sockjs\"\n//   or \"https://ddp--1234-foo.meteor.com/sockjs\"\nfunction translateUrl(url, newSchemeBase, subPath) {\n  if (!newSchemeBase) {\n    newSchemeBase = 'http';\n  }\n  if (subPath !== \"sockjs\" && url.startsWith(\"/\")) {\n    url = Meteor.absoluteUrl(url.substr(1));\n  }\n  var ddpUrlMatch = url.match(/^ddp(i?)\\+sockjs:\\/\\//);\n  var httpUrlMatch = url.match(/^http(s?):\\/\\//);\n  var newScheme;\n  if (ddpUrlMatch) {\n    // Remove scheme and split off the host.\n    var urlAfterDDP = url.substr(ddpUrlMatch[0].length);\n    newScheme = ddpUrlMatch[1] === 'i' ? newSchemeBase : newSchemeBase + 's';\n    var slashPos = urlAfterDDP.indexOf('/');\n    var host = slashPos === -1 ? urlAfterDDP : urlAfterDDP.substr(0, slashPos);\n    var rest = slashPos === -1 ? '' : urlAfterDDP.substr(slashPos);\n\n    // In the host (ONLY!), change '*' characters into random digits. This\n    // allows different stream connections to connect to different hostnames\n    // and avoid browser per-hostname connection limits.\n    host = host.replace(/\\*/g, () => Math.floor(Math.random() * 10));\n    return newScheme + '://' + host + rest;\n  } else if (httpUrlMatch) {\n    newScheme = !httpUrlMatch[1] ? newSchemeBase : newSchemeBase + 's';\n    var urlAfterHttp = url.substr(httpUrlMatch[0].length);\n    url = newScheme + '://' + urlAfterHttp;\n  }\n\n  // Prefix FQDNs but not relative URLs\n  if (url.indexOf('://') === -1 && !url.startsWith('/')) {\n    url = newSchemeBase + '://' + url;\n  }\n\n  // XXX This is not what we should be doing: if I have a site\n  // deployed at \"/foo\", then DDP.connect(\"/\") should actually connect\n  // to \"/\", not to \"/foo\". \"/\" is an absolute path. (Contrast: if\n  // deployed at \"/foo\", it would be reasonable for DDP.connect(\"bar\")\n  // to connect to \"/foo/bar\").\n  //\n  // We should make this properly honor absolute paths rather than\n  // forcing the path to be relative to the site root. Simultaneously,\n  // we should set DDP_DEFAULT_CONNECTION_URL to include the site\n  // root. See also client_convenience.js #RationalizingRelativeDDPURLs\n  url = Meteor._relativeToSiteRootUrl(url);\n  if (url.endsWith('/')) return url + subPath;else return url + '/' + subPath;\n}\nfunction toSockjsUrl(url) {\n  return translateUrl(url, 'http', 'sockjs');\n}\nfunction toWebsocketUrl(url) {\n  return translateUrl(url, 'ws', 'websocket');\n}","map":{"version":3,"names":["module","export","toSockjsUrl","toWebsocketUrl","Meteor","link","v","translateUrl","url","newSchemeBase","subPath","startsWith","absoluteUrl","substr","ddpUrlMatch","match","httpUrlMatch","newScheme","urlAfterDDP","length","slashPos","indexOf","host","rest","replace","Math","floor","random","urlAfterHttp","_relativeToSiteRootUrl","endsWith"],"sources":["packages/socket-stream-client/urls.js"],"sourcesContent":["import { Meteor } from \"meteor/meteor\";\n\n// @param url {String} URL to Meteor app, eg:\n//   \"/\" or \"madewith.meteor.com\" or \"https://foo.meteor.com\"\n//   or \"ddp+sockjs://ddp--****-foo.meteor.com/sockjs\"\n// @returns {String} URL to the endpoint with the specific scheme and subPath, e.g.\n// for scheme \"http\" and subPath \"sockjs\"\n//   \"http://subdomain.meteor.com/sockjs\" or \"/sockjs\"\n//   or \"https://ddp--1234-foo.meteor.com/sockjs\"\nfunction translateUrl(url, newSchemeBase, subPath) {\n  if (!newSchemeBase) {\n    newSchemeBase = 'http';\n  }\n\n  if (subPath !== \"sockjs\" && url.startsWith(\"/\")) {\n    url = Meteor.absoluteUrl(url.substr(1));\n  }\n\n  var ddpUrlMatch = url.match(/^ddp(i?)\\+sockjs:\\/\\//);\n  var httpUrlMatch = url.match(/^http(s?):\\/\\//);\n  var newScheme;\n  if (ddpUrlMatch) {\n    // Remove scheme and split off the host.\n    var urlAfterDDP = url.substr(ddpUrlMatch[0].length);\n    newScheme = ddpUrlMatch[1] === 'i' ? newSchemeBase : newSchemeBase + 's';\n    var slashPos = urlAfterDDP.indexOf('/');\n    var host = slashPos === -1 ? urlAfterDDP : urlAfterDDP.substr(0, slashPos);\n    var rest = slashPos === -1 ? '' : urlAfterDDP.substr(slashPos);\n\n    // In the host (ONLY!), change '*' characters into random digits. This\n    // allows different stream connections to connect to different hostnames\n    // and avoid browser per-hostname connection limits.\n    host = host.replace(/\\*/g, () => Math.floor(Math.random() * 10));\n\n    return newScheme + '://' + host + rest;\n  } else if (httpUrlMatch) {\n    newScheme = !httpUrlMatch[1] ? newSchemeBase : newSchemeBase + 's';\n    var urlAfterHttp = url.substr(httpUrlMatch[0].length);\n    url = newScheme + '://' + urlAfterHttp;\n  }\n\n  // Prefix FQDNs but not relative URLs\n  if (url.indexOf('://') === -1 && !url.startsWith('/')) {\n    url = newSchemeBase + '://' + url;\n  }\n\n  // XXX This is not what we should be doing: if I have a site\n  // deployed at \"/foo\", then DDP.connect(\"/\") should actually connect\n  // to \"/\", not to \"/foo\". \"/\" is an absolute path. (Contrast: if\n  // deployed at \"/foo\", it would be reasonable for DDP.connect(\"bar\")\n  // to connect to \"/foo/bar\").\n  //\n  // We should make this properly honor absolute paths rather than\n  // forcing the path to be relative to the site root. Simultaneously,\n  // we should set DDP_DEFAULT_CONNECTION_URL to include the site\n  // root. See also client_convenience.js #RationalizingRelativeDDPURLs\n  url = Meteor._relativeToSiteRootUrl(url);\n\n  if (url.endsWith('/')) return url + subPath;\n  else return url + '/' + subPath;\n}\n\nexport function toSockjsUrl(url) {\n  return translateUrl(url, 'http', 'sockjs');\n}\n\nexport function toWebsocketUrl(url) {\n  return translateUrl(url, 'ws', 'websocket');\n}\n"],"mappings":"AAAAA,MAAM,CAACC,MAAM,CAAC;EAACC,WAAW,EAACA,CAAA,KAAIA,WAAW;EAACC,cAAc,EAACA,CAAA,KAAIA;AAAc,CAAC,CAAC;AAAC,IAAIC,MAAM;AAACJ,MAAM,CAACK,IAAI,CAAC,eAAe,EAAC;EAACD,MAAMA,CAACE,CAAC,EAAC;IAACF,MAAM,GAACE,CAAC;EAAA;AAAC,CAAC,EAAC,CAAC,CAAC;AAE9I;AACA;AACA;AACA;AACA;AACA;AACA;AACA,SAASC,YAAYA,CAACC,GAAG,EAAEC,aAAa,EAAEC,OAAO,EAAE;EACjD,IAAI,CAACD,aAAa,EAAE;IAClBA,aAAa,GAAG,MAAM;EACxB;EAEA,IAAIC,OAAO,KAAK,QAAQ,IAAIF,GAAG,CAACG,UAAU,CAAC,GAAG,CAAC,EAAE;IAC/CH,GAAG,GAAGJ,MAAM,CAACQ,WAAW,CAACJ,GAAG,CAACK,MAAM,CAAC,CAAC,CAAC,CAAC;EACzC;EAEA,IAAIC,WAAW,GAAGN,GAAG,CAACO,KAAK,CAAC,uBAAuB,CAAC;EACpD,IAAIC,YAAY,GAAGR,GAAG,CAACO,KAAK,CAAC,gBAAgB,CAAC;EAC9C,IAAIE,SAAS;EACb,IAAIH,WAAW,EAAE;IACf;IACA,IAAII,WAAW,GAAGV,GAAG,CAACK,MAAM,CAACC,WAAW,CAAC,CAAC,CAAC,CAACK,MAAM,CAAC;IACnDF,SAAS,GAAGH,WAAW,CAAC,CAAC,CAAC,KAAK,GAAG,GAAGL,aAAa,GAAGA,aAAa,GAAG,GAAG;IACxE,IAAIW,QAAQ,GAAGF,WAAW,CAACG,OAAO,CAAC,GAAG,CAAC;IACvC,IAAIC,IAAI,GAAGF,QAAQ,KAAK,CAAC,CAAC,GAAGF,WAAW,GAAGA,WAAW,CAACL,MAAM,CAAC,CAAC,EAAEO,QAAQ,CAAC;IAC1E,IAAIG,IAAI,GAAGH,QAAQ,KAAK,CAAC,CAAC,GAAG,EAAE,GAAGF,WAAW,CAACL,MAAM,CAACO,QAAQ,CAAC;;IAE9D;IACA;IACA;IACAE,IAAI,GAAGA,IAAI,CAACE,OAAO,CAAC,KAAK,EAAE,MAAMC,IAAI,CAACC,KAAK,CAACD,IAAI,CAACE,MAAM,CAAC,CAAC,GAAG,EAAE,CAAC,CAAC;IAEhE,OAAOV,SAAS,GAAG,KAAK,GAAGK,IAAI,GAAGC,IAAI;EACxC,CAAC,MAAM,IAAIP,YAAY,EAAE;IACvBC,SAAS,GAAG,CAACD,YAAY,CAAC,CAAC,CAAC,GAAGP,aAAa,GAAGA,aAAa,GAAG,GAAG;IAClE,IAAImB,YAAY,GAAGpB,GAAG,CAACK,MAAM,CAACG,YAAY,CAAC,CAAC,CAAC,CAACG,MAAM,CAAC;IACrDX,GAAG,GAAGS,SAAS,GAAG,KAAK,GAAGW,YAAY;EACxC;;EAEA;EACA,IAAIpB,GAAG,CAACa,OAAO,CAAC,KAAK,CAAC,KAAK,CAAC,CAAC,IAAI,CAACb,GAAG,CAACG,UAAU,CAAC,GAAG,CAAC,EAAE;IACrDH,GAAG,GAAGC,aAAa,GAAG,KAAK,GAAGD,GAAG;EACnC;;EAEA;EACA;EACA;EACA;EACA;EACA;EACA;EACA;EACA;EACA;EACAA,GAAG,GAAGJ,MAAM,CAACyB,sBAAsB,CAACrB,GAAG,CAAC;EAExC,IAAIA,GAAG,CAACsB,QAAQ,CAAC,GAAG,CAAC,EAAE,OAAOtB,GAAG,GAAGE,OAAO,CAAC,KACvC,OAAOF,GAAG,GAAG,GAAG,GAAGE,OAAO;AACjC;AAEO,SAASR,WAAWA,CAACM,GAAG,EAAE;EAC/B,OAAOD,YAAY,CAACC,GAAG,EAAE,MAAM,EAAE,QAAQ,CAAC;AAC5C;AAEO,SAASL,cAAcA,CAACK,GAAG,EAAE;EAClC,OAAOD,YAAY,CAACC,GAAG,EAAE,IAAI,EAAE,WAAW,CAAC;AAC7C","ignoreList":[]},"sourceType":"module","externalDependencies":{},"hash":"943b0fdc6e0bd0dca8c0275ec62f75aff10ef6a3"}
