{"metadata":{},"options":{"assumptions":{},"compact":false,"sourceMaps":true,"ast":true,"babelrc":false,"configFile":false,"parserOpts":{"sourceType":"module","sourceFileName":"/Users/matteodemicheli/Sites/meteor-boilerplate/packages/minimongo/sorter.js","plugins":["*","flow","jsx","asyncGenerators","bigInt","classPrivateMethods","classPrivateProperties","classProperties","doExpressions","dynamicImport","exportDefaultFrom","exportExtensions","exportNamespaceFrom","functionBind","functionSent","importMeta","nullishCoalescingOperator","numericSeparator","objectRestSpread","optionalCatchBinding","optionalChaining",["pipelineOperator",{"proposal":"minimal"}],"throwExpressions","topLevelAwait","classProperties","classPrivateProperties","jsx","nullishCoalescingOperator","nullishCoalescingOperator","optionalChaining","optionalChaining","optionalCatchBinding","optionalCatchBinding","classProperties","classPrivateProperties","classPrivateMethods","classProperties","classPrivateProperties","asyncGenerators","asyncGenerators","objectRestSpread","objectRestSpread","logicalAssignment"],"allowImportExportEverywhere":true,"allowReturnOutsideFunction":true,"allowUndeclaredExports":true,"strictMode":false},"caller":{"name":"meteor","arch":"web.browser"},"sourceFileName":"packages/minimongo/sorter.js","filename":"/Users/matteodemicheli/Sites/meteor-boilerplate/packages/minimongo/sorter.js","targets":{},"cloneInputAst":true,"browserslistConfigFile":false,"passPerPreset":false,"envName":"development","cwd":"/Users/matteodemicheli/Sites/meteor-boilerplate","root":"/Users/matteodemicheli/Sites/meteor-boilerplate","rootMode":"root","plugins":[{"key":"base$0","visitor":{"_exploded":true,"_verified":true},"options":{},"externalDependencies":[]},{"key":"base$0$0","visitor":{"Program":{"enter":[null],"exit":[null]},"_exploded":true,"_verified":true},"options":{"avoidModernSyntax":false,"enforceStrictMode":false,"dynamicImport":true,"generateLetDeclarations":true},"externalDependencies":[]},{"key":"transform-runtime","visitor":{"MemberExpression":{"enter":[null]},"ObjectPattern":{"enter":[null]},"BinaryExpression":{"enter":[null]},"Identifier":{"enter":[null]},"JSXIdentifier":{"enter":[null]},"_exploded":true,"_verified":true},"options":{"version":"7.17.2","helpers":true,"useESModules":false,"corejs":false},"externalDependencies":[]},{"key":"proposal-class-properties","visitor":{"ExportDefaultDeclaration":{"enter":[null]},"_exploded":true,"_verified":true,"ClassExpression":{"enter":[null]},"ClassDeclaration":{"enter":[null]}},"options":{"loose":true},"externalDependencies":[]},{"key":"transform-react-jsx","visitor":{"JSXNamespacedName":{"enter":[null]},"JSXSpreadChild":{"enter":[null]},"Program":{"enter":[null]},"JSXFragment":{"exit":[null]},"JSXElement":{"exit":[null]},"JSXAttribute":{"enter":[null]},"_exploded":true,"_verified":true},"options":{"pragma":"React.createElement","pragmaFrag":"React.Fragment","runtime":"classic","throwIfNamespace":true,"useBuiltIns":false},"externalDependencies":[]},{"key":"transform-react-display-name","visitor":{"ExportDefaultDeclaration":{"enter":[null]},"CallExpression":{"enter":[null]},"_exploded":true,"_verified":true},"options":{},"externalDependencies":[]},{"key":"transform-react-pure-annotations","visitor":{"CallExpression":{"enter":[null]},"_exploded":true,"_verified":true},"options":{},"externalDependencies":[]},{"key":"syntax-nullish-coalescing-operator","visitor":{"_exploded":true,"_verified":true},"options":{},"externalDependencies":[]},{"key":"proposal-nullish-coalescing-operator","visitor":{"LogicalExpression":{"enter":[null]},"_exploded":true,"_verified":true},"options":{},"externalDependencies":[]},{"key":"syntax-optional-chaining","visitor":{"_exploded":true,"_verified":true},"options":{},"externalDependencies":[]},{"key":"proposal-optional-chaining","visitor":{"OptionalCallExpression":{"enter":[null]},"OptionalMemberExpression":{"enter":[null]},"_exploded":true,"_verified":true},"options":{},"externalDependencies":[]},{"key":"syntax-optional-catch-binding","visitor":{"_exploded":true,"_verified":true},"options":{},"externalDependencies":[]},{"key":"proposal-optional-catch-binding","visitor":{"CatchClause":{"enter":[null]},"_exploded":true,"_verified":true},"options":{},"externalDependencies":[]},{"key":"syntax-class-properties","visitor":{"_exploded":true,"_verified":true},"options":{},"externalDependencies":[]},{"key":"proposal-class-properties","visitor":{"ExportDefaultDeclaration":{"enter":[null]},"_exploded":true,"_verified":true,"ClassExpression":{"enter":[null]},"ClassDeclaration":{"enter":[null]}},"options":{},"externalDependencies":[]},{"key":"syntax-async-generators","visitor":{"_exploded":true,"_verified":true},"options":{},"externalDependencies":[]},{"key":"proposal-async-generator-functions","visitor":{"Program":{"enter":[null]},"_exploded":true,"_verified":true},"options":{},"externalDependencies":[]},{"key":"syntax-object-rest-spread","visitor":{"_exploded":true,"_verified":true},"options":{},"externalDependencies":[]},{"key":"proposal-object-rest-spread","visitor":{"VariableDeclarator":{"enter":[null]},"ExportNamedDeclaration":{"enter":[null]},"CatchClause":{"enter":[null]},"AssignmentExpression":{"enter":[null]},"ArrayPattern":{"enter":[null]},"ObjectExpression":{"enter":[null]},"FunctionDeclaration":{"enter":[null]},"FunctionExpression":{"enter":[null]},"ObjectMethod":{"enter":[null]},"ArrowFunctionExpression":{"enter":[null]},"ClassMethod":{"enter":[null]},"ClassPrivateMethod":{"enter":[null]},"ForInStatement":{"enter":[null]},"ForOfStatement":{"enter":[null]},"_exploded":true,"_verified":true},"options":{},"externalDependencies":[]},{"key":"proposal-logical-assignment-operators","visitor":{"AssignmentExpression":{"enter":[null]},"_exploded":true,"_verified":true},"options":{},"externalDependencies":[]},{"key":"transform-literals","visitor":{"NumericLiteral":{"enter":[null]},"StringLiteral":{"enter":[null]},"_exploded":true,"_verified":true},"options":{},"externalDependencies":[]},{"key":"transform-template-literals","visitor":{"TaggedTemplateExpression":{"enter":[null]},"TemplateLiteral":{"enter":[null]},"_exploded":true,"_verified":true},"options":{},"externalDependencies":[]},{"key":"transform-parameters","visitor":{"_exploded":true,"_verified":true,"FunctionDeclaration":{"enter":[null]},"FunctionExpression":{"enter":[null]},"ObjectMethod":{"enter":[null]},"ArrowFunctionExpression":{"enter":[null]},"ClassMethod":{"enter":[null]},"ClassPrivateMethod":{"enter":[null]}},"options":{},"externalDependencies":[]},{"key":"transform-exponentiation-operator","visitor":{"AssignmentExpression":{"enter":[null]},"BinaryExpression":{"enter":[null]},"_exploded":true,"_verified":true},"options":{},"externalDependencies":[]}],"presets":[],"generatorOpts":{"filename":"/Users/matteodemicheli/Sites/meteor-boilerplate/packages/minimongo/sorter.js","comments":true,"compact":false,"sourceMaps":true,"sourceFileName":"packages/minimongo/sorter.js"}},"code":"module.export({\n  default: () => Sorter\n});\nlet ELEMENT_OPERATORS, equalityElementMatcher, expandArraysInBranches, hasOwn, isOperatorObject, makeLookupFunction, regexpElementMatcher;\nmodule.link(\"./common.js\", {\n  ELEMENT_OPERATORS(v) {\n    ELEMENT_OPERATORS = v;\n  },\n  equalityElementMatcher(v) {\n    equalityElementMatcher = v;\n  },\n  expandArraysInBranches(v) {\n    expandArraysInBranches = v;\n  },\n  hasOwn(v) {\n    hasOwn = v;\n  },\n  isOperatorObject(v) {\n    isOperatorObject = v;\n  },\n  makeLookupFunction(v) {\n    makeLookupFunction = v;\n  },\n  regexpElementMatcher(v) {\n    regexpElementMatcher = v;\n  }\n}, 0);\nclass Sorter {\n  constructor(spec) {\n    this._sortSpecParts = [];\n    this._sortFunction = null;\n    const addSpecPart = (path, ascending) => {\n      if (!path) {\n        throw Error('sort keys must be non-empty');\n      }\n      if (path.charAt(0) === '$') {\n        throw Error(\"unsupported sort key: \".concat(path));\n      }\n      this._sortSpecParts.push({\n        ascending,\n        lookup: makeLookupFunction(path, {\n          forSort: true\n        }),\n        path\n      });\n    };\n    if (spec instanceof Array) {\n      spec.forEach(element => {\n        if (typeof element === 'string') {\n          addSpecPart(element, true);\n        } else {\n          addSpecPart(element[0], element[1] !== 'desc');\n        }\n      });\n    } else if (typeof spec === 'object') {\n      Object.keys(spec).forEach(key => {\n        addSpecPart(key, spec[key] >= 0);\n      });\n    } else if (typeof spec === 'function') {\n      this._sortFunction = spec;\n    } else {\n      throw Error(\"Bad sort specification: \".concat(JSON.stringify(spec)));\n    }\n\n    // If a function is specified for sorting, we skip the rest.\n    if (this._sortFunction) {\n      return;\n    }\n\n    // To implement affectedByModifier, we piggy-back on top of Matcher's\n    // affectedByModifier code; we create a selector that is affected by the\n    // same modifiers as this sort order. This is only implemented on the\n    // server.\n    if (this.affectedByModifier) {\n      const selector = {};\n      this._sortSpecParts.forEach(spec => {\n        selector[spec.path] = 1;\n      });\n      this._selectorForAffectedByModifier = new Minimongo.Matcher(selector);\n    }\n    this._keyComparator = composeComparators(this._sortSpecParts.map((spec, i) => this._keyFieldComparator(i)));\n  }\n  getComparator(options) {\n    // If sort is specified or have no distances, just use the comparator from\n    // the source specification (which defaults to \"everything is equal\".\n    // issue #3599\n    // https://docs.mongodb.com/manual/reference/operator/query/near/#sort-operation\n    // sort effectively overrides $near\n    if (this._sortSpecParts.length || !options || !options.distances) {\n      return this._getBaseComparator();\n    }\n    const distances = options.distances;\n\n    // Return a comparator which compares using $near distances.\n    return (a, b) => {\n      if (!distances.has(a._id)) {\n        throw Error(\"Missing distance for \".concat(a._id));\n      }\n      if (!distances.has(b._id)) {\n        throw Error(\"Missing distance for \".concat(b._id));\n      }\n      return distances.get(a._id) - distances.get(b._id);\n    };\n  }\n\n  // Takes in two keys: arrays whose lengths match the number of spec\n  // parts. Returns negative, 0, or positive based on using the sort spec to\n  // compare fields.\n  _compareKeys(key1, key2) {\n    if (key1.length !== this._sortSpecParts.length || key2.length !== this._sortSpecParts.length) {\n      throw Error('Key has wrong length');\n    }\n    return this._keyComparator(key1, key2);\n  }\n\n  // Iterates over each possible \"key\" from doc (ie, over each branch), calling\n  // 'cb' with the key.\n  _generateKeysFromDoc(doc, cb) {\n    if (this._sortSpecParts.length === 0) {\n      throw new Error('can\\'t generate keys without a spec');\n    }\n    const pathFromIndices = indices => \"\".concat(indices.join(','), \",\");\n    let knownPaths = null;\n\n    // maps index -> ({'' -> value} or {path -> value})\n    const valuesByIndexAndPath = this._sortSpecParts.map(spec => {\n      // Expand any leaf arrays that we find, and ignore those arrays\n      // themselves.  (We never sort based on an array itself.)\n      let branches = expandArraysInBranches(spec.lookup(doc), true);\n\n      // If there are no values for a key (eg, key goes to an empty array),\n      // pretend we found one undefined value.\n      if (!branches.length) {\n        branches = [{\n          value: void 0\n        }];\n      }\n      const element = Object.create(null);\n      let usedPaths = false;\n      branches.forEach(branch => {\n        if (!branch.arrayIndices) {\n          // If there are no array indices for a branch, then it must be the\n          // only branch, because the only thing that produces multiple branches\n          // is the use of arrays.\n          if (branches.length > 1) {\n            throw Error('multiple branches but no array used?');\n          }\n          element[''] = branch.value;\n          return;\n        }\n        usedPaths = true;\n        const path = pathFromIndices(branch.arrayIndices);\n        if (hasOwn.call(element, path)) {\n          throw Error(\"duplicate path: \".concat(path));\n        }\n        element[path] = branch.value;\n\n        // If two sort fields both go into arrays, they have to go into the\n        // exact same arrays and we have to find the same paths.  This is\n        // roughly the same condition that makes MongoDB throw this strange\n        // error message.  eg, the main thing is that if sort spec is {a: 1,\n        // b:1} then a and b cannot both be arrays.\n        //\n        // (In MongoDB it seems to be OK to have {a: 1, 'a.x.y': 1} where 'a'\n        // and 'a.x.y' are both arrays, but we don't allow this for now.\n        // #NestedArraySort\n        // XXX achieve full compatibility here\n        if (knownPaths && !hasOwn.call(knownPaths, path)) {\n          throw Error('cannot index parallel arrays');\n        }\n      });\n      if (knownPaths) {\n        // Similarly to above, paths must match everywhere, unless this is a\n        // non-array field.\n        if (!hasOwn.call(element, '') && Object.keys(knownPaths).length !== Object.keys(element).length) {\n          throw Error('cannot index parallel arrays!');\n        }\n      } else if (usedPaths) {\n        knownPaths = {};\n        Object.keys(element).forEach(path => {\n          knownPaths[path] = true;\n        });\n      }\n      return element;\n    });\n    if (!knownPaths) {\n      // Easy case: no use of arrays.\n      const soleKey = valuesByIndexAndPath.map(values => {\n        if (!hasOwn.call(values, '')) {\n          throw Error('no value in sole key case?');\n        }\n        return values[''];\n      });\n      cb(soleKey);\n      return;\n    }\n    Object.keys(knownPaths).forEach(path => {\n      const key = valuesByIndexAndPath.map(values => {\n        if (hasOwn.call(values, '')) {\n          return values[''];\n        }\n        if (!hasOwn.call(values, path)) {\n          throw Error('missing path?');\n        }\n        return values[path];\n      });\n      cb(key);\n    });\n  }\n\n  // Returns a comparator that represents the sort specification (but not\n  // including a possible geoquery distance tie-breaker).\n  _getBaseComparator() {\n    if (this._sortFunction) {\n      return this._sortFunction;\n    }\n\n    // If we're only sorting on geoquery distance and no specs, just say\n    // everything is equal.\n    if (!this._sortSpecParts.length) {\n      return (doc1, doc2) => 0;\n    }\n    return (doc1, doc2) => {\n      const key1 = this._getMinKeyFromDoc(doc1);\n      const key2 = this._getMinKeyFromDoc(doc2);\n      return this._compareKeys(key1, key2);\n    };\n  }\n\n  // Finds the minimum key from the doc, according to the sort specs.  (We say\n  // \"minimum\" here but this is with respect to the sort spec, so \"descending\"\n  // sort fields mean we're finding the max for that field.)\n  //\n  // Note that this is NOT \"find the minimum value of the first field, the\n  // minimum value of the second field, etc\"... it's \"choose the\n  // lexicographically minimum value of the key vector, allowing only keys which\n  // you can find along the same paths\".  ie, for a doc {a: [{x: 0, y: 5}, {x:\n  // 1, y: 3}]} with sort spec {'a.x': 1, 'a.y': 1}, the only keys are [0,5] and\n  // [1,3], and the minimum key is [0,5]; notably, [0,3] is NOT a key.\n  _getMinKeyFromDoc(doc) {\n    let minKey = null;\n    this._generateKeysFromDoc(doc, key => {\n      if (minKey === null) {\n        minKey = key;\n        return;\n      }\n      if (this._compareKeys(key, minKey) < 0) {\n        minKey = key;\n      }\n    });\n    return minKey;\n  }\n  _getPaths() {\n    return this._sortSpecParts.map(part => part.path);\n  }\n\n  // Given an index 'i', returns a comparator that compares two key arrays based\n  // on field 'i'.\n  _keyFieldComparator(i) {\n    const invert = !this._sortSpecParts[i].ascending;\n    return (key1, key2) => {\n      const compare = LocalCollection._f._cmp(key1[i], key2[i]);\n      return invert ? -compare : compare;\n    };\n  }\n}\n// Given an array of comparators\n// (functions (a,b)->(negative or positive or zero)), returns a single\n// comparator which uses each comparator in order and returns the first\n// non-zero value.\nfunction composeComparators(comparatorArray) {\n  return (a, b) => {\n    for (let i = 0; i < comparatorArray.length; ++i) {\n      const compare = comparatorArray[i](a, b);\n      if (compare !== 0) {\n        return compare;\n      }\n    }\n    return 0;\n  };\n}","map":{"version":3,"names":["module","export","default","Sorter","ELEMENT_OPERATORS","equalityElementMatcher","expandArraysInBranches","hasOwn","isOperatorObject","makeLookupFunction","regexpElementMatcher","link","v","constructor","spec","_sortSpecParts","_sortFunction","addSpecPart","path","ascending","Error","charAt","concat","push","lookup","forSort","Array","forEach","element","Object","keys","key","JSON","stringify","affectedByModifier","selector","_selectorForAffectedByModifier","Minimongo","Matcher","_keyComparator","composeComparators","map","i","_keyFieldComparator","getComparator","options","length","distances","_getBaseComparator","a","b","has","_id","get","_compareKeys","key1","key2","_generateKeysFromDoc","doc","cb","pathFromIndices","indices","join","knownPaths","valuesByIndexAndPath","branches","value","create","usedPaths","branch","arrayIndices","call","soleKey","values","doc1","doc2","_getMinKeyFromDoc","minKey","_getPaths","part","invert","compare","LocalCollection","_f","_cmp","comparatorArray"],"sources":["packages/minimongo/sorter.js"],"sourcesContent":["import {\n  ELEMENT_OPERATORS,\n  equalityElementMatcher,\n  expandArraysInBranches,\n  hasOwn,\n  isOperatorObject,\n  makeLookupFunction,\n  regexpElementMatcher,\n} from './common.js';\n\n// Give a sort spec, which can be in any of these forms:\n//   {\"key1\": 1, \"key2\": -1}\n//   [[\"key1\", \"asc\"], [\"key2\", \"desc\"]]\n//   [\"key1\", [\"key2\", \"desc\"]]\n//\n// (.. with the first form being dependent on the key enumeration\n// behavior of your javascript VM, which usually does what you mean in\n// this case if the key names don't look like integers ..)\n//\n// return a function that takes two objects, and returns -1 if the\n// first object comes first in order, 1 if the second object comes\n// first, or 0 if neither object comes before the other.\n\nexport default class Sorter {\n  constructor(spec) {\n    this._sortSpecParts = [];\n    this._sortFunction = null;\n\n    const addSpecPart = (path, ascending) => {\n      if (!path) {\n        throw Error('sort keys must be non-empty');\n      }\n\n      if (path.charAt(0) === '$') {\n        throw Error(`unsupported sort key: ${path}`);\n      }\n\n      this._sortSpecParts.push({\n        ascending,\n        lookup: makeLookupFunction(path, {forSort: true}),\n        path\n      });\n    };\n\n    if (spec instanceof Array) {\n      spec.forEach(element => {\n        if (typeof element === 'string') {\n          addSpecPart(element, true);\n        } else {\n          addSpecPart(element[0], element[1] !== 'desc');\n        }\n      });\n    } else if (typeof spec === 'object') {\n      Object.keys(spec).forEach(key => {\n        addSpecPart(key, spec[key] >= 0);\n      });\n    } else if (typeof spec === 'function') {\n      this._sortFunction = spec;\n    } else {\n      throw Error(`Bad sort specification: ${JSON.stringify(spec)}`);\n    }\n\n    // If a function is specified for sorting, we skip the rest.\n    if (this._sortFunction) {\n      return;\n    }\n\n    // To implement affectedByModifier, we piggy-back on top of Matcher's\n    // affectedByModifier code; we create a selector that is affected by the\n    // same modifiers as this sort order. This is only implemented on the\n    // server.\n    if (this.affectedByModifier) {\n      const selector = {};\n\n      this._sortSpecParts.forEach(spec => {\n        selector[spec.path] = 1;\n      });\n\n      this._selectorForAffectedByModifier = new Minimongo.Matcher(selector);\n    }\n\n    this._keyComparator = composeComparators(\n      this._sortSpecParts.map((spec, i) => this._keyFieldComparator(i))\n    );\n  }\n\n  getComparator(options) {\n    // If sort is specified or have no distances, just use the comparator from\n    // the source specification (which defaults to \"everything is equal\".\n    // issue #3599\n    // https://docs.mongodb.com/manual/reference/operator/query/near/#sort-operation\n    // sort effectively overrides $near\n    if (this._sortSpecParts.length || !options || !options.distances) {\n      return this._getBaseComparator();\n    }\n\n    const distances = options.distances;\n\n    // Return a comparator which compares using $near distances.\n    return (a, b) => {\n      if (!distances.has(a._id)) {\n        throw Error(`Missing distance for ${a._id}`);\n      }\n\n      if (!distances.has(b._id)) {\n        throw Error(`Missing distance for ${b._id}`);\n      }\n\n      return distances.get(a._id) - distances.get(b._id);\n    };\n  }\n\n  // Takes in two keys: arrays whose lengths match the number of spec\n  // parts. Returns negative, 0, or positive based on using the sort spec to\n  // compare fields.\n  _compareKeys(key1, key2) {\n    if (key1.length !== this._sortSpecParts.length ||\n        key2.length !== this._sortSpecParts.length) {\n      throw Error('Key has wrong length');\n    }\n\n    return this._keyComparator(key1, key2);\n  }\n\n  // Iterates over each possible \"key\" from doc (ie, over each branch), calling\n  // 'cb' with the key.\n  _generateKeysFromDoc(doc, cb) {\n    if (this._sortSpecParts.length === 0) {\n      throw new Error('can\\'t generate keys without a spec');\n    }\n\n    const pathFromIndices = indices => `${indices.join(',')},`;\n\n    let knownPaths = null;\n\n    // maps index -> ({'' -> value} or {path -> value})\n    const valuesByIndexAndPath = this._sortSpecParts.map(spec => {\n      // Expand any leaf arrays that we find, and ignore those arrays\n      // themselves.  (We never sort based on an array itself.)\n      let branches = expandArraysInBranches(spec.lookup(doc), true);\n\n      // If there are no values for a key (eg, key goes to an empty array),\n      // pretend we found one undefined value.\n      if (!branches.length) {\n        branches = [{ value: void 0 }];\n      }\n\n      const element = Object.create(null);\n      let usedPaths = false;\n\n      branches.forEach(branch => {\n        if (!branch.arrayIndices) {\n          // If there are no array indices for a branch, then it must be the\n          // only branch, because the only thing that produces multiple branches\n          // is the use of arrays.\n          if (branches.length > 1) {\n            throw Error('multiple branches but no array used?');\n          }\n\n          element[''] = branch.value;\n          return;\n        }\n\n        usedPaths = true;\n\n        const path = pathFromIndices(branch.arrayIndices);\n\n        if (hasOwn.call(element, path)) {\n          throw Error(`duplicate path: ${path}`);\n        }\n\n        element[path] = branch.value;\n\n        // If two sort fields both go into arrays, they have to go into the\n        // exact same arrays and we have to find the same paths.  This is\n        // roughly the same condition that makes MongoDB throw this strange\n        // error message.  eg, the main thing is that if sort spec is {a: 1,\n        // b:1} then a and b cannot both be arrays.\n        //\n        // (In MongoDB it seems to be OK to have {a: 1, 'a.x.y': 1} where 'a'\n        // and 'a.x.y' are both arrays, but we don't allow this for now.\n        // #NestedArraySort\n        // XXX achieve full compatibility here\n        if (knownPaths && !hasOwn.call(knownPaths, path)) {\n          throw Error('cannot index parallel arrays');\n        }\n      });\n\n      if (knownPaths) {\n        // Similarly to above, paths must match everywhere, unless this is a\n        // non-array field.\n        if (!hasOwn.call(element, '') &&\n            Object.keys(knownPaths).length !== Object.keys(element).length) {\n          throw Error('cannot index parallel arrays!');\n        }\n      } else if (usedPaths) {\n        knownPaths = {};\n\n        Object.keys(element).forEach(path => {\n          knownPaths[path] = true;\n        });\n      }\n\n      return element;\n    });\n\n    if (!knownPaths) {\n      // Easy case: no use of arrays.\n      const soleKey = valuesByIndexAndPath.map(values => {\n        if (!hasOwn.call(values, '')) {\n          throw Error('no value in sole key case?');\n        }\n\n        return values[''];\n      });\n\n      cb(soleKey);\n\n      return;\n    }\n\n    Object.keys(knownPaths).forEach(path => {\n      const key = valuesByIndexAndPath.map(values => {\n        if (hasOwn.call(values, '')) {\n          return values[''];\n        }\n\n        if (!hasOwn.call(values, path)) {\n          throw Error('missing path?');\n        }\n\n        return values[path];\n      });\n\n      cb(key);\n    });\n  }\n\n  // Returns a comparator that represents the sort specification (but not\n  // including a possible geoquery distance tie-breaker).\n  _getBaseComparator() {\n    if (this._sortFunction) {\n      return this._sortFunction;\n    }\n\n    // If we're only sorting on geoquery distance and no specs, just say\n    // everything is equal.\n    if (!this._sortSpecParts.length) {\n      return (doc1, doc2) => 0;\n    }\n\n    return (doc1, doc2) => {\n      const key1 = this._getMinKeyFromDoc(doc1);\n      const key2 = this._getMinKeyFromDoc(doc2);\n      return this._compareKeys(key1, key2);\n    };\n  }\n\n  // Finds the minimum key from the doc, according to the sort specs.  (We say\n  // \"minimum\" here but this is with respect to the sort spec, so \"descending\"\n  // sort fields mean we're finding the max for that field.)\n  //\n  // Note that this is NOT \"find the minimum value of the first field, the\n  // minimum value of the second field, etc\"... it's \"choose the\n  // lexicographically minimum value of the key vector, allowing only keys which\n  // you can find along the same paths\".  ie, for a doc {a: [{x: 0, y: 5}, {x:\n  // 1, y: 3}]} with sort spec {'a.x': 1, 'a.y': 1}, the only keys are [0,5] and\n  // [1,3], and the minimum key is [0,5]; notably, [0,3] is NOT a key.\n  _getMinKeyFromDoc(doc) {\n    let minKey = null;\n\n    this._generateKeysFromDoc(doc, key => {\n      if (minKey === null) {\n        minKey = key;\n        return;\n      }\n\n      if (this._compareKeys(key, minKey) < 0) {\n        minKey = key;\n      }\n    });\n\n    return minKey;\n  }\n\n  _getPaths() {\n    return this._sortSpecParts.map(part => part.path);\n  }\n\n  // Given an index 'i', returns a comparator that compares two key arrays based\n  // on field 'i'.\n  _keyFieldComparator(i) {\n    const invert = !this._sortSpecParts[i].ascending;\n\n    return (key1, key2) => {\n      const compare = LocalCollection._f._cmp(key1[i], key2[i]);\n      return invert ? -compare : compare;\n    };\n  }\n}\n\n// Given an array of comparators\n// (functions (a,b)->(negative or positive or zero)), returns a single\n// comparator which uses each comparator in order and returns the first\n// non-zero value.\nfunction composeComparators(comparatorArray) {\n  return (a, b) => {\n    for (let i = 0; i < comparatorArray.length; ++i) {\n      const compare = comparatorArray[i](a, b);\n      if (compare !== 0) {\n        return compare;\n      }\n    }\n\n    return 0;\n  };\n}\n"],"mappings":"AAAAA,MAAM,CAACC,MAAM,CAAC;EAACC,OAAO,EAACA,CAAA,KAAIC;AAAM,CAAC,CAAC;AAAC,IAAIC,iBAAiB,EAACC,sBAAsB,EAACC,sBAAsB,EAACC,MAAM,EAACC,gBAAgB,EAACC,kBAAkB,EAACC,oBAAoB;AAACV,MAAM,CAACW,IAAI,CAAC,aAAa,EAAC;EAACP,iBAAiBA,CAACQ,CAAC,EAAC;IAACR,iBAAiB,GAACQ,CAAC;EAAA,CAAC;EAACP,sBAAsBA,CAACO,CAAC,EAAC;IAACP,sBAAsB,GAACO,CAAC;EAAA,CAAC;EAACN,sBAAsBA,CAACM,CAAC,EAAC;IAACN,sBAAsB,GAACM,CAAC;EAAA,CAAC;EAACL,MAAMA,CAACK,CAAC,EAAC;IAACL,MAAM,GAACK,CAAC;EAAA,CAAC;EAACJ,gBAAgBA,CAACI,CAAC,EAAC;IAACJ,gBAAgB,GAACI,CAAC;EAAA,CAAC;EAACH,kBAAkBA,CAACG,CAAC,EAAC;IAACH,kBAAkB,GAACG,CAAC;EAAA,CAAC;EAACF,oBAAoBA,CAACE,CAAC,EAAC;IAACF,oBAAoB,GAACE,CAAC;EAAA;AAAC,CAAC,EAAC,CAAC,CAAC;AAuBje,MAAMT,MAAM,CAAC;EAC1BU,WAAWA,CAACC,IAAI,EAAE;IAChB,IAAI,CAACC,cAAc,GAAG,EAAE;IACxB,IAAI,CAACC,aAAa,GAAG,IAAI;IAEzB,MAAMC,WAAW,GAAGA,CAACC,IAAI,EAAEC,SAAS,KAAK;MACvC,IAAI,CAACD,IAAI,EAAE;QACT,MAAME,KAAK,CAAC,6BAA6B,CAAC;MAC5C;MAEA,IAAIF,IAAI,CAACG,MAAM,CAAC,CAAC,CAAC,KAAK,GAAG,EAAE;QAC1B,MAAMD,KAAK,0BAAAE,MAAA,CAA0BJ,IAAI,CAAE,CAAC;MAC9C;MAEA,IAAI,CAACH,cAAc,CAACQ,IAAI,CAAC;QACvBJ,SAAS;QACTK,MAAM,EAAEf,kBAAkB,CAACS,IAAI,EAAE;UAACO,OAAO,EAAE;QAAI,CAAC,CAAC;QACjDP;MACF,CAAC,CAAC;IACJ,CAAC;IAED,IAAIJ,IAAI,YAAYY,KAAK,EAAE;MACzBZ,IAAI,CAACa,OAAO,CAACC,OAAO,IAAI;QACtB,IAAI,OAAOA,OAAO,KAAK,QAAQ,EAAE;UAC/BX,WAAW,CAACW,OAAO,EAAE,IAAI,CAAC;QAC5B,CAAC,MAAM;UACLX,WAAW,CAACW,OAAO,CAAC,CAAC,CAAC,EAAEA,OAAO,CAAC,CAAC,CAAC,KAAK,MAAM,CAAC;QAChD;MACF,CAAC,CAAC;IACJ,CAAC,MAAM,IAAI,OAAOd,IAAI,KAAK,QAAQ,EAAE;MACnCe,MAAM,CAACC,IAAI,CAAChB,IAAI,CAAC,CAACa,OAAO,CAACI,GAAG,IAAI;QAC/Bd,WAAW,CAACc,GAAG,EAAEjB,IAAI,CAACiB,GAAG,CAAC,IAAI,CAAC,CAAC;MAClC,CAAC,CAAC;IACJ,CAAC,MAAM,IAAI,OAAOjB,IAAI,KAAK,UAAU,EAAE;MACrC,IAAI,CAACE,aAAa,GAAGF,IAAI;IAC3B,CAAC,MAAM;MACL,MAAMM,KAAK,4BAAAE,MAAA,CAA4BU,IAAI,CAACC,SAAS,CAACnB,IAAI,CAAC,CAAE,CAAC;IAChE;;IAEA;IACA,IAAI,IAAI,CAACE,aAAa,EAAE;MACtB;IACF;;IAEA;IACA;IACA;IACA;IACA,IAAI,IAAI,CAACkB,kBAAkB,EAAE;MAC3B,MAAMC,QAAQ,GAAG,CAAC,CAAC;MAEnB,IAAI,CAACpB,cAAc,CAACY,OAAO,CAACb,IAAI,IAAI;QAClCqB,QAAQ,CAACrB,IAAI,CAACI,IAAI,CAAC,GAAG,CAAC;MACzB,CAAC,CAAC;MAEF,IAAI,CAACkB,8BAA8B,GAAG,IAAIC,SAAS,CAACC,OAAO,CAACH,QAAQ,CAAC;IACvE;IAEA,IAAI,CAACI,cAAc,GAAGC,kBAAkB,CACtC,IAAI,CAACzB,cAAc,CAAC0B,GAAG,CAAC,CAAC3B,IAAI,EAAE4B,CAAC,KAAK,IAAI,CAACC,mBAAmB,CAACD,CAAC,CAAC,CAClE,CAAC;EACH;EAEAE,aAAaA,CAACC,OAAO,EAAE;IACrB;IACA;IACA;IACA;IACA;IACA,IAAI,IAAI,CAAC9B,cAAc,CAAC+B,MAAM,IAAI,CAACD,OAAO,IAAI,CAACA,OAAO,CAACE,SAAS,EAAE;MAChE,OAAO,IAAI,CAACC,kBAAkB,CAAC,CAAC;IAClC;IAEA,MAAMD,SAAS,GAAGF,OAAO,CAACE,SAAS;;IAEnC;IACA,OAAO,CAACE,CAAC,EAAEC,CAAC,KAAK;MACf,IAAI,CAACH,SAAS,CAACI,GAAG,CAACF,CAAC,CAACG,GAAG,CAAC,EAAE;QACzB,MAAMhC,KAAK,yBAAAE,MAAA,CAAyB2B,CAAC,CAACG,GAAG,CAAE,CAAC;MAC9C;MAEA,IAAI,CAACL,SAAS,CAACI,GAAG,CAACD,CAAC,CAACE,GAAG,CAAC,EAAE;QACzB,MAAMhC,KAAK,yBAAAE,MAAA,CAAyB4B,CAAC,CAACE,GAAG,CAAE,CAAC;MAC9C;MAEA,OAAOL,SAAS,CAACM,GAAG,CAACJ,CAAC,CAACG,GAAG,CAAC,GAAGL,SAAS,CAACM,GAAG,CAACH,CAAC,CAACE,GAAG,CAAC;IACpD,CAAC;EACH;;EAEA;EACA;EACA;EACAE,YAAYA,CAACC,IAAI,EAAEC,IAAI,EAAE;IACvB,IAAID,IAAI,CAACT,MAAM,KAAK,IAAI,CAAC/B,cAAc,CAAC+B,MAAM,IAC1CU,IAAI,CAACV,MAAM,KAAK,IAAI,CAAC/B,cAAc,CAAC+B,MAAM,EAAE;MAC9C,MAAM1B,KAAK,CAAC,sBAAsB,CAAC;IACrC;IAEA,OAAO,IAAI,CAACmB,cAAc,CAACgB,IAAI,EAAEC,IAAI,CAAC;EACxC;;EAEA;EACA;EACAC,oBAAoBA,CAACC,GAAG,EAAEC,EAAE,EAAE;IAC5B,IAAI,IAAI,CAAC5C,cAAc,CAAC+B,MAAM,KAAK,CAAC,EAAE;MACpC,MAAM,IAAI1B,KAAK,CAAC,qCAAqC,CAAC;IACxD;IAEA,MAAMwC,eAAe,GAAGC,OAAO,OAAAvC,MAAA,CAAOuC,OAAO,CAACC,IAAI,CAAC,GAAG,CAAC,MAAG;IAE1D,IAAIC,UAAU,GAAG,IAAI;;IAErB;IACA,MAAMC,oBAAoB,GAAG,IAAI,CAACjD,cAAc,CAAC0B,GAAG,CAAC3B,IAAI,IAAI;MAC3D;MACA;MACA,IAAImD,QAAQ,GAAG3D,sBAAsB,CAACQ,IAAI,CAACU,MAAM,CAACkC,GAAG,CAAC,EAAE,IAAI,CAAC;;MAE7D;MACA;MACA,IAAI,CAACO,QAAQ,CAACnB,MAAM,EAAE;QACpBmB,QAAQ,GAAG,CAAC;UAAEC,KAAK,EAAE,KAAK;QAAE,CAAC,CAAC;MAChC;MAEA,MAAMtC,OAAO,GAAGC,MAAM,CAACsC,MAAM,CAAC,IAAI,CAAC;MACnC,IAAIC,SAAS,GAAG,KAAK;MAErBH,QAAQ,CAACtC,OAAO,CAAC0C,MAAM,IAAI;QACzB,IAAI,CAACA,MAAM,CAACC,YAAY,EAAE;UACxB;UACA;UACA;UACA,IAAIL,QAAQ,CAACnB,MAAM,GAAG,CAAC,EAAE;YACvB,MAAM1B,KAAK,CAAC,sCAAsC,CAAC;UACrD;UAEAQ,OAAO,CAAC,EAAE,CAAC,GAAGyC,MAAM,CAACH,KAAK;UAC1B;QACF;QAEAE,SAAS,GAAG,IAAI;QAEhB,MAAMlD,IAAI,GAAG0C,eAAe,CAACS,MAAM,CAACC,YAAY,CAAC;QAEjD,IAAI/D,MAAM,CAACgE,IAAI,CAAC3C,OAAO,EAAEV,IAAI,CAAC,EAAE;UAC9B,MAAME,KAAK,oBAAAE,MAAA,CAAoBJ,IAAI,CAAE,CAAC;QACxC;QAEAU,OAAO,CAACV,IAAI,CAAC,GAAGmD,MAAM,CAACH,KAAK;;QAE5B;QACA;QACA;QACA;QACA;QACA;QACA;QACA;QACA;QACA;QACA,IAAIH,UAAU,IAAI,CAACxD,MAAM,CAACgE,IAAI,CAACR,UAAU,EAAE7C,IAAI,CAAC,EAAE;UAChD,MAAME,KAAK,CAAC,8BAA8B,CAAC;QAC7C;MACF,CAAC,CAAC;MAEF,IAAI2C,UAAU,EAAE;QACd;QACA;QACA,IAAI,CAACxD,MAAM,CAACgE,IAAI,CAAC3C,OAAO,EAAE,EAAE,CAAC,IACzBC,MAAM,CAACC,IAAI,CAACiC,UAAU,CAAC,CAACjB,MAAM,KAAKjB,MAAM,CAACC,IAAI,CAACF,OAAO,CAAC,CAACkB,MAAM,EAAE;UAClE,MAAM1B,KAAK,CAAC,+BAA+B,CAAC;QAC9C;MACF,CAAC,MAAM,IAAIgD,SAAS,EAAE;QACpBL,UAAU,GAAG,CAAC,CAAC;QAEflC,MAAM,CAACC,IAAI,CAACF,OAAO,CAAC,CAACD,OAAO,CAACT,IAAI,IAAI;UACnC6C,UAAU,CAAC7C,IAAI,CAAC,GAAG,IAAI;QACzB,CAAC,CAAC;MACJ;MAEA,OAAOU,OAAO;IAChB,CAAC,CAAC;IAEF,IAAI,CAACmC,UAAU,EAAE;MACf;MACA,MAAMS,OAAO,GAAGR,oBAAoB,CAACvB,GAAG,CAACgC,MAAM,IAAI;QACjD,IAAI,CAAClE,MAAM,CAACgE,IAAI,CAACE,MAAM,EAAE,EAAE,CAAC,EAAE;UAC5B,MAAMrD,KAAK,CAAC,4BAA4B,CAAC;QAC3C;QAEA,OAAOqD,MAAM,CAAC,EAAE,CAAC;MACnB,CAAC,CAAC;MAEFd,EAAE,CAACa,OAAO,CAAC;MAEX;IACF;IAEA3C,MAAM,CAACC,IAAI,CAACiC,UAAU,CAAC,CAACpC,OAAO,CAACT,IAAI,IAAI;MACtC,MAAMa,GAAG,GAAGiC,oBAAoB,CAACvB,GAAG,CAACgC,MAAM,IAAI;QAC7C,IAAIlE,MAAM,CAACgE,IAAI,CAACE,MAAM,EAAE,EAAE,CAAC,EAAE;UAC3B,OAAOA,MAAM,CAAC,EAAE,CAAC;QACnB;QAEA,IAAI,CAAClE,MAAM,CAACgE,IAAI,CAACE,MAAM,EAAEvD,IAAI,CAAC,EAAE;UAC9B,MAAME,KAAK,CAAC,eAAe,CAAC;QAC9B;QAEA,OAAOqD,MAAM,CAACvD,IAAI,CAAC;MACrB,CAAC,CAAC;MAEFyC,EAAE,CAAC5B,GAAG,CAAC;IACT,CAAC,CAAC;EACJ;;EAEA;EACA;EACAiB,kBAAkBA,CAAA,EAAG;IACnB,IAAI,IAAI,CAAChC,aAAa,EAAE;MACtB,OAAO,IAAI,CAACA,aAAa;IAC3B;;IAEA;IACA;IACA,IAAI,CAAC,IAAI,CAACD,cAAc,CAAC+B,MAAM,EAAE;MAC/B,OAAO,CAAC4B,IAAI,EAAEC,IAAI,KAAK,CAAC;IAC1B;IAEA,OAAO,CAACD,IAAI,EAAEC,IAAI,KAAK;MACrB,MAAMpB,IAAI,GAAG,IAAI,CAACqB,iBAAiB,CAACF,IAAI,CAAC;MACzC,MAAMlB,IAAI,GAAG,IAAI,CAACoB,iBAAiB,CAACD,IAAI,CAAC;MACzC,OAAO,IAAI,CAACrB,YAAY,CAACC,IAAI,EAAEC,IAAI,CAAC;IACtC,CAAC;EACH;;EAEA;EACA;EACA;EACA;EACA;EACA;EACA;EACA;EACA;EACA;EACAoB,iBAAiBA,CAAClB,GAAG,EAAE;IACrB,IAAImB,MAAM,GAAG,IAAI;IAEjB,IAAI,CAACpB,oBAAoB,CAACC,GAAG,EAAE3B,GAAG,IAAI;MACpC,IAAI8C,MAAM,KAAK,IAAI,EAAE;QACnBA,MAAM,GAAG9C,GAAG;QACZ;MACF;MAEA,IAAI,IAAI,CAACuB,YAAY,CAACvB,GAAG,EAAE8C,MAAM,CAAC,GAAG,CAAC,EAAE;QACtCA,MAAM,GAAG9C,GAAG;MACd;IACF,CAAC,CAAC;IAEF,OAAO8C,MAAM;EACf;EAEAC,SAASA,CAAA,EAAG;IACV,OAAO,IAAI,CAAC/D,cAAc,CAAC0B,GAAG,CAACsC,IAAI,IAAIA,IAAI,CAAC7D,IAAI,CAAC;EACnD;;EAEA;EACA;EACAyB,mBAAmBA,CAACD,CAAC,EAAE;IACrB,MAAMsC,MAAM,GAAG,CAAC,IAAI,CAACjE,cAAc,CAAC2B,CAAC,CAAC,CAACvB,SAAS;IAEhD,OAAO,CAACoC,IAAI,EAAEC,IAAI,KAAK;MACrB,MAAMyB,OAAO,GAAGC,eAAe,CAACC,EAAE,CAACC,IAAI,CAAC7B,IAAI,CAACb,CAAC,CAAC,EAAEc,IAAI,CAACd,CAAC,CAAC,CAAC;MACzD,OAAOsC,MAAM,GAAG,CAACC,OAAO,GAAGA,OAAO;IACpC,CAAC;EACH;AACF;AAEA;AACA;AACA;AACA;AACA,SAASzC,kBAAkBA,CAAC6C,eAAe,EAAE;EAC3C,OAAO,CAACpC,CAAC,EAAEC,CAAC,KAAK;IACf,KAAK,IAAIR,CAAC,GAAG,CAAC,EAAEA,CAAC,GAAG2C,eAAe,CAACvC,MAAM,EAAE,EAAEJ,CAAC,EAAE;MAC/C,MAAMuC,OAAO,GAAGI,eAAe,CAAC3C,CAAC,CAAC,CAACO,CAAC,EAAEC,CAAC,CAAC;MACxC,IAAI+B,OAAO,KAAK,CAAC,EAAE;QACjB,OAAOA,OAAO;MAChB;IACF;IAEA,OAAO,CAAC;EACV,CAAC;AACH","ignoreList":[]},"sourceType":"module","externalDependencies":{},"hash":"97b7cf7d221266787655276a6c46a52e1669f89b"}
