{"metadata":{},"options":{"assumptions":{},"compact":false,"sourceMaps":true,"ast":true,"babelrc":false,"configFile":false,"parserOpts":{"sourceType":"module","sourceFileName":"/Users/matteodemicheli/Sites/meteor-boilerplate/packages/check/isPlainObject.js","plugins":["*","flow","jsx","asyncGenerators","bigInt","classPrivateMethods","classPrivateProperties","classProperties","doExpressions","dynamicImport","exportDefaultFrom","exportExtensions","exportNamespaceFrom","functionBind","functionSent","importMeta","nullishCoalescingOperator","numericSeparator","objectRestSpread","optionalCatchBinding","optionalChaining",["pipelineOperator",{"proposal":"minimal"}],"throwExpressions","topLevelAwait","objectRestSpread","objectRestSpread","asyncGenerators","classProperties","classPrivateProperties","jsx","nullishCoalescingOperator","nullishCoalescingOperator","optionalChaining","optionalChaining","optionalCatchBinding","optionalCatchBinding","classProperties","classPrivateProperties","classPrivateMethods","classProperties","classPrivateProperties","asyncGenerators","asyncGenerators","objectRestSpread","objectRestSpread","logicalAssignment"],"allowImportExportEverywhere":true,"allowReturnOutsideFunction":true,"allowUndeclaredExports":true,"strictMode":false},"caller":{"name":"meteor","arch":"os.osx.arm64"},"sourceFileName":"packages/check/isPlainObject.js","filename":"/Users/matteodemicheli/Sites/meteor-boilerplate/packages/check/isPlainObject.js","targets":{},"cloneInputAst":true,"browserslistConfigFile":false,"passPerPreset":false,"envName":"development","cwd":"/Users/matteodemicheli/Sites/meteor-boilerplate","root":"/Users/matteodemicheli/Sites/meteor-boilerplate","rootMode":"root","plugins":[{"key":"base$0","visitor":{"_exploded":true,"_verified":true},"options":{},"externalDependencies":[]},{"key":"base$0$0","visitor":{"Program":{"enter":[null],"exit":[null]},"_exploded":true,"_verified":true},"options":{"avoidModernSyntax":false,"enforceStrictMode":false,"dynamicImport":true,"generateLetDeclarations":true,"topLevelAwait":true},"externalDependencies":[]},{"key":"transform-runtime","visitor":{"MemberExpression":{"enter":[null]},"ObjectPattern":{"enter":[null]},"BinaryExpression":{"enter":[null]},"Identifier":{"enter":[null]},"JSXIdentifier":{"enter":[null]},"_exploded":true,"_verified":true},"options":{"version":"7.17.2","helpers":true,"useESModules":false,"corejs":false},"externalDependencies":[]},{"key":"syntax-object-rest-spread","visitor":{"_exploded":true,"_verified":true},"options":{},"externalDependencies":[]},{"key":"proposal-object-rest-spread","visitor":{"VariableDeclarator":{"enter":[null]},"ExportNamedDeclaration":{"enter":[null]},"CatchClause":{"enter":[null]},"AssignmentExpression":{"enter":[null]},"ArrayPattern":{"enter":[null]},"ObjectExpression":{"enter":[null]},"FunctionDeclaration":{"enter":[null]},"FunctionExpression":{"enter":[null]},"ObjectMethod":{"enter":[null]},"ArrowFunctionExpression":{"enter":[null]},"ClassMethod":{"enter":[null]},"ClassPrivateMethod":{"enter":[null]},"ForInStatement":{"enter":[null]},"ForOfStatement":{"enter":[null]},"_exploded":true,"_verified":true},"options":{},"externalDependencies":[]},{"key":"proposal-async-generator-functions","visitor":{"Program":{"enter":[null]},"_exploded":true,"_verified":true},"options":{},"externalDependencies":[]},{"key":"proposal-class-properties","visitor":{"ExportDefaultDeclaration":{"enter":[null]},"_exploded":true,"_verified":true,"ClassExpression":{"enter":[null]},"ClassDeclaration":{"enter":[null]}},"options":{"loose":true},"externalDependencies":[]},{"key":"transform-react-jsx","visitor":{"JSXNamespacedName":{"enter":[null]},"JSXSpreadChild":{"enter":[null]},"Program":{"enter":[null]},"JSXFragment":{"exit":[null]},"JSXElement":{"exit":[null]},"JSXAttribute":{"enter":[null]},"_exploded":true,"_verified":true},"options":{"pragma":"React.createElement","pragmaFrag":"React.Fragment","runtime":"classic","throwIfNamespace":true,"useBuiltIns":false},"externalDependencies":[]},{"key":"transform-react-display-name","visitor":{"ExportDefaultDeclaration":{"enter":[null]},"CallExpression":{"enter":[null]},"_exploded":true,"_verified":true},"options":{},"externalDependencies":[]},{"key":"transform-react-pure-annotations","visitor":{"CallExpression":{"enter":[null]},"_exploded":true,"_verified":true},"options":{},"externalDependencies":[]},{"key":"syntax-nullish-coalescing-operator","visitor":{"_exploded":true,"_verified":true},"options":{},"externalDependencies":[]},{"key":"proposal-nullish-coalescing-operator","visitor":{"LogicalExpression":{"enter":[null]},"_exploded":true,"_verified":true},"options":{},"externalDependencies":[]},{"key":"syntax-optional-chaining","visitor":{"_exploded":true,"_verified":true},"options":{},"externalDependencies":[]},{"key":"proposal-optional-chaining","visitor":{"OptionalCallExpression":{"enter":[null]},"OptionalMemberExpression":{"enter":[null]},"_exploded":true,"_verified":true},"options":{},"externalDependencies":[]},{"key":"syntax-optional-catch-binding","visitor":{"_exploded":true,"_verified":true},"options":{},"externalDependencies":[]},{"key":"proposal-optional-catch-binding","visitor":{"CatchClause":{"enter":[null]},"_exploded":true,"_verified":true},"options":{},"externalDependencies":[]},{"key":"syntax-class-properties","visitor":{"_exploded":true,"_verified":true},"options":{},"externalDependencies":[]},{"key":"proposal-class-properties","visitor":{"ExportDefaultDeclaration":{"enter":[null]},"_exploded":true,"_verified":true,"ClassExpression":{"enter":[null]},"ClassDeclaration":{"enter":[null]}},"options":{},"externalDependencies":[]},{"key":"syntax-async-generators","visitor":{"_exploded":true,"_verified":true},"options":{},"externalDependencies":[]},{"key":"proposal-async-generator-functions","visitor":{"Program":{"enter":[null]},"_exploded":true,"_verified":true},"options":{},"externalDependencies":[]},{"key":"syntax-object-rest-spread","visitor":{"_exploded":true,"_verified":true},"options":{},"externalDependencies":[]},{"key":"proposal-object-rest-spread","visitor":{"VariableDeclarator":{"enter":[null]},"ExportNamedDeclaration":{"enter":[null]},"CatchClause":{"enter":[null]},"AssignmentExpression":{"enter":[null]},"ArrayPattern":{"enter":[null]},"ObjectExpression":{"enter":[null]},"FunctionDeclaration":{"enter":[null]},"FunctionExpression":{"enter":[null]},"ObjectMethod":{"enter":[null]},"ArrowFunctionExpression":{"enter":[null]},"ClassMethod":{"enter":[null]},"ClassPrivateMethod":{"enter":[null]},"ForInStatement":{"enter":[null]},"ForOfStatement":{"enter":[null]},"_exploded":true,"_verified":true},"options":{},"externalDependencies":[]},{"key":"proposal-logical-assignment-operators","visitor":{"AssignmentExpression":{"enter":[null]},"_exploded":true,"_verified":true},"options":{},"externalDependencies":[]},{"key":"transform-literals","visitor":{"NumericLiteral":{"enter":[null]},"StringLiteral":{"enter":[null]},"_exploded":true,"_verified":true},"options":{},"externalDependencies":[]},{"key":"transform-template-literals","visitor":{"TaggedTemplateExpression":{"enter":[null]},"TemplateLiteral":{"enter":[null]},"_exploded":true,"_verified":true},"options":{},"externalDependencies":[]},{"key":"transform-parameters","visitor":{"_exploded":true,"_verified":true,"FunctionDeclaration":{"enter":[null]},"FunctionExpression":{"enter":[null]},"ObjectMethod":{"enter":[null]},"ArrowFunctionExpression":{"enter":[null]},"ClassMethod":{"enter":[null]},"ClassPrivateMethod":{"enter":[null]}},"options":{},"externalDependencies":[]},{"key":"transform-exponentiation-operator","visitor":{"AssignmentExpression":{"enter":[null]},"BinaryExpression":{"enter":[null]},"_exploded":true,"_verified":true},"options":{},"externalDependencies":[]}],"presets":[],"generatorOpts":{"filename":"/Users/matteodemicheli/Sites/meteor-boilerplate/packages/check/isPlainObject.js","comments":true,"compact":false,"sourceMaps":true,"sourceFileName":"packages/check/isPlainObject.js"}},"code":"module.export({\n  isPlainObject: () => isPlainObject\n});\n// Copy of jQuery.isPlainObject for the server side from jQuery v3.1.1.\n\nconst class2type = {};\nconst toString = class2type.toString;\nconst hasOwn = Object.prototype.hasOwnProperty;\nconst fnToString = hasOwn.toString;\nconst ObjectFunctionString = fnToString.call(Object);\nconst getProto = Object.getPrototypeOf;\nconst isPlainObject = obj => {\n  let proto;\n  let Ctor;\n\n  // Detect obvious negatives\n  // Use toString instead of jQuery.type to catch host objects\n  if (!obj || toString.call(obj) !== '[object Object]') {\n    return false;\n  }\n  proto = getProto(obj);\n\n  // Objects with no prototype (e.g., `Object.create( null )`) are plain\n  if (!proto) {\n    return true;\n  }\n\n  // Objects with prototype are plain iff they were constructed by a global Object function\n  Ctor = hasOwn.call(proto, 'constructor') && proto.constructor;\n  return typeof Ctor === 'function' && fnToString.call(Ctor) === ObjectFunctionString;\n};","map":{"version":3,"names":["module","export","isPlainObject","class2type","toString","hasOwn","Object","prototype","hasOwnProperty","fnToString","ObjectFunctionString","call","getProto","getPrototypeOf","obj","proto","Ctor","constructor"],"sources":["packages/check/isPlainObject.js"],"sourcesContent":["// Copy of jQuery.isPlainObject for the server side from jQuery v3.1.1.\n\nconst class2type = {};\n\nconst toString = class2type.toString;\n\nconst hasOwn = Object.prototype.hasOwnProperty;\n\nconst fnToString = hasOwn.toString;\n\nconst ObjectFunctionString = fnToString.call(Object);\n\nconst getProto = Object.getPrototypeOf;\n\nexport const isPlainObject = obj => {\n  let proto;\n  let Ctor;\n\n  // Detect obvious negatives\n  // Use toString instead of jQuery.type to catch host objects\n  if (!obj || toString.call(obj) !== '[object Object]') {\n    return false;\n  }\n\n  proto = getProto(obj);\n\n  // Objects with no prototype (e.g., `Object.create( null )`) are plain\n  if (!proto) {\n    return true;\n  }\n\n  // Objects with prototype are plain iff they were constructed by a global Object function\n  Ctor = hasOwn.call(proto, 'constructor') && proto.constructor;\n  return typeof Ctor === 'function' && \n    fnToString.call(Ctor) === ObjectFunctionString;\n};\n"],"mappings":"AAAAA,MAAM,CAACC,MAAM,CAAC;EAACC,aAAa,EAACA,CAAA,KAAIA;AAAa,CAAC,CAAC;AAAhD;;AAEA,MAAMC,UAAU,GAAG,CAAC,CAAC;AAErB,MAAMC,QAAQ,GAAGD,UAAU,CAACC,QAAQ;AAEpC,MAAMC,MAAM,GAAGC,MAAM,CAACC,SAAS,CAACC,cAAc;AAE9C,MAAMC,UAAU,GAAGJ,MAAM,CAACD,QAAQ;AAElC,MAAMM,oBAAoB,GAAGD,UAAU,CAACE,IAAI,CAACL,MAAM,CAAC;AAEpD,MAAMM,QAAQ,GAAGN,MAAM,CAACO,cAAc;AAE/B,MAAMX,aAAa,GAAGY,GAAG,IAAI;EAClC,IAAIC,KAAK;EACT,IAAIC,IAAI;;EAER;EACA;EACA,IAAI,CAACF,GAAG,IAAIV,QAAQ,CAACO,IAAI,CAACG,GAAG,CAAC,KAAK,iBAAiB,EAAE;IACpD,OAAO,KAAK;EACd;EAEAC,KAAK,GAAGH,QAAQ,CAACE,GAAG,CAAC;;EAErB;EACA,IAAI,CAACC,KAAK,EAAE;IACV,OAAO,IAAI;EACb;;EAEA;EACAC,IAAI,GAAGX,MAAM,CAACM,IAAI,CAACI,KAAK,EAAE,aAAa,CAAC,IAAIA,KAAK,CAACE,WAAW;EAC7D,OAAO,OAAOD,IAAI,KAAK,UAAU,IAC/BP,UAAU,CAACE,IAAI,CAACK,IAAI,CAAC,KAAKN,oBAAoB;AAClD,CAAC","ignoreList":[]},"sourceType":"module","externalDependencies":{},"hash":"9ed2a055878f2ef8f6e894fc71bc46513b62c4a0"}
