{"metadata":{},"options":{"assumptions":{},"compact":false,"sourceMaps":true,"ast":true,"babelrc":false,"configFile":false,"parserOpts":{"sourceType":"module","sourceFileName":"/Users/matteodemicheli/Sites/meteor-boilerplate/node_modules/svelte/index.js","plugins":["*","flow","jsx","asyncGenerators","bigInt","classPrivateMethods","classPrivateProperties","classProperties","doExpressions","dynamicImport","exportDefaultFrom","exportExtensions","exportNamespaceFrom","functionBind","functionSent","importMeta","nullishCoalescingOperator","numericSeparator","objectRestSpread","optionalCatchBinding","optionalChaining",["pipelineOperator",{"proposal":"minimal"}],"throwExpressions","topLevelAwait","classProperties","classPrivateProperties","jsx","nullishCoalescingOperator","nullishCoalescingOperator","optionalChaining","optionalChaining","optionalCatchBinding","optionalCatchBinding","classProperties","classPrivateProperties","classPrivateMethods","classProperties","classPrivateProperties","asyncGenerators","asyncGenerators","objectRestSpread","objectRestSpread","logicalAssignment"],"allowImportExportEverywhere":true,"allowReturnOutsideFunction":true,"allowUndeclaredExports":true,"strictMode":false},"caller":{"name":"meteor","arch":"web.browser.legacy"},"sourceFileName":"node_modules/svelte/index.js","filename":"/Users/matteodemicheli/Sites/meteor-boilerplate/node_modules/svelte/index.js","inputSourceMap":{"version":3,"names":["___INIT_METEOR_FAST_REFRESH","module","Object","defineProperty","exports","value","internal","require","enumerable","get","SvelteComponentDev","SvelteComponentTyped","afterUpdate","beforeUpdate","createEventDispatcher","getAllContexts","getContext","hasContext","onDestroy","onMount","setContext","tick"],"sources":["node_modules/svelte/index.js"],"sourcesContent":["'use strict';\n\nObject.defineProperty(exports, '__esModule', { value: true });\n\nvar internal = require('./internal/index.js');\n\n\n\nObject.defineProperty(exports, 'SvelteComponent', {\n\tenumerable: true,\n\tget: function () {\n\t\treturn internal.SvelteComponentDev;\n\t}\n});\nObject.defineProperty(exports, 'SvelteComponentTyped', {\n\tenumerable: true,\n\tget: function () {\n\t\treturn internal.SvelteComponentTyped;\n\t}\n});\nObject.defineProperty(exports, 'afterUpdate', {\n\tenumerable: true,\n\tget: function () {\n\t\treturn internal.afterUpdate;\n\t}\n});\nObject.defineProperty(exports, 'beforeUpdate', {\n\tenumerable: true,\n\tget: function () {\n\t\treturn internal.beforeUpdate;\n\t}\n});\nObject.defineProperty(exports, 'createEventDispatcher', {\n\tenumerable: true,\n\tget: function () {\n\t\treturn internal.createEventDispatcher;\n\t}\n});\nObject.defineProperty(exports, 'getAllContexts', {\n\tenumerable: true,\n\tget: function () {\n\t\treturn internal.getAllContexts;\n\t}\n});\nObject.defineProperty(exports, 'getContext', {\n\tenumerable: true,\n\tget: function () {\n\t\treturn internal.getContext;\n\t}\n});\nObject.defineProperty(exports, 'hasContext', {\n\tenumerable: true,\n\tget: function () {\n\t\treturn internal.hasContext;\n\t}\n});\nObject.defineProperty(exports, 'onDestroy', {\n\tenumerable: true,\n\tget: function () {\n\t\treturn internal.onDestroy;\n\t}\n});\nObject.defineProperty(exports, 'onMount', {\n\tenumerable: true,\n\tget: function () {\n\t\treturn internal.onMount;\n\t}\n});\nObject.defineProperty(exports, 'setContext', {\n\tenumerable: true,\n\tget: function () {\n\t\treturn internal.setContext;\n\t}\n});\nObject.defineProperty(exports, 'tick', {\n\tenumerable: true,\n\tget: function () {\n\t\treturn internal.tick;\n\t}\n});\n"],"mappings":"AAAA,YAAY;;AAACA,2BAAA,CAAAC,MAAA;AAEbC,MAAM,CAACC,cAAc,CAACC,OAAO,EAAE,YAAY,EAAE;EAAEC,KAAK,EAAE;AAAK,CAAC,CAAC;AAE7D,IAAIC,QAAQ,GAAGC,OAAO,CAAC,qBAAqB,CAAC;AAI7CL,MAAM,CAACC,cAAc,CAACC,OAAO,EAAE,iBAAiB,EAAE;EACjDI,UAAU,EAAE,IAAI;EAChBC,GAAG,EAAE,SAAAA,CAAA,EAAY;IAChB,OAAOH,QAAQ,CAACI,kBAAkB;EACnC;AACD,CAAC,CAAC;AACFR,MAAM,CAACC,cAAc,CAACC,OAAO,EAAE,sBAAsB,EAAE;EACtDI,UAAU,EAAE,IAAI;EAChBC,GAAG,EAAE,SAAAA,CAAA,EAAY;IAChB,OAAOH,QAAQ,CAACK,oBAAoB;EACrC;AACD,CAAC,CAAC;AACFT,MAAM,CAACC,cAAc,CAACC,OAAO,EAAE,aAAa,EAAE;EAC7CI,UAAU,EAAE,IAAI;EAChBC,GAAG,EAAE,SAAAA,CAAA,EAAY;IAChB,OAAOH,QAAQ,CAACM,WAAW;EAC5B;AACD,CAAC,CAAC;AACFV,MAAM,CAACC,cAAc,CAACC,OAAO,EAAE,cAAc,EAAE;EAC9CI,UAAU,EAAE,IAAI;EAChBC,GAAG,EAAE,SAAAA,CAAA,EAAY;IAChB,OAAOH,QAAQ,CAACO,YAAY;EAC7B;AACD,CAAC,CAAC;AACFX,MAAM,CAACC,cAAc,CAACC,OAAO,EAAE,uBAAuB,EAAE;EACvDI,UAAU,EAAE,IAAI;EAChBC,GAAG,EAAE,SAAAA,CAAA,EAAY;IAChB,OAAOH,QAAQ,CAACQ,qBAAqB;EACtC;AACD,CAAC,CAAC;AACFZ,MAAM,CAACC,cAAc,CAACC,OAAO,EAAE,gBAAgB,EAAE;EAChDI,UAAU,EAAE,IAAI;EAChBC,GAAG,EAAE,SAAAA,CAAA,EAAY;IAChB,OAAOH,QAAQ,CAACS,cAAc;EAC/B;AACD,CAAC,CAAC;AACFb,MAAM,CAACC,cAAc,CAACC,OAAO,EAAE,YAAY,EAAE;EAC5CI,UAAU,EAAE,IAAI;EAChBC,GAAG,EAAE,SAAAA,CAAA,EAAY;IAChB,OAAOH,QAAQ,CAACU,UAAU;EAC3B;AACD,CAAC,CAAC;AACFd,MAAM,CAACC,cAAc,CAACC,OAAO,EAAE,YAAY,EAAE;EAC5CI,UAAU,EAAE,IAAI;EAChBC,GAAG,EAAE,SAAAA,CAAA,EAAY;IAChB,OAAOH,QAAQ,CAACW,UAAU;EAC3B;AACD,CAAC,CAAC;AACFf,MAAM,CAACC,cAAc,CAACC,OAAO,EAAE,WAAW,EAAE;EAC3CI,UAAU,EAAE,IAAI;EAChBC,GAAG,EAAE,SAAAA,CAAA,EAAY;IAChB,OAAOH,QAAQ,CAACY,SAAS;EAC1B;AACD,CAAC,CAAC;AACFhB,MAAM,CAACC,cAAc,CAACC,OAAO,EAAE,SAAS,EAAE;EACzCI,UAAU,EAAE,IAAI;EAChBC,GAAG,EAAE,SAAAA,CAAA,EAAY;IAChB,OAAOH,QAAQ,CAACa,OAAO;EACxB;AACD,CAAC,CAAC;AACFjB,MAAM,CAACC,cAAc,CAACC,OAAO,EAAE,YAAY,EAAE;EAC5CI,UAAU,EAAE,IAAI;EAChBC,GAAG,EAAE,SAAAA,CAAA,EAAY;IAChB,OAAOH,QAAQ,CAACc,UAAU;EAC3B;AACD,CAAC,CAAC;AACFlB,MAAM,CAACC,cAAc,CAACC,OAAO,EAAE,MAAM,EAAE;EACtCI,UAAU,EAAE,IAAI;EAChBC,GAAG,EAAE,SAAAA,CAAA,EAAY;IAChB,OAAOH,QAAQ,CAACe,IAAI;EACrB;AACD,CAAC,CAAC","ignoreList":[]},"targets":{},"cloneInputAst":true,"browserslistConfigFile":false,"passPerPreset":false,"envName":"development","cwd":"/Users/matteodemicheli/Sites/meteor-boilerplate","root":"/Users/matteodemicheli/Sites/meteor-boilerplate","rootMode":"root","plugins":[{"key":"base$0","visitor":{"_exploded":true,"_verified":true},"options":{},"externalDependencies":[]},{"key":"base$0$0","visitor":{"Program":{"enter":[null],"exit":[null]},"_exploded":true,"_verified":true},"options":{"avoidModernSyntax":true,"enforceStrictMode":false,"dynamicImport":true},"externalDependencies":[]},{"key":"transform-runtime","visitor":{"MemberExpression":{"enter":[null]},"ObjectPattern":{"enter":[null]},"BinaryExpression":{"enter":[null]},"Identifier":{"enter":[null]},"JSXIdentifier":{"enter":[null]},"_exploded":true,"_verified":true},"options":{"version":"7.17.2","helpers":true,"useESModules":false,"corejs":false},"externalDependencies":[]},{"key":"proposal-class-properties","visitor":{"ExportDefaultDeclaration":{"enter":[null]},"_exploded":true,"_verified":true,"ClassExpression":{"enter":[null]},"ClassDeclaration":{"enter":[null]}},"options":{"loose":true},"externalDependencies":[]},{"key":"base$0$3","visitor":{"FunctionExpression":{"exit":[null]},"_exploded":true,"_verified":true},"options":{},"externalDependencies":[]},{"key":"base$0$4","visitor":{"ForInStatement":{"enter":[null]},"_exploded":true,"_verified":true},"options":{},"externalDependencies":[]},{"key":"transform-react-jsx","visitor":{"JSXNamespacedName":{"enter":[null]},"JSXSpreadChild":{"enter":[null]},"Program":{"enter":[null]},"JSXFragment":{"exit":[null]},"JSXElement":{"exit":[null]},"JSXAttribute":{"enter":[null]},"_exploded":true,"_verified":true},"options":{"pragma":"React.createElement","pragmaFrag":"React.Fragment","runtime":"classic","throwIfNamespace":true,"useBuiltIns":false},"externalDependencies":[]},{"key":"transform-react-display-name","visitor":{"ExportDefaultDeclaration":{"enter":[null]},"CallExpression":{"enter":[null]},"_exploded":true,"_verified":true},"options":{},"externalDependencies":[]},{"key":"transform-react-pure-annotations","visitor":{"CallExpression":{"enter":[null]},"_exploded":true,"_verified":true},"options":{},"externalDependencies":[]},{"key":"syntax-nullish-coalescing-operator","visitor":{"_exploded":true,"_verified":true},"options":{},"externalDependencies":[]},{"key":"proposal-nullish-coalescing-operator","visitor":{"LogicalExpression":{"enter":[null]},"_exploded":true,"_verified":true},"options":{},"externalDependencies":[]},{"key":"syntax-optional-chaining","visitor":{"_exploded":true,"_verified":true},"options":{},"externalDependencies":[]},{"key":"proposal-optional-chaining","visitor":{"OptionalCallExpression":{"enter":[null]},"OptionalMemberExpression":{"enter":[null]},"_exploded":true,"_verified":true},"options":{},"externalDependencies":[]},{"key":"syntax-optional-catch-binding","visitor":{"_exploded":true,"_verified":true},"options":{},"externalDependencies":[]},{"key":"proposal-optional-catch-binding","visitor":{"CatchClause":{"enter":[null]},"_exploded":true,"_verified":true},"options":{},"externalDependencies":[]},{"key":"syntax-class-properties","visitor":{"_exploded":true,"_verified":true},"options":{},"externalDependencies":[]},{"key":"proposal-class-properties","visitor":{"ExportDefaultDeclaration":{"enter":[null]},"_exploded":true,"_verified":true,"ClassExpression":{"enter":[null]},"ClassDeclaration":{"enter":[null]}},"options":{},"externalDependencies":[]},{"key":"syntax-async-generators","visitor":{"_exploded":true,"_verified":true},"options":{},"externalDependencies":[]},{"key":"proposal-async-generator-functions","visitor":{"Program":{"enter":[null]},"_exploded":true,"_verified":true},"options":{},"externalDependencies":[]},{"key":"syntax-object-rest-spread","visitor":{"_exploded":true,"_verified":true},"options":{},"externalDependencies":[]},{"key":"proposal-object-rest-spread","visitor":{"VariableDeclarator":{"enter":[null]},"ExportNamedDeclaration":{"enter":[null]},"CatchClause":{"enter":[null]},"AssignmentExpression":{"enter":[null]},"ArrayPattern":{"enter":[null]},"ObjectExpression":{"enter":[null]},"FunctionDeclaration":{"enter":[null]},"FunctionExpression":{"enter":[null]},"ObjectMethod":{"enter":[null]},"ArrowFunctionExpression":{"enter":[null]},"ClassMethod":{"enter":[null]},"ClassPrivateMethod":{"enter":[null]},"ForInStatement":{"enter":[null]},"ForOfStatement":{"enter":[null]},"_exploded":true,"_verified":true},"options":{},"externalDependencies":[]},{"key":"proposal-logical-assignment-operators","visitor":{"AssignmentExpression":{"enter":[null]},"_exploded":true,"_verified":true},"options":{},"externalDependencies":[]},{"key":"transform-arrow-functions","visitor":{"ArrowFunctionExpression":{"enter":[null]},"_exploded":true,"_verified":true},"options":{},"externalDependencies":[]},{"key":"transform-block-scoped-functions","visitor":{"BlockStatement":{"enter":[null]},"SwitchCase":{"enter":[null]},"_exploded":true,"_verified":true},"options":{},"externalDependencies":[]},{"key":"transform-block-scoping","visitor":{"VariableDeclaration":{"enter":[null,null]},"BlockStatement":{"enter":[null]},"SwitchCase":{"enter":[null]},"ClassDeclaration":{"enter":[null]},"DoWhileStatement":{"enter":[null]},"ForInStatement":{"enter":[null]},"ForStatement":{"enter":[null]},"WhileStatement":{"enter":[null]},"ForOfStatement":{"enter":[null]},"_exploded":true,"_verified":true},"options":{},"externalDependencies":[]},{"key":"transform-classes","visitor":{"ExportDefaultDeclaration":{"enter":[null]},"ClassDeclaration":{"enter":[null]},"ClassExpression":{"enter":[null]},"_exploded":true,"_verified":true},"options":{"loose":true},"externalDependencies":[]},{"key":"transform-computed-properties","visitor":{"ObjectExpression":{"exit":[null]},"_exploded":true,"_verified":true},"options":{"loose":true},"externalDependencies":[]},{"key":"transform-destructuring","visitor":{"ExportNamedDeclaration":{"enter":[null]},"CatchClause":{"enter":[null]},"AssignmentExpression":{"enter":[null]},"VariableDeclaration":{"enter":[null]},"_exploded":true,"_verified":true,"ForInStatement":{"enter":[null]},"ForOfStatement":{"enter":[null]}},"options":{},"externalDependencies":[]},{"key":"transform-for-of","visitor":{"ForOfStatement":{"enter":[null]},"_exploded":true,"_verified":true},"options":{"loose":true},"externalDependencies":[]},{"key":"transform-literals","visitor":{"NumericLiteral":{"enter":[null]},"StringLiteral":{"enter":[null]},"_exploded":true,"_verified":true},"options":{},"externalDependencies":[]},{"key":"transform-object-super","visitor":{"ObjectExpression":{"enter":[null]},"_exploded":true,"_verified":true,"DoWhileStatement":{"exit":[null]},"ForInStatement":{"exit":[null]},"ForStatement":{"exit":[null]},"WhileStatement":{"exit":[null]},"ForOfStatement":{"exit":[null]}},"options":{},"externalDependencies":[]},{"key":"transform-parameters","visitor":{"_exploded":true,"_verified":true,"FunctionDeclaration":{"enter":[null]},"FunctionExpression":{"enter":[null]},"ObjectMethod":{"enter":[null]},"ArrowFunctionExpression":{"enter":[null]},"ClassMethod":{"enter":[null]},"ClassPrivateMethod":{"enter":[null]}},"options":{},"externalDependencies":[]},{"key":"transform-shorthand-properties","visitor":{"ObjectMethod":{"enter":[null]},"ObjectProperty":{"enter":[null]},"_exploded":true,"_verified":true},"options":{},"externalDependencies":[]},{"key":"transform-spread","visitor":{"ArrayExpression":{"enter":[null]},"CallExpression":{"enter":[null]},"NewExpression":{"enter":[null]},"_exploded":true,"_verified":true},"options":{},"externalDependencies":[]},{"key":"transform-sticky-regex","visitor":{"RegExpLiteral":{"enter":[null]},"_exploded":true,"_verified":true},"options":{},"externalDependencies":[]},{"key":"transform-template-literals","visitor":{"TaggedTemplateExpression":{"enter":[null]},"TemplateLiteral":{"enter":[null]},"_exploded":true,"_verified":true},"options":{"loose":true},"externalDependencies":[]},{"key":"transform-typeof-symbol","visitor":{"UnaryExpression":{"enter":[null]},"_exploded":true,"_verified":true,"BlockStatement":{"enter":[null]},"CatchClause":{"enter":[null]},"DoWhileStatement":{"enter":[null]},"ForInStatement":{"enter":[null]},"ForStatement":{"enter":[null]},"FunctionDeclaration":{"enter":[null]},"FunctionExpression":{"enter":[null]},"Program":{"enter":[null]},"ObjectMethod":{"enter":[null]},"SwitchStatement":{"enter":[null]},"WhileStatement":{"enter":[null]},"ArrowFunctionExpression":{"enter":[null]},"ClassExpression":{"enter":[null]},"ClassDeclaration":{"enter":[null]},"ForOfStatement":{"enter":[null]},"ClassMethod":{"enter":[null]},"ClassPrivateMethod":{"enter":[null]},"StaticBlock":{"enter":[null]},"TSModuleBlock":{"enter":[null]},"AssignmentPattern":{"enter":[null]},"ArrayPattern":{"enter":[null]},"ObjectPattern":{"enter":[null]}},"options":{},"externalDependencies":[]},{"key":"transform-unicode-regex","visitor":{"RegExpLiteral":{"enter":[null]},"_exploded":true,"_verified":true},"options":{},"externalDependencies":[]},{"key":"transform-property-literals","visitor":{"ObjectProperty":{"exit":[null]},"_exploded":true,"_verified":true},"options":{},"externalDependencies":[]},{"key":"transform-exponentiation-operator","visitor":{"AssignmentExpression":{"enter":[null]},"BinaryExpression":{"enter":[null]},"_exploded":true,"_verified":true},"options":{},"externalDependencies":[]},{"key":"transform-regenerator","visitor":{"ObjectMethod":{"enter":[null],"exit":[null]},"ClassMethod":{"enter":[null],"exit":[null]},"ClassPrivateMethod":{"enter":[null],"exit":[null]},"FunctionDeclaration":{"exit":[null]},"FunctionExpression":{"exit":[null]},"ArrowFunctionExpression":{"exit":[null]},"CallExpression":{"enter":[null]},"_exploded":true,"_verified":true},"options":{},"externalDependencies":[]}],"presets":[],"generatorOpts":{"filename":"/Users/matteodemicheli/Sites/meteor-boilerplate/node_modules/svelte/index.js","comments":true,"compact":false,"sourceMaps":true,"sourceFileName":"node_modules/svelte/index.js","inputSourceMap":{"version":3,"names":["___INIT_METEOR_FAST_REFRESH","module","Object","defineProperty","exports","value","internal","require","enumerable","get","SvelteComponentDev","SvelteComponentTyped","afterUpdate","beforeUpdate","createEventDispatcher","getAllContexts","getContext","hasContext","onDestroy","onMount","setContext","tick"],"sources":["node_modules/svelte/index.js"],"sourcesContent":["'use strict';\n\nObject.defineProperty(exports, '__esModule', { value: true });\n\nvar internal = require('./internal/index.js');\n\n\n\nObject.defineProperty(exports, 'SvelteComponent', {\n\tenumerable: true,\n\tget: function () {\n\t\treturn internal.SvelteComponentDev;\n\t}\n});\nObject.defineProperty(exports, 'SvelteComponentTyped', {\n\tenumerable: true,\n\tget: function () {\n\t\treturn internal.SvelteComponentTyped;\n\t}\n});\nObject.defineProperty(exports, 'afterUpdate', {\n\tenumerable: true,\n\tget: function () {\n\t\treturn internal.afterUpdate;\n\t}\n});\nObject.defineProperty(exports, 'beforeUpdate', {\n\tenumerable: true,\n\tget: function () {\n\t\treturn internal.beforeUpdate;\n\t}\n});\nObject.defineProperty(exports, 'createEventDispatcher', {\n\tenumerable: true,\n\tget: function () {\n\t\treturn internal.createEventDispatcher;\n\t}\n});\nObject.defineProperty(exports, 'getAllContexts', {\n\tenumerable: true,\n\tget: function () {\n\t\treturn internal.getAllContexts;\n\t}\n});\nObject.defineProperty(exports, 'getContext', {\n\tenumerable: true,\n\tget: function () {\n\t\treturn internal.getContext;\n\t}\n});\nObject.defineProperty(exports, 'hasContext', {\n\tenumerable: true,\n\tget: function () {\n\t\treturn internal.hasContext;\n\t}\n});\nObject.defineProperty(exports, 'onDestroy', {\n\tenumerable: true,\n\tget: function () {\n\t\treturn internal.onDestroy;\n\t}\n});\nObject.defineProperty(exports, 'onMount', {\n\tenumerable: true,\n\tget: function () {\n\t\treturn internal.onMount;\n\t}\n});\nObject.defineProperty(exports, 'setContext', {\n\tenumerable: true,\n\tget: function () {\n\t\treturn internal.setContext;\n\t}\n});\nObject.defineProperty(exports, 'tick', {\n\tenumerable: true,\n\tget: function () {\n\t\treturn internal.tick;\n\t}\n});\n"],"mappings":"AAAA,YAAY;;AAACA,2BAAA,CAAAC,MAAA;AAEbC,MAAM,CAACC,cAAc,CAACC,OAAO,EAAE,YAAY,EAAE;EAAEC,KAAK,EAAE;AAAK,CAAC,CAAC;AAE7D,IAAIC,QAAQ,GAAGC,OAAO,CAAC,qBAAqB,CAAC;AAI7CL,MAAM,CAACC,cAAc,CAACC,OAAO,EAAE,iBAAiB,EAAE;EACjDI,UAAU,EAAE,IAAI;EAChBC,GAAG,EAAE,SAAAA,CAAA,EAAY;IAChB,OAAOH,QAAQ,CAACI,kBAAkB;EACnC;AACD,CAAC,CAAC;AACFR,MAAM,CAACC,cAAc,CAACC,OAAO,EAAE,sBAAsB,EAAE;EACtDI,UAAU,EAAE,IAAI;EAChBC,GAAG,EAAE,SAAAA,CAAA,EAAY;IAChB,OAAOH,QAAQ,CAACK,oBAAoB;EACrC;AACD,CAAC,CAAC;AACFT,MAAM,CAACC,cAAc,CAACC,OAAO,EAAE,aAAa,EAAE;EAC7CI,UAAU,EAAE,IAAI;EAChBC,GAAG,EAAE,SAAAA,CAAA,EAAY;IAChB,OAAOH,QAAQ,CAACM,WAAW;EAC5B;AACD,CAAC,CAAC;AACFV,MAAM,CAACC,cAAc,CAACC,OAAO,EAAE,cAAc,EAAE;EAC9CI,UAAU,EAAE,IAAI;EAChBC,GAAG,EAAE,SAAAA,CAAA,EAAY;IAChB,OAAOH,QAAQ,CAACO,YAAY;EAC7B;AACD,CAAC,CAAC;AACFX,MAAM,CAACC,cAAc,CAACC,OAAO,EAAE,uBAAuB,EAAE;EACvDI,UAAU,EAAE,IAAI;EAChBC,GAAG,EAAE,SAAAA,CAAA,EAAY;IAChB,OAAOH,QAAQ,CAACQ,qBAAqB;EACtC;AACD,CAAC,CAAC;AACFZ,MAAM,CAACC,cAAc,CAACC,OAAO,EAAE,gBAAgB,EAAE;EAChDI,UAAU,EAAE,IAAI;EAChBC,GAAG,EAAE,SAAAA,CAAA,EAAY;IAChB,OAAOH,QAAQ,CAACS,cAAc;EAC/B;AACD,CAAC,CAAC;AACFb,MAAM,CAACC,cAAc,CAACC,OAAO,EAAE,YAAY,EAAE;EAC5CI,UAAU,EAAE,IAAI;EAChBC,GAAG,EAAE,SAAAA,CAAA,EAAY;IAChB,OAAOH,QAAQ,CAACU,UAAU;EAC3B;AACD,CAAC,CAAC;AACFd,MAAM,CAACC,cAAc,CAACC,OAAO,EAAE,YAAY,EAAE;EAC5CI,UAAU,EAAE,IAAI;EAChBC,GAAG,EAAE,SAAAA,CAAA,EAAY;IAChB,OAAOH,QAAQ,CAACW,UAAU;EAC3B;AACD,CAAC,CAAC;AACFf,MAAM,CAACC,cAAc,CAACC,OAAO,EAAE,WAAW,EAAE;EAC3CI,UAAU,EAAE,IAAI;EAChBC,GAAG,EAAE,SAAAA,CAAA,EAAY;IAChB,OAAOH,QAAQ,CAACY,SAAS;EAC1B;AACD,CAAC,CAAC;AACFhB,MAAM,CAACC,cAAc,CAACC,OAAO,EAAE,SAAS,EAAE;EACzCI,UAAU,EAAE,IAAI;EAChBC,GAAG,EAAE,SAAAA,CAAA,EAAY;IAChB,OAAOH,QAAQ,CAACa,OAAO;EACxB;AACD,CAAC,CAAC;AACFjB,MAAM,CAACC,cAAc,CAACC,OAAO,EAAE,YAAY,EAAE;EAC5CI,UAAU,EAAE,IAAI;EAChBC,GAAG,EAAE,SAAAA,CAAA,EAAY;IAChB,OAAOH,QAAQ,CAACc,UAAU;EAC3B;AACD,CAAC,CAAC;AACFlB,MAAM,CAACC,cAAc,CAACC,OAAO,EAAE,MAAM,EAAE;EACtCI,UAAU,EAAE,IAAI;EAChBC,GAAG,EAAE,SAAAA,CAAA,EAAY;IAChB,OAAOH,QAAQ,CAACe,IAAI;EACrB;AACD,CAAC,CAAC","ignoreList":[]}}},"code":"'use strict';\n\n!function (module1) {\n  ___INIT_METEOR_FAST_REFRESH(module);\n  Object.defineProperty(exports, '__esModule', {\n    value: true\n  });\n  var internal = require('./internal/index.js');\n  Object.defineProperty(exports, 'SvelteComponent', {\n    enumerable: true,\n    get: function () {\n      return internal.SvelteComponentDev;\n    }\n  });\n  Object.defineProperty(exports, 'SvelteComponentTyped', {\n    enumerable: true,\n    get: function () {\n      return internal.SvelteComponentTyped;\n    }\n  });\n  Object.defineProperty(exports, 'afterUpdate', {\n    enumerable: true,\n    get: function () {\n      return internal.afterUpdate;\n    }\n  });\n  Object.defineProperty(exports, 'beforeUpdate', {\n    enumerable: true,\n    get: function () {\n      return internal.beforeUpdate;\n    }\n  });\n  Object.defineProperty(exports, 'createEventDispatcher', {\n    enumerable: true,\n    get: function () {\n      return internal.createEventDispatcher;\n    }\n  });\n  Object.defineProperty(exports, 'getAllContexts', {\n    enumerable: true,\n    get: function () {\n      return internal.getAllContexts;\n    }\n  });\n  Object.defineProperty(exports, 'getContext', {\n    enumerable: true,\n    get: function () {\n      return internal.getContext;\n    }\n  });\n  Object.defineProperty(exports, 'hasContext', {\n    enumerable: true,\n    get: function () {\n      return internal.hasContext;\n    }\n  });\n  Object.defineProperty(exports, 'onDestroy', {\n    enumerable: true,\n    get: function () {\n      return internal.onDestroy;\n    }\n  });\n  Object.defineProperty(exports, 'onMount', {\n    enumerable: true,\n    get: function () {\n      return internal.onMount;\n    }\n  });\n  Object.defineProperty(exports, 'setContext', {\n    enumerable: true,\n    get: function () {\n      return internal.setContext;\n    }\n  });\n  Object.defineProperty(exports, 'tick', {\n    enumerable: true,\n    get: function () {\n      return internal.tick;\n    }\n  });\n}.call(this, module);","map":{"version":3,"names":["module1","___INIT_METEOR_FAST_REFRESH","module","Object","defineProperty","exports","value","internal","require","enumerable","get","SvelteComponentDev","SvelteComponentTyped","afterUpdate","beforeUpdate","createEventDispatcher","getAllContexts","getContext","hasContext","onDestroy","onMount","setContext","tick","call"],"sources":["node_modules/svelte/index.js"],"sourcesContent":["'use strict';\n\nObject.defineProperty(exports, '__esModule', { value: true });\n\nvar internal = require('./internal/index.js');\n\n\n\nObject.defineProperty(exports, 'SvelteComponent', {\n\tenumerable: true,\n\tget: function () {\n\t\treturn internal.SvelteComponentDev;\n\t}\n});\nObject.defineProperty(exports, 'SvelteComponentTyped', {\n\tenumerable: true,\n\tget: function () {\n\t\treturn internal.SvelteComponentTyped;\n\t}\n});\nObject.defineProperty(exports, 'afterUpdate', {\n\tenumerable: true,\n\tget: function () {\n\t\treturn internal.afterUpdate;\n\t}\n});\nObject.defineProperty(exports, 'beforeUpdate', {\n\tenumerable: true,\n\tget: function () {\n\t\treturn internal.beforeUpdate;\n\t}\n});\nObject.defineProperty(exports, 'createEventDispatcher', {\n\tenumerable: true,\n\tget: function () {\n\t\treturn internal.createEventDispatcher;\n\t}\n});\nObject.defineProperty(exports, 'getAllContexts', {\n\tenumerable: true,\n\tget: function () {\n\t\treturn internal.getAllContexts;\n\t}\n});\nObject.defineProperty(exports, 'getContext', {\n\tenumerable: true,\n\tget: function () {\n\t\treturn internal.getContext;\n\t}\n});\nObject.defineProperty(exports, 'hasContext', {\n\tenumerable: true,\n\tget: function () {\n\t\treturn internal.hasContext;\n\t}\n});\nObject.defineProperty(exports, 'onDestroy', {\n\tenumerable: true,\n\tget: function () {\n\t\treturn internal.onDestroy;\n\t}\n});\nObject.defineProperty(exports, 'onMount', {\n\tenumerable: true,\n\tget: function () {\n\t\treturn internal.onMount;\n\t}\n});\nObject.defineProperty(exports, 'setContext', {\n\tenumerable: true,\n\tget: function () {\n\t\treturn internal.setContext;\n\t}\n});\nObject.defineProperty(exports, 'tick', {\n\tenumerable: true,\n\tget: function () {\n\t\treturn internal.tick;\n\t}\n});\n"],"mappings":"AAAA,YAAY;;AAAA,WAAAA,OAAA;EAACC,2BAAA,CAAAC,MAAA;EAEbC,MAAM,CAACC,cAAc,CAACC,OAAO,EAAE,YAAY,EAAE;IAAEC,KAAK,EAAE;EAAK,CAAC,CAAC;EAE7D,IAAIC,QAAQ,GAAGC,OAAO,CAAC,qBAAqB,CAAC;EAI7CL,MAAM,CAACC,cAAc,CAACC,OAAO,EAAE,iBAAiB,EAAE;IACjDI,UAAU,EAAE,IAAI;IAChBC,GAAG,EAAE,SAAAA,CAAA,EAAY;MAChB,OAAOH,QAAQ,CAACI,kBAAkB;IACnC;EACD,CAAC,CAAC;EACFR,MAAM,CAACC,cAAc,CAACC,OAAO,EAAE,sBAAsB,EAAE;IACtDI,UAAU,EAAE,IAAI;IAChBC,GAAG,EAAE,SAAAA,CAAA,EAAY;MAChB,OAAOH,QAAQ,CAACK,oBAAoB;IACrC;EACD,CAAC,CAAC;EACFT,MAAM,CAACC,cAAc,CAACC,OAAO,EAAE,aAAa,EAAE;IAC7CI,UAAU,EAAE,IAAI;IAChBC,GAAG,EAAE,SAAAA,CAAA,EAAY;MAChB,OAAOH,QAAQ,CAACM,WAAW;IAC5B;EACD,CAAC,CAAC;EACFV,MAAM,CAACC,cAAc,CAACC,OAAO,EAAE,cAAc,EAAE;IAC9CI,UAAU,EAAE,IAAI;IAChBC,GAAG,EAAE,SAAAA,CAAA,EAAY;MAChB,OAAOH,QAAQ,CAACO,YAAY;IAC7B;EACD,CAAC,CAAC;EACFX,MAAM,CAACC,cAAc,CAACC,OAAO,EAAE,uBAAuB,EAAE;IACvDI,UAAU,EAAE,IAAI;IAChBC,GAAG,EAAE,SAAAA,CAAA,EAAY;MAChB,OAAOH,QAAQ,CAACQ,qBAAqB;IACtC;EACD,CAAC,CAAC;EACFZ,MAAM,CAACC,cAAc,CAACC,OAAO,EAAE,gBAAgB,EAAE;IAChDI,UAAU,EAAE,IAAI;IAChBC,GAAG,EAAE,SAAAA,CAAA,EAAY;MAChB,OAAOH,QAAQ,CAACS,cAAc;IAC/B;EACD,CAAC,CAAC;EACFb,MAAM,CAACC,cAAc,CAACC,OAAO,EAAE,YAAY,EAAE;IAC5CI,UAAU,EAAE,IAAI;IAChBC,GAAG,EAAE,SAAAA,CAAA,EAAY;MAChB,OAAOH,QAAQ,CAACU,UAAU;IAC3B;EACD,CAAC,CAAC;EACFd,MAAM,CAACC,cAAc,CAACC,OAAO,EAAE,YAAY,EAAE;IAC5CI,UAAU,EAAE,IAAI;IAChBC,GAAG,EAAE,SAAAA,CAAA,EAAY;MAChB,OAAOH,QAAQ,CAACW,UAAU;IAC3B;EACD,CAAC,CAAC;EACFf,MAAM,CAACC,cAAc,CAACC,OAAO,EAAE,WAAW,EAAE;IAC3CI,UAAU,EAAE,IAAI;IAChBC,GAAG,EAAE,SAAAA,CAAA,EAAY;MAChB,OAAOH,QAAQ,CAACY,SAAS;IAC1B;EACD,CAAC,CAAC;EACFhB,MAAM,CAACC,cAAc,CAACC,OAAO,EAAE,SAAS,EAAE;IACzCI,UAAU,EAAE,IAAI;IAChBC,GAAG,EAAE,SAAAA,CAAA,EAAY;MAChB,OAAOH,QAAQ,CAACa,OAAO;IACxB;EACD,CAAC,CAAC;EACFjB,MAAM,CAACC,cAAc,CAACC,OAAO,EAAE,YAAY,EAAE;IAC5CI,UAAU,EAAE,IAAI;IAChBC,GAAG,EAAE,SAAAA,CAAA,EAAY;MAChB,OAAOH,QAAQ,CAACc,UAAU;IAC3B;EACD,CAAC,CAAC;EACFlB,MAAM,CAACC,cAAc,CAACC,OAAO,EAAE,MAAM,EAAE;IACtCI,UAAU,EAAE,IAAI;IAChBC,GAAG,EAAE,SAAAA,CAAA,EAAY;MAChB,OAAOH,QAAQ,CAACe,IAAI;IACrB;EACD,CAAC,CAAC;AAAA,EAAAC,IAAA,OAAArB,MAAA","ignoreList":[]},"sourceType":"module","externalDependencies":{},"hash":"a17106a3f8d0c72f0395ddb4bea4b02e3145ba1e"}
