{"metadata":{},"options":{"assumptions":{},"compact":false,"sourceMaps":true,"ast":true,"babelrc":false,"configFile":false,"parserOpts":{"sourceType":"module","sourceFileName":"/Users/matteodemicheli/Sites/meteor-boilerplate/packages/allow-deny/allow-deny.js","plugins":["*","flow","jsx","asyncGenerators","bigInt","classPrivateMethods","classPrivateProperties","classProperties","doExpressions","dynamicImport","exportDefaultFrom","exportExtensions","exportNamespaceFrom","functionBind","functionSent","importMeta","nullishCoalescingOperator","numericSeparator","objectRestSpread","optionalCatchBinding","optionalChaining",["pipelineOperator",{"proposal":"minimal"}],"throwExpressions","topLevelAwait","classProperties","classPrivateProperties","jsx","nullishCoalescingOperator","nullishCoalescingOperator","optionalChaining","optionalChaining","optionalCatchBinding","optionalCatchBinding","classProperties","classPrivateProperties","classPrivateMethods","classProperties","classPrivateProperties","asyncGenerators","asyncGenerators","objectRestSpread","objectRestSpread","logicalAssignment"],"allowImportExportEverywhere":true,"allowReturnOutsideFunction":true,"allowUndeclaredExports":true,"strictMode":false},"caller":{"name":"meteor","arch":"web.browser"},"sourceFileName":"packages/allow-deny/allow-deny.js","filename":"/Users/matteodemicheli/Sites/meteor-boilerplate/packages/allow-deny/allow-deny.js","targets":{},"cloneInputAst":true,"browserslistConfigFile":false,"passPerPreset":false,"envName":"development","cwd":"/Users/matteodemicheli/Sites/meteor-boilerplate","root":"/Users/matteodemicheli/Sites/meteor-boilerplate","rootMode":"root","plugins":[{"key":"base$0","visitor":{"_exploded":true,"_verified":true},"options":{},"externalDependencies":[]},{"key":"base$0$0","visitor":{"Program":{"enter":[null],"exit":[null]},"_exploded":true,"_verified":true},"options":{"avoidModernSyntax":false,"enforceStrictMode":false,"dynamicImport":true,"generateLetDeclarations":true},"externalDependencies":[]},{"key":"transform-runtime","visitor":{"MemberExpression":{"enter":[null]},"ObjectPattern":{"enter":[null]},"BinaryExpression":{"enter":[null]},"Identifier":{"enter":[null]},"JSXIdentifier":{"enter":[null]},"_exploded":true,"_verified":true},"options":{"version":"7.17.2","helpers":true,"useESModules":false,"corejs":false},"externalDependencies":[]},{"key":"proposal-class-properties","visitor":{"ExportDefaultDeclaration":{"enter":[null]},"_exploded":true,"_verified":true,"ClassExpression":{"enter":[null]},"ClassDeclaration":{"enter":[null]}},"options":{"loose":true},"externalDependencies":[]},{"key":"transform-react-jsx","visitor":{"JSXNamespacedName":{"enter":[null]},"JSXSpreadChild":{"enter":[null]},"Program":{"enter":[null]},"JSXFragment":{"exit":[null]},"JSXElement":{"exit":[null]},"JSXAttribute":{"enter":[null]},"_exploded":true,"_verified":true},"options":{"pragma":"React.createElement","pragmaFrag":"React.Fragment","runtime":"classic","throwIfNamespace":true,"useBuiltIns":false},"externalDependencies":[]},{"key":"transform-react-display-name","visitor":{"ExportDefaultDeclaration":{"enter":[null]},"CallExpression":{"enter":[null]},"_exploded":true,"_verified":true},"options":{},"externalDependencies":[]},{"key":"transform-react-pure-annotations","visitor":{"CallExpression":{"enter":[null]},"_exploded":true,"_verified":true},"options":{},"externalDependencies":[]},{"key":"syntax-nullish-coalescing-operator","visitor":{"_exploded":true,"_verified":true},"options":{},"externalDependencies":[]},{"key":"proposal-nullish-coalescing-operator","visitor":{"LogicalExpression":{"enter":[null]},"_exploded":true,"_verified":true},"options":{},"externalDependencies":[]},{"key":"syntax-optional-chaining","visitor":{"_exploded":true,"_verified":true},"options":{},"externalDependencies":[]},{"key":"proposal-optional-chaining","visitor":{"OptionalCallExpression":{"enter":[null]},"OptionalMemberExpression":{"enter":[null]},"_exploded":true,"_verified":true},"options":{},"externalDependencies":[]},{"key":"syntax-optional-catch-binding","visitor":{"_exploded":true,"_verified":true},"options":{},"externalDependencies":[]},{"key":"proposal-optional-catch-binding","visitor":{"CatchClause":{"enter":[null]},"_exploded":true,"_verified":true},"options":{},"externalDependencies":[]},{"key":"syntax-class-properties","visitor":{"_exploded":true,"_verified":true},"options":{},"externalDependencies":[]},{"key":"proposal-class-properties","visitor":{"ExportDefaultDeclaration":{"enter":[null]},"_exploded":true,"_verified":true,"ClassExpression":{"enter":[null]},"ClassDeclaration":{"enter":[null]}},"options":{},"externalDependencies":[]},{"key":"syntax-async-generators","visitor":{"_exploded":true,"_verified":true},"options":{},"externalDependencies":[]},{"key":"proposal-async-generator-functions","visitor":{"Program":{"enter":[null]},"_exploded":true,"_verified":true},"options":{},"externalDependencies":[]},{"key":"syntax-object-rest-spread","visitor":{"_exploded":true,"_verified":true},"options":{},"externalDependencies":[]},{"key":"proposal-object-rest-spread","visitor":{"VariableDeclarator":{"enter":[null]},"ExportNamedDeclaration":{"enter":[null]},"CatchClause":{"enter":[null]},"AssignmentExpression":{"enter":[null]},"ArrayPattern":{"enter":[null]},"ObjectExpression":{"enter":[null]},"FunctionDeclaration":{"enter":[null]},"FunctionExpression":{"enter":[null]},"ObjectMethod":{"enter":[null]},"ArrowFunctionExpression":{"enter":[null]},"ClassMethod":{"enter":[null]},"ClassPrivateMethod":{"enter":[null]},"ForInStatement":{"enter":[null]},"ForOfStatement":{"enter":[null]},"_exploded":true,"_verified":true},"options":{},"externalDependencies":[]},{"key":"proposal-logical-assignment-operators","visitor":{"AssignmentExpression":{"enter":[null]},"_exploded":true,"_verified":true},"options":{},"externalDependencies":[]},{"key":"transform-literals","visitor":{"NumericLiteral":{"enter":[null]},"StringLiteral":{"enter":[null]},"_exploded":true,"_verified":true},"options":{},"externalDependencies":[]},{"key":"transform-template-literals","visitor":{"TaggedTemplateExpression":{"enter":[null]},"TemplateLiteral":{"enter":[null]},"_exploded":true,"_verified":true},"options":{},"externalDependencies":[]},{"key":"transform-parameters","visitor":{"_exploded":true,"_verified":true,"FunctionDeclaration":{"enter":[null]},"FunctionExpression":{"enter":[null]},"ObjectMethod":{"enter":[null]},"ArrowFunctionExpression":{"enter":[null]},"ClassMethod":{"enter":[null]},"ClassPrivateMethod":{"enter":[null]}},"options":{},"externalDependencies":[]},{"key":"transform-exponentiation-operator","visitor":{"AssignmentExpression":{"enter":[null]},"BinaryExpression":{"enter":[null]},"_exploded":true,"_verified":true},"options":{},"externalDependencies":[]}],"presets":[],"generatorOpts":{"filename":"/Users/matteodemicheli/Sites/meteor-boilerplate/packages/allow-deny/allow-deny.js","comments":true,"compact":false,"sourceMaps":true,"sourceFileName":"packages/allow-deny/allow-deny.js"}},"code":"let _objectSpread;\nmodule.link(\"@babel/runtime/helpers/objectSpread2\", {\n  default(v) {\n    _objectSpread = v;\n  }\n}, 0);\n///\n/// Remote methods and access control.\n///\n\nconst hasOwn = Object.prototype.hasOwnProperty;\n\n// Restrict default mutators on collection. allow() and deny() take the\n// same options:\n//\n// options.insertAsync {Function(userId, doc)}\n//   return true to allow/deny adding this document\n//\n// options.updateAsync {Function(userId, docs, fields, modifier)}\n//   return true to allow/deny updating these documents.\n//   `fields` is passed as an array of fields that are to be modified\n//\n// options.removeAsync {Function(userId, docs)}\n//   return true to allow/deny removing these documents\n//\n// options.fetch {Array}\n//   Fields to fetch for these validators. If any call to allow or deny\n//   does not have this option then all fields are loaded.\n//\n// allow and deny can be called multiple times. The validators are\n// evaluated as follows:\n// - If neither deny() nor allow() has been called on the collection,\n//   then the request is allowed if and only if the \"insecure\" smart\n//   package is in use.\n// - Otherwise, if any deny() function returns true, the request is denied.\n// - Otherwise, if any allow() function returns true, the request is allowed.\n// - Otherwise, the request is denied.\n//\n// Meteor may call your deny() and allow() functions in any order, and may not\n// call all of them if it is able to make a decision without calling them all\n// (so don't include side effects).\n\nAllowDeny = {\n  CollectionPrototype: {}\n};\n\n// In the `mongo` package, we will extend Mongo.Collection.prototype with these\n// methods\nconst CollectionPrototype = AllowDeny.CollectionPrototype;\n\n/**\n * @summary Allow users to write directly to this collection from client code, subject to limitations you define.\n * @locus Server\n * @method allow\n * @memberOf Mongo.Collection\n * @instance\n * @param {Object} options\n * @param {Function} options.insertAsync,updateAsync,removeAsync Functions that look at a proposed modification to the database and return true if it should be allowed.\n * @param {String[]} options.fetch Optional performance enhancement. Limits the fields that will be fetched from the database for inspection by your `update` and `remove` functions.\n * @param {Function} options.transform Overrides `transform` on the  [`Collection`](#collections).  Pass `null` to disable transformation.\n */\nCollectionPrototype.allow = function (options) {\n  addValidator(this, 'allow', options);\n};\n\n/**\n * @summary Override `allow` rules.\n * @locus Server\n * @method deny\n * @memberOf Mongo.Collection\n * @instance\n * @param {Object} options\n * @param {Function} options.insertAsync,updateAsync,removeAsync Functions that look at a proposed modification to the database and return true if it should be denied, even if an [allow](#allow) rule says otherwise.\n * @param {String[]} options.fetch Optional performance enhancement. Limits the fields that will be fetched from the database for inspection by your `update` and `remove` functions.\n * @param {Function} options.transform Overrides `transform` on the  [`Collection`](#collections).  Pass `null` to disable transformation.\n */\nCollectionPrototype.deny = function (options) {\n  addValidator(this, 'deny', options);\n};\nCollectionPrototype._defineMutationMethods = function (options) {\n  const self = this;\n  options = options || {};\n\n  // set to true once we call any allow or deny methods. If true, use\n  // allow/deny semantics. If false, use insecure mode semantics.\n  self._restricted = false;\n\n  // Insecure mode (default to allowing writes). Defaults to 'undefined' which\n  // means insecure iff the insecure package is loaded. This property can be\n  // overriden by tests or packages wishing to change insecure mode behavior of\n  // their collections.\n  self._insecure = undefined;\n  self._validators = {\n    insert: {\n      allow: [],\n      deny: []\n    },\n    update: {\n      allow: [],\n      deny: []\n    },\n    remove: {\n      allow: [],\n      deny: []\n    },\n    insertAsync: {\n      allow: [],\n      deny: []\n    },\n    updateAsync: {\n      allow: [],\n      deny: []\n    },\n    removeAsync: {\n      allow: [],\n      deny: []\n    },\n    upsertAsync: {\n      allow: [],\n      deny: []\n    },\n    // dummy arrays; can't set these!\n    fetch: [],\n    fetchAllFields: false\n  };\n  if (!self._name) return; // anonymous collection\n\n  // XXX Think about method namespacing. Maybe methods should be\n  // \"Meteor:Mongo:insertAsync/NAME\"?\n  self._prefix = '/' + self._name + '/';\n\n  // Mutation Methods\n  // Minimongo on the server gets no stubs; instead, by default\n  // it wait()s until its result is ready, yielding.\n  // This matches the behavior of macromongo on the server better.\n  // XXX see #MeteorServerNull\n  if (self._connection && (self._connection === Meteor.server || Meteor.isClient)) {\n    const m = {};\n    ['insertAsync', 'updateAsync', 'removeAsync', 'insert', 'update', 'remove'].forEach(method => {\n      const methodName = self._prefix + method;\n      if (options.useExisting) {\n        const handlerPropName = Meteor.isClient ? '_methodHandlers' : 'method_handlers';\n        // Do not try to create additional methods if this has already been called.\n        // (Otherwise the .methods() call below will throw an error.)\n        if (self._connection[handlerPropName] && typeof self._connection[handlerPropName][methodName] === 'function') return;\n      }\n      const isInsert = name => name.includes('insert');\n      m[methodName] = function /* ... */\n      () {\n        // All the methods do their own validation, instead of using check().\n        check(arguments, [Match.Any]);\n        const args = Array.from(arguments);\n        try {\n          // For an insert/insertAsync, if the client didn't specify an _id, generate one\n          // now; because this uses DDP.randomStream, it will be consistent with\n          // what the client generated. We generate it now rather than later so\n          // that if (eg) an allow/deny rule does an insert/insertAsync to the same\n          // collection (not that it really should), the generated _id will\n          // still be the first use of the stream and will be consistent.\n          //\n          // However, we don't actually stick the _id onto the document yet,\n          // because we want allow/deny rules to be able to differentiate\n          // between arbitrary client-specified _id fields and merely\n          // client-controlled-via-randomSeed fields.\n          let generatedId = null;\n          if (isInsert(method) && !hasOwn.call(args[0], '_id')) {\n            generatedId = self._makeNewID();\n          }\n          if (this.isSimulation) {\n            // In a client simulation, you can do any mutation (even with a\n            // complex selector).\n            if (generatedId !== null) {\n              args[0]._id = generatedId;\n            }\n            return self._collection[method].apply(self._collection, args);\n          }\n\n          // This is the server receiving a method call from the client.\n\n          // We don't allow arbitrary selectors in mutations from the client: only\n          // single-ID selectors.\n          if (!isInsert(method)) throwIfSelectorIsNotId(args[0], method);\n          if (self._restricted) {\n            // short circuit if there is no way it will pass.\n            if (self._validators[method].allow.length === 0) {\n              throw new Meteor.Error(403, 'Access denied. No allow validators set on restricted ' + \"collection for method '\" + method + \"'.\");\n            }\n            const syncMethodName = method.replace('Async', '');\n            const syncValidatedMethodName = '_validated' + method.charAt(0).toUpperCase() + syncMethodName.slice(1);\n            // it forces to use async validated behavior on the server\n            const validatedMethodName = Meteor.isServer ? syncValidatedMethodName + 'Async' : syncValidatedMethodName;\n            args.unshift(this.userId);\n            isInsert(method) && args.push(generatedId);\n            return self[validatedMethodName].apply(self, args);\n          } else if (self._isInsecure()) {\n            if (generatedId !== null) args[0]._id = generatedId;\n            // In insecure mode we use the server _collection methods, and these sync methods\n            // do not exist in the server anymore, so we have this mapper to call the async methods\n            // instead.\n            const syncMethodsMapper = {\n              insert: \"insertAsync\",\n              update: \"updateAsync\",\n              remove: \"removeAsync\"\n            };\n\n            // In insecure mode, allow any mutation (with a simple selector).\n            // XXX This is kind of bogus.  Instead of blindly passing whatever\n            //     we get from the network to this function, we should actually\n            //     know the correct arguments for the function and pass just\n            //     them.  For example, if you have an extraneous extra null\n            //     argument and this is Mongo on the server, the .wrapAsync'd\n            //     functions like update will get confused and pass the\n            //     \"fut.resolver()\" in the wrong slot, where _update will never\n            //     invoke it. Bam, broken DDP connection.  Probably should just\n            //     take this whole method and write it three times, invoking\n            //     helpers for the common code.\n            return self._collection[syncMethodsMapper[method] || method].apply(self._collection, args);\n          } else {\n            // In secure mode, if we haven't called allow or deny, then nothing\n            // is permitted.\n            throw new Meteor.Error(403, 'Access denied');\n          }\n        } catch (e) {\n          if (e.name === 'MongoError' ||\n          // for old versions of MongoDB (probably not necessary but it's here just in case)\n          e.name === 'BulkWriteError' ||\n          // for newer versions of MongoDB (https://docs.mongodb.com/drivers/node/current/whats-new/#bulkwriteerror---mongobulkwriteerror)\n          e.name === 'MongoBulkWriteError' || e.name === 'MinimongoError') {\n            throw new Meteor.Error(409, e.toString());\n          } else {\n            throw e;\n          }\n        }\n      };\n    });\n    self._connection.methods(m);\n  }\n};\nCollectionPrototype._updateFetch = function (fields) {\n  const self = this;\n  if (!self._validators.fetchAllFields) {\n    if (fields) {\n      const union = Object.create(null);\n      const add = names => names && names.forEach(name => union[name] = 1);\n      add(self._validators.fetch);\n      add(fields);\n      self._validators.fetch = Object.keys(union);\n    } else {\n      self._validators.fetchAllFields = true;\n      // clear fetch just to make sure we don't accidentally read it\n      self._validators.fetch = null;\n    }\n  }\n};\nCollectionPrototype._isInsecure = function () {\n  const self = this;\n  if (self._insecure === undefined) return !!Package.insecure;\n  return self._insecure;\n};\nasync function asyncSome(array, predicate) {\n  for (let item of array) {\n    if (await predicate(item)) {\n      return true;\n    }\n  }\n  return false;\n}\nasync function asyncEvery(array, predicate) {\n  for (let item of array) {\n    if (!(await predicate(item))) {\n      return false;\n    }\n  }\n  return true;\n}\nCollectionPrototype._validatedInsertAsync = async function (userId, doc, generatedId) {\n  const self = this;\n  // call user validators.\n  // Any deny returns true means denied.\n  if (await asyncSome(self._validators.insertAsync.deny, async validator => {\n    const result = validator(userId, docToValidate(validator, doc, generatedId));\n    return Meteor._isPromise(result) ? await result : result;\n  })) {\n    throw new Meteor.Error(403, \"Access denied\");\n  }\n  // Any allow returns true means proceed. Throw error if they all fail.\n\n  if (await asyncEvery(self._validators.insertAsync.allow, async validator => {\n    const result = validator(userId, docToValidate(validator, doc, generatedId));\n    return !(Meteor._isPromise(result) ? await result : result);\n  })) {\n    throw new Meteor.Error(403, \"Access denied\");\n  }\n\n  // If we generated an ID above, insertAsync it now: after the validation, but\n  // before actually inserting.\n  if (generatedId !== null) doc._id = generatedId;\n  return self._collection.insertAsync.call(self._collection, doc);\n};\nCollectionPrototype._validatedInsert = function (userId, doc, generatedId) {\n  const self = this;\n\n  // call user validators.\n  // Any deny returns true means denied.\n  if (self._validators.insert.deny.some(validator => {\n    return validator(userId, docToValidate(validator, doc, generatedId));\n  })) {\n    throw new Meteor.Error(403, \"Access denied\");\n  }\n  // Any allow returns true means proceed. Throw error if they all fail.\n\n  if (self._validators.insert.allow.every(validator => {\n    return !validator(userId, docToValidate(validator, doc, generatedId));\n  })) {\n    throw new Meteor.Error(403, \"Access denied\");\n  }\n\n  // If we generated an ID above, insert it now: after the validation, but\n  // before actually inserting.\n  if (generatedId !== null) doc._id = generatedId;\n  return (Meteor.isServer ? self._collection.insertAsync : self._collection.insert).call(self._collection, doc);\n};\n\n// Simulate a mongo `update` operation while validating that the access\n// control rules set by calls to `allow/deny` are satisfied. If all\n// pass, rewrite the mongo operation to use $in to set the list of\n// document ids to change ##ValidatedChange\nCollectionPrototype._validatedUpdateAsync = async function (userId, selector, mutator, options) {\n  const self = this;\n  check(mutator, Object);\n  options = Object.assign(Object.create(null), options);\n  if (!LocalCollection._selectorIsIdPerhapsAsObject(selector)) throw new Error(\"validated update should be of a single ID\");\n\n  // We don't support upserts because they don't fit nicely into allow/deny\n  // rules.\n  if (options.upsert) throw new Meteor.Error(403, \"Access denied. Upserts not \" + \"allowed in a restricted collection.\");\n  const noReplaceError = \"Access denied. In a restricted collection you can only\" + \" update documents, not replace them. Use a Mongo update operator, such \" + \"as '$set'.\";\n  const mutatorKeys = Object.keys(mutator);\n\n  // compute modified fields\n  const modifiedFields = {};\n  if (mutatorKeys.length === 0) {\n    throw new Meteor.Error(403, noReplaceError);\n  }\n  mutatorKeys.forEach(op => {\n    const params = mutator[op];\n    if (op.charAt(0) !== '$') {\n      throw new Meteor.Error(403, noReplaceError);\n    } else if (!hasOwn.call(ALLOWED_UPDATE_OPERATIONS, op)) {\n      throw new Meteor.Error(403, \"Access denied. Operator \" + op + \" not allowed in a restricted collection.\");\n    } else {\n      Object.keys(params).forEach(field => {\n        // treat dotted fields as if they are replacing their\n        // top-level part\n        if (field.indexOf('.') !== -1) field = field.substring(0, field.indexOf('.'));\n\n        // record the field we are trying to change\n        modifiedFields[field] = true;\n      });\n    }\n  });\n  const fields = Object.keys(modifiedFields);\n  const findOptions = {\n    transform: null\n  };\n  if (!self._validators.fetchAllFields) {\n    findOptions.fields = {};\n    self._validators.fetch.forEach(fieldName => {\n      findOptions.fields[fieldName] = 1;\n    });\n  }\n  const doc = await self._collection.findOneAsync(selector, findOptions);\n  if (!doc)\n    // none satisfied!\n    return 0;\n\n  // call user validators.\n  // Any deny returns true means denied.\n  if (await asyncSome(self._validators.updateAsync.deny, async validator => {\n    const factoriedDoc = transformDoc(validator, doc);\n    const result = validator(userId, factoriedDoc, fields, mutator);\n    return Meteor._isPromise(result) ? await result : result;\n  })) {\n    throw new Meteor.Error(403, \"Access denied\");\n  }\n  // Any allow returns true means proceed. Throw error if they all fail.\n  if (await asyncEvery(self._validators.updateAsync.allow, async validator => {\n    const factoriedDoc = transformDoc(validator, doc);\n    const result = validator(userId, factoriedDoc, fields, mutator);\n    return !(Meteor._isPromise(result) ? await result : result);\n  })) {\n    throw new Meteor.Error(403, \"Access denied\");\n  }\n  options._forbidReplace = true;\n\n  // Back when we supported arbitrary client-provided selectors, we actually\n  // rewrote the selector to include an _id clause before passing to Mongo to\n  // avoid races, but since selector is guaranteed to already just be an ID, we\n  // don't have to any more.\n\n  return self._collection.updateAsync.call(self._collection, selector, mutator, options);\n};\nCollectionPrototype._validatedUpdate = function (userId, selector, mutator, options) {\n  const self = this;\n  check(mutator, Object);\n  options = Object.assign(Object.create(null), options);\n  if (!LocalCollection._selectorIsIdPerhapsAsObject(selector)) throw new Error(\"validated update should be of a single ID\");\n\n  // We don't support upserts because they don't fit nicely into allow/deny\n  // rules.\n  if (options.upsert) throw new Meteor.Error(403, \"Access denied. Upserts not \" + \"allowed in a restricted collection.\");\n  const noReplaceError = \"Access denied. In a restricted collection you can only\" + \" update documents, not replace them. Use a Mongo update operator, such \" + \"as '$set'.\";\n  const mutatorKeys = Object.keys(mutator);\n\n  // compute modified fields\n  const modifiedFields = {};\n  if (mutatorKeys.length === 0) {\n    throw new Meteor.Error(403, noReplaceError);\n  }\n  mutatorKeys.forEach(op => {\n    const params = mutator[op];\n    if (op.charAt(0) !== '$') {\n      throw new Meteor.Error(403, noReplaceError);\n    } else if (!hasOwn.call(ALLOWED_UPDATE_OPERATIONS, op)) {\n      throw new Meteor.Error(403, \"Access denied. Operator \" + op + \" not allowed in a restricted collection.\");\n    } else {\n      Object.keys(params).forEach(field => {\n        // treat dotted fields as if they are replacing their\n        // top-level part\n        if (field.indexOf('.') !== -1) field = field.substring(0, field.indexOf('.'));\n\n        // record the field we are trying to change\n        modifiedFields[field] = true;\n      });\n    }\n  });\n  const fields = Object.keys(modifiedFields);\n  const findOptions = {\n    transform: null\n  };\n  if (!self._validators.fetchAllFields) {\n    findOptions.fields = {};\n    self._validators.fetch.forEach(fieldName => {\n      findOptions.fields[fieldName] = 1;\n    });\n  }\n  const doc = self._collection.findOne(selector, findOptions);\n  if (!doc)\n    // none satisfied!\n    return 0;\n\n  // call user validators.\n  // Any deny returns true means denied.\n  if (self._validators.update.deny.some(validator => {\n    const factoriedDoc = transformDoc(validator, doc);\n    return validator(userId, factoriedDoc, fields, mutator);\n  })) {\n    throw new Meteor.Error(403, \"Access denied\");\n  }\n  // Any allow returns true means proceed. Throw error if they all fail.\n  if (self._validators.update.allow.every(validator => {\n    const factoriedDoc = transformDoc(validator, doc);\n    return !validator(userId, factoriedDoc, fields, mutator);\n  })) {\n    throw new Meteor.Error(403, \"Access denied\");\n  }\n  options._forbidReplace = true;\n\n  // Back when we supported arbitrary client-provided selectors, we actually\n  // rewrote the selector to include an _id clause before passing to Mongo to\n  // avoid races, but since selector is guaranteed to already just be an ID, we\n  // don't have to any more.\n\n  return self._collection.update.call(self._collection, selector, mutator, options);\n};\n\n// Only allow these operations in validated updates. Specifically\n// whitelist operations, rather than blacklist, so new complex\n// operations that are added aren't automatically allowed. A complex\n// operation is one that does more than just modify its target\n// field. For now this contains all update operations except '$rename'.\n// http://docs.mongodb.org/manual/reference/operators/#update\nconst ALLOWED_UPDATE_OPERATIONS = {\n  $inc: 1,\n  $set: 1,\n  $unset: 1,\n  $addToSet: 1,\n  $pop: 1,\n  $pullAll: 1,\n  $pull: 1,\n  $pushAll: 1,\n  $push: 1,\n  $bit: 1\n};\n\n// Simulate a mongo `remove` operation while validating access control\n// rules. See #ValidatedChange\nCollectionPrototype._validatedRemoveAsync = async function (userId, selector) {\n  const self = this;\n  const findOptions = {\n    transform: null\n  };\n  if (!self._validators.fetchAllFields) {\n    findOptions.fields = {};\n    self._validators.fetch.forEach(fieldName => {\n      findOptions.fields[fieldName] = 1;\n    });\n  }\n  const doc = await self._collection.findOneAsync(selector, findOptions);\n  if (!doc) return 0;\n\n  // call user validators.\n  // Any deny returns true means denied.\n  if (await asyncSome(self._validators.removeAsync.deny, async validator => {\n    const result = validator(userId, transformDoc(validator, doc));\n    return Meteor._isPromise(result) ? await result : result;\n  })) {\n    throw new Meteor.Error(403, \"Access denied\");\n  }\n  // Any allow returns true means proceed. Throw error if they all fail.\n  if (await asyncEvery(self._validators.removeAsync.allow, async validator => {\n    const result = validator(userId, transformDoc(validator, doc));\n    return !(Meteor._isPromise(result) ? await result : result);\n  })) {\n    throw new Meteor.Error(403, \"Access denied\");\n  }\n\n  // Back when we supported arbitrary client-provided selectors, we actually\n  // rewrote the selector to {_id: {$in: [ids that we found]}} before passing to\n  // Mongo to avoid races, but since selector is guaranteed to already just be\n  // an ID, we don't have to any more.\n\n  return self._collection.removeAsync.call(self._collection, selector);\n};\nCollectionPrototype._validatedRemove = function (userId, selector) {\n  const self = this;\n  const findOptions = {\n    transform: null\n  };\n  if (!self._validators.fetchAllFields) {\n    findOptions.fields = {};\n    self._validators.fetch.forEach(fieldName => {\n      findOptions.fields[fieldName] = 1;\n    });\n  }\n  const doc = self._collection.findOne(selector, findOptions);\n  if (!doc) return 0;\n\n  // call user validators.\n  // Any deny returns true means denied.\n  if (self._validators.remove.deny.some(validator => {\n    return validator(userId, transformDoc(validator, doc));\n  })) {\n    throw new Meteor.Error(403, \"Access denied\");\n  }\n  // Any allow returns true means proceed. Throw error if they all fail.\n  if (self._validators.remove.allow.every(validator => {\n    return !validator(userId, transformDoc(validator, doc));\n  })) {\n    throw new Meteor.Error(403, \"Access denied\");\n  }\n\n  // Back when we supported arbitrary client-provided selectors, we actually\n  // rewrote the selector to {_id: {$in: [ids that we found]}} before passing to\n  // Mongo to avoid races, but since selector is guaranteed to already just be\n  // an ID, we don't have to any more.\n\n  return self._collection.remove.call(self._collection, selector);\n};\nCollectionPrototype._callMutatorMethodAsync = function _callMutatorMethodAsync(name, args) {\n  let options = arguments.length > 2 && arguments[2] !== undefined ? arguments[2] : {};\n  // For two out of three mutator methods, the first argument is a selector\n  const firstArgIsSelector = name === \"updateAsync\" || name === \"removeAsync\";\n  if (firstArgIsSelector && !alreadyInSimulation()) {\n    // If we're about to actually send an RPC, we should throw an error if\n    // this is a non-ID selector, because the mutation methods only allow\n    // single-ID selectors. (If we don't throw here, we'll see flicker.)\n    throwIfSelectorIsNotId(args[0], name);\n  }\n  const mutatorMethodName = this._prefix + name;\n  return this._connection.applyAsync(mutatorMethodName, args, _objectSpread({\n    returnStubValue: this.resolverType === 'stub' || this.resolverType == null,\n    // StubStream is only used for testing where you don't care about the server\n    returnServerResultPromise: !this._connection._stream._isStub && this.resolverType !== 'stub'\n  }, options));\n};\nCollectionPrototype._callMutatorMethod = function _callMutatorMethod(name, args, callback) {\n  if (Meteor.isClient && !callback && !alreadyInSimulation()) {\n    // Client can't block, so it can't report errors by exception,\n    // only by callback. If they forget the callback, give them a\n    // default one that logs the error, so they aren't totally\n    // baffled if their writes don't work because their database is\n    // down.\n    // Don't give a default callback in simulation, because inside stubs we\n    // want to return the results from the local collection immediately and\n    // not force a callback.\n    callback = function (err) {\n      if (err) Meteor._debug(name + \" failed\", err);\n    };\n  }\n\n  // For two out of three mutator methods, the first argument is a selector\n  const firstArgIsSelector = name === \"update\" || name === \"remove\";\n  if (firstArgIsSelector && !alreadyInSimulation()) {\n    // If we're about to actually send an RPC, we should throw an error if\n    // this is a non-ID selector, because the mutation methods only allow\n    // single-ID selectors. (If we don't throw here, we'll see flicker.)\n    throwIfSelectorIsNotId(args[0], name);\n  }\n  const mutatorMethodName = this._prefix + name;\n  return this._connection.apply(mutatorMethodName, args, {\n    returnStubValue: true\n  }, callback);\n};\nfunction transformDoc(validator, doc) {\n  if (validator.transform) return validator.transform(doc);\n  return doc;\n}\nfunction docToValidate(validator, doc, generatedId) {\n  let ret = doc;\n  if (validator.transform) {\n    ret = EJSON.clone(doc);\n    // If you set a server-side transform on your collection, then you don't get\n    // to tell the difference between \"client specified the ID\" and \"server\n    // generated the ID\", because transforms expect to get _id.  If you want to\n    // do that check, you can do it with a specific\n    // `C.allow({insertAsync: f, transform: null})` validator.\n    if (generatedId !== null) {\n      ret._id = generatedId;\n    }\n    ret = validator.transform(ret);\n  }\n  return ret;\n}\nfunction addValidator(collection, allowOrDeny, options) {\n  // validate keys\n  const validKeysRegEx = /^(?:insertAsync|updateAsync|removeAsync|insert|update|remove|fetch|transform)$/;\n  Object.keys(options).forEach(key => {\n    if (!validKeysRegEx.test(key)) throw new Error(allowOrDeny + \": Invalid key: \" + key);\n  });\n  collection._restricted = true;\n  ['insertAsync', 'updateAsync', 'removeAsync', 'insert', 'update', 'remove'].forEach(name => {\n    if (hasOwn.call(options, name)) {\n      if (!(options[name] instanceof Function)) {\n        throw new Error(allowOrDeny + ': Value for `' + name + '` must be a function');\n      }\n\n      // If the transform is specified at all (including as 'null') in this\n      // call, then take that; otherwise, take the transform from the\n      // collection.\n      if (options.transform === undefined) {\n        options[name].transform = collection._transform; // already wrapped\n      } else {\n        options[name].transform = LocalCollection.wrapTransform(options.transform);\n      }\n      collection._validators[name][allowOrDeny].push(options[name]);\n    }\n  });\n\n  // Only updateAsync the fetch fields if we're passed things that affect\n  // fetching. This way allow({}) and allow({insertAsync: f}) don't result in\n  // setting fetchAllFields\n  if (options.updateAsync || options.removeAsync || options.fetch) {\n    if (options.fetch && !(options.fetch instanceof Array)) {\n      throw new Error(allowOrDeny + \": Value for `fetch` must be an array\");\n    }\n    collection._updateFetch(options.fetch);\n  }\n}\nfunction throwIfSelectorIsNotId(selector, methodName) {\n  if (!LocalCollection._selectorIsIdPerhapsAsObject(selector)) {\n    throw new Meteor.Error(403, \"Not permitted. Untrusted code may only \" + methodName + \" documents by ID.\");\n  }\n}\n;\n\n// Determine if we are in a DDP method simulation\nfunction alreadyInSimulation() {\n  var CurrentInvocation = DDP._CurrentMethodInvocation ||\n  // For backwards compatibility, as explained in this issue:\n  // https://github.com/meteor/meteor/issues/8947\n  DDP._CurrentInvocation;\n  const enclosing = CurrentInvocation.get();\n  return enclosing && enclosing.isSimulation;\n}","map":{"version":3,"names":["_objectSpread","module","link","default","v","hasOwn","Object","prototype","hasOwnProperty","AllowDeny","CollectionPrototype","allow","options","addValidator","deny","_defineMutationMethods","self","_restricted","_insecure","undefined","_validators","insert","update","remove","insertAsync","updateAsync","removeAsync","upsertAsync","fetch","fetchAllFields","_name","_prefix","_connection","Meteor","server","isClient","m","forEach","method","methodName","useExisting","handlerPropName","isInsert","name","includes","check","arguments","Match","Any","args","Array","from","generatedId","call","_makeNewID","isSimulation","_id","_collection","apply","throwIfSelectorIsNotId","length","Error","syncMethodName","replace","syncValidatedMethodName","charAt","toUpperCase","slice","validatedMethodName","isServer","unshift","userId","push","_isInsecure","syncMethodsMapper","e","toString","methods","_updateFetch","fields","union","create","add","names","keys","Package","insecure","asyncSome","array","predicate","item","asyncEvery","_validatedInsertAsync","doc","validator","result","docToValidate","_isPromise","_validatedInsert","some","every","_validatedUpdateAsync","selector","mutator","assign","LocalCollection","_selectorIsIdPerhapsAsObject","upsert","noReplaceError","mutatorKeys","modifiedFields","op","params","ALLOWED_UPDATE_OPERATIONS","field","indexOf","substring","findOptions","transform","fieldName","findOneAsync","factoriedDoc","transformDoc","_forbidReplace","_validatedUpdate","findOne","$inc","$set","$unset","$addToSet","$pop","$pullAll","$pull","$pushAll","$push","$bit","_validatedRemoveAsync","_validatedRemove","_callMutatorMethodAsync","firstArgIsSelector","alreadyInSimulation","mutatorMethodName","applyAsync","returnStubValue","resolverType","returnServerResultPromise","_stream","_isStub","_callMutatorMethod","callback","err","_debug","ret","EJSON","clone","collection","allowOrDeny","validKeysRegEx","key","test","Function","_transform","wrapTransform","CurrentInvocation","DDP","_CurrentMethodInvocation","_CurrentInvocation","enclosing","get"],"sources":["packages/allow-deny/allow-deny.js"],"sourcesContent":["///\n/// Remote methods and access control.\n///\n\nconst hasOwn = Object.prototype.hasOwnProperty;\n\n// Restrict default mutators on collection. allow() and deny() take the\n// same options:\n//\n// options.insertAsync {Function(userId, doc)}\n//   return true to allow/deny adding this document\n//\n// options.updateAsync {Function(userId, docs, fields, modifier)}\n//   return true to allow/deny updating these documents.\n//   `fields` is passed as an array of fields that are to be modified\n//\n// options.removeAsync {Function(userId, docs)}\n//   return true to allow/deny removing these documents\n//\n// options.fetch {Array}\n//   Fields to fetch for these validators. If any call to allow or deny\n//   does not have this option then all fields are loaded.\n//\n// allow and deny can be called multiple times. The validators are\n// evaluated as follows:\n// - If neither deny() nor allow() has been called on the collection,\n//   then the request is allowed if and only if the \"insecure\" smart\n//   package is in use.\n// - Otherwise, if any deny() function returns true, the request is denied.\n// - Otherwise, if any allow() function returns true, the request is allowed.\n// - Otherwise, the request is denied.\n//\n// Meteor may call your deny() and allow() functions in any order, and may not\n// call all of them if it is able to make a decision without calling them all\n// (so don't include side effects).\n\nAllowDeny = {\n  CollectionPrototype: {}\n};\n\n// In the `mongo` package, we will extend Mongo.Collection.prototype with these\n// methods\nconst CollectionPrototype = AllowDeny.CollectionPrototype;\n\n/**\n * @summary Allow users to write directly to this collection from client code, subject to limitations you define.\n * @locus Server\n * @method allow\n * @memberOf Mongo.Collection\n * @instance\n * @param {Object} options\n * @param {Function} options.insertAsync,updateAsync,removeAsync Functions that look at a proposed modification to the database and return true if it should be allowed.\n * @param {String[]} options.fetch Optional performance enhancement. Limits the fields that will be fetched from the database for inspection by your `update` and `remove` functions.\n * @param {Function} options.transform Overrides `transform` on the  [`Collection`](#collections).  Pass `null` to disable transformation.\n */\nCollectionPrototype.allow = function(options) {\n  addValidator(this, 'allow', options);\n};\n\n/**\n * @summary Override `allow` rules.\n * @locus Server\n * @method deny\n * @memberOf Mongo.Collection\n * @instance\n * @param {Object} options\n * @param {Function} options.insertAsync,updateAsync,removeAsync Functions that look at a proposed modification to the database and return true if it should be denied, even if an [allow](#allow) rule says otherwise.\n * @param {String[]} options.fetch Optional performance enhancement. Limits the fields that will be fetched from the database for inspection by your `update` and `remove` functions.\n * @param {Function} options.transform Overrides `transform` on the  [`Collection`](#collections).  Pass `null` to disable transformation.\n */\nCollectionPrototype.deny = function(options) {\n  addValidator(this, 'deny', options);\n};\n\nCollectionPrototype._defineMutationMethods = function(options) {\n  const self = this;\n  options = options || {};\n\n  // set to true once we call any allow or deny methods. If true, use\n  // allow/deny semantics. If false, use insecure mode semantics.\n  self._restricted = false;\n\n  // Insecure mode (default to allowing writes). Defaults to 'undefined' which\n  // means insecure iff the insecure package is loaded. This property can be\n  // overriden by tests or packages wishing to change insecure mode behavior of\n  // their collections.\n  self._insecure = undefined;\n\n  self._validators = {\n    insert: {allow: [], deny: []},\n    update: {allow: [], deny: []},\n    remove: {allow: [], deny: []},\n    insertAsync: {allow: [], deny: []},\n    updateAsync: {allow: [], deny: []},\n    removeAsync: {allow: [], deny: []},\n    upsertAsync: {allow: [], deny: []}, // dummy arrays; can't set these!\n    fetch: [],\n    fetchAllFields: false\n  };\n\n  if (!self._name)\n    return; // anonymous collection\n\n  // XXX Think about method namespacing. Maybe methods should be\n  // \"Meteor:Mongo:insertAsync/NAME\"?\n  self._prefix = '/' + self._name + '/';\n\n  // Mutation Methods\n  // Minimongo on the server gets no stubs; instead, by default\n  // it wait()s until its result is ready, yielding.\n  // This matches the behavior of macromongo on the server better.\n  // XXX see #MeteorServerNull\n  if (self._connection && (self._connection === Meteor.server || Meteor.isClient)) {\n    const m = {};\n\n    [\n      'insertAsync',\n      'updateAsync',\n      'removeAsync',\n      'insert',\n      'update',\n      'remove',\n    ].forEach(method => {\n      const methodName = self._prefix + method;\n\n      if (options.useExisting) {\n        const handlerPropName = Meteor.isClient\n          ? '_methodHandlers'\n          : 'method_handlers';\n        // Do not try to create additional methods if this has already been called.\n        // (Otherwise the .methods() call below will throw an error.)\n        if (\n          self._connection[handlerPropName] &&\n          typeof self._connection[handlerPropName][methodName] === 'function'\n        )\n          return;\n      }\n\n      const isInsert = name => name.includes('insert');\n\n      m[methodName] = function (/* ... */) {\n        // All the methods do their own validation, instead of using check().\n        check(arguments, [Match.Any]);\n        const args = Array.from(arguments);\n        try {\n          // For an insert/insertAsync, if the client didn't specify an _id, generate one\n          // now; because this uses DDP.randomStream, it will be consistent with\n          // what the client generated. We generate it now rather than later so\n          // that if (eg) an allow/deny rule does an insert/insertAsync to the same\n          // collection (not that it really should), the generated _id will\n          // still be the first use of the stream and will be consistent.\n          //\n          // However, we don't actually stick the _id onto the document yet,\n          // because we want allow/deny rules to be able to differentiate\n          // between arbitrary client-specified _id fields and merely\n          // client-controlled-via-randomSeed fields.\n          let generatedId = null;\n          if (isInsert(method) && !hasOwn.call(args[0], '_id')) {\n            generatedId = self._makeNewID();\n          }\n\n          if (this.isSimulation) {\n            // In a client simulation, you can do any mutation (even with a\n            // complex selector).\n            if (generatedId !== null) {\n              args[0]._id = generatedId;\n            }\n            return self._collection[method].apply(self._collection, args);\n          }\n\n          // This is the server receiving a method call from the client.\n\n          // We don't allow arbitrary selectors in mutations from the client: only\n          // single-ID selectors.\n          if (!isInsert(method)) throwIfSelectorIsNotId(args[0], method);\n\n          if (self._restricted) {\n            // short circuit if there is no way it will pass.\n            if (self._validators[method].allow.length === 0) {\n              throw new Meteor.Error(\n                403,\n                'Access denied. No allow validators set on restricted ' +\n                  \"collection for method '\" +\n                  method +\n                  \"'.\"\n              );\n            }\n\n            const syncMethodName = method.replace('Async', '');\n            const syncValidatedMethodName = '_validated' + method.charAt(0).toUpperCase() + syncMethodName.slice(1);\n            // it forces to use async validated behavior on the server\n            const validatedMethodName = Meteor.isServer ? syncValidatedMethodName + 'Async' : syncValidatedMethodName;\n\n            args.unshift(this.userId);\n            isInsert(method) && args.push(generatedId);\n            return self[validatedMethodName].apply(self, args);\n          } else if (self._isInsecure()) {\n            if (generatedId !== null) args[0]._id = generatedId;\n            // In insecure mode we use the server _collection methods, and these sync methods\n            // do not exist in the server anymore, so we have this mapper to call the async methods\n            // instead.\n            const syncMethodsMapper = {\n              insert: \"insertAsync\",\n              update: \"updateAsync\",\n              remove: \"removeAsync\",\n            };\n\n\n            // In insecure mode, allow any mutation (with a simple selector).\n            // XXX This is kind of bogus.  Instead of blindly passing whatever\n            //     we get from the network to this function, we should actually\n            //     know the correct arguments for the function and pass just\n            //     them.  For example, if you have an extraneous extra null\n            //     argument and this is Mongo on the server, the .wrapAsync'd\n            //     functions like update will get confused and pass the\n            //     \"fut.resolver()\" in the wrong slot, where _update will never\n            //     invoke it. Bam, broken DDP connection.  Probably should just\n            //     take this whole method and write it three times, invoking\n            //     helpers for the common code.\n            return self._collection[syncMethodsMapper[method] || method].apply(self._collection, args);\n          } else {\n            // In secure mode, if we haven't called allow or deny, then nothing\n            // is permitted.\n            throw new Meteor.Error(403, 'Access denied');\n          }\n        } catch (e) {\n          if (\n            e.name === 'MongoError' ||\n            // for old versions of MongoDB (probably not necessary but it's here just in case)\n            e.name === 'BulkWriteError' ||\n            // for newer versions of MongoDB (https://docs.mongodb.com/drivers/node/current/whats-new/#bulkwriteerror---mongobulkwriteerror)\n            e.name === 'MongoBulkWriteError' ||\n            e.name === 'MinimongoError'\n          ) {\n            throw new Meteor.Error(409, e.toString());\n          } else {\n            throw e;\n          }\n        }\n      };\n    });\n\n    self._connection.methods(m);\n  }\n};\n\nCollectionPrototype._updateFetch = function (fields) {\n  const self = this;\n\n  if (!self._validators.fetchAllFields) {\n    if (fields) {\n      const union = Object.create(null);\n      const add = names => names && names.forEach(name => union[name] = 1);\n      add(self._validators.fetch);\n      add(fields);\n      self._validators.fetch = Object.keys(union);\n    } else {\n      self._validators.fetchAllFields = true;\n      // clear fetch just to make sure we don't accidentally read it\n      self._validators.fetch = null;\n    }\n  }\n};\n\nCollectionPrototype._isInsecure = function () {\n  const self = this;\n  if (self._insecure === undefined)\n    return !!Package.insecure;\n  return self._insecure;\n};\n\nasync function asyncSome(array, predicate) {\n  for (let item of array) {\n    if (await predicate(item)) {\n      return true;\n    }\n  }\n  return false;\n}\n\nasync function asyncEvery(array, predicate) {\n  for (let item of array) {\n    if (!await predicate(item)) {\n      return false;\n    }\n  }\n  return true;\n}\n\nCollectionPrototype._validatedInsertAsync = async function(userId, doc,\n                                                           generatedId) {\n  const self = this;\n  // call user validators.\n  // Any deny returns true means denied.\n  if (await asyncSome(self._validators.insertAsync.deny, async (validator) => {\n    const result = validator(userId, docToValidate(validator, doc, generatedId));\n    return Meteor._isPromise(result) ? await result : result;\n  })) {\n    throw new Meteor.Error(403, \"Access denied\");\n  }\n  // Any allow returns true means proceed. Throw error if they all fail.\n\n  if (await asyncEvery(self._validators.insertAsync.allow, async (validator) => {\n    const result = validator(userId, docToValidate(validator, doc, generatedId));\n    return !(Meteor._isPromise(result) ? await result : result);\n  })) {\n    throw new Meteor.Error(403, \"Access denied\");\n  }\n\n  // If we generated an ID above, insertAsync it now: after the validation, but\n  // before actually inserting.\n  if (generatedId !== null)\n    doc._id = generatedId;\n\n  return self._collection.insertAsync.call(self._collection, doc);\n};\n\nCollectionPrototype._validatedInsert = function (userId, doc,\n                                                         generatedId) {\n  const self = this;\n\n  // call user validators.\n  // Any deny returns true means denied.\n  if (self._validators.insert.deny.some((validator) => {\n    return validator(userId, docToValidate(validator, doc, generatedId));\n  })) {\n    throw new Meteor.Error(403, \"Access denied\");\n  }\n  // Any allow returns true means proceed. Throw error if they all fail.\n\n  if (self._validators.insert.allow.every((validator) => {\n    return !validator(userId, docToValidate(validator, doc, generatedId));\n  })) {\n    throw new Meteor.Error(403, \"Access denied\");\n  }\n\n  // If we generated an ID above, insert it now: after the validation, but\n  // before actually inserting.\n  if (generatedId !== null)\n    doc._id = generatedId;\n\n  return (Meteor.isServer\n    ? self._collection.insertAsync\n    : self._collection.insert\n  ).call(self._collection, doc);\n};\n\n// Simulate a mongo `update` operation while validating that the access\n// control rules set by calls to `allow/deny` are satisfied. If all\n// pass, rewrite the mongo operation to use $in to set the list of\n// document ids to change ##ValidatedChange\nCollectionPrototype._validatedUpdateAsync = async function(\n    userId, selector, mutator, options) {\n  const self = this;\n\n  check(mutator, Object);\n\n  options = Object.assign(Object.create(null), options);\n\n  if (!LocalCollection._selectorIsIdPerhapsAsObject(selector))\n    throw new Error(\"validated update should be of a single ID\");\n\n  // We don't support upserts because they don't fit nicely into allow/deny\n  // rules.\n  if (options.upsert)\n    throw new Meteor.Error(403, \"Access denied. Upserts not \" +\n                           \"allowed in a restricted collection.\");\n\n  const noReplaceError = \"Access denied. In a restricted collection you can only\" +\n        \" update documents, not replace them. Use a Mongo update operator, such \" +\n        \"as '$set'.\";\n\n  const mutatorKeys = Object.keys(mutator);\n\n  // compute modified fields\n  const modifiedFields = {};\n\n  if (mutatorKeys.length === 0) {\n    throw new Meteor.Error(403, noReplaceError);\n  }\n  mutatorKeys.forEach((op) => {\n    const params = mutator[op];\n    if (op.charAt(0) !== '$') {\n      throw new Meteor.Error(403, noReplaceError);\n    } else if (!hasOwn.call(ALLOWED_UPDATE_OPERATIONS, op)) {\n      throw new Meteor.Error(\n        403, \"Access denied. Operator \" + op + \" not allowed in a restricted collection.\");\n    } else {\n      Object.keys(params).forEach((field) => {\n        // treat dotted fields as if they are replacing their\n        // top-level part\n        if (field.indexOf('.') !== -1)\n          field = field.substring(0, field.indexOf('.'));\n\n        // record the field we are trying to change\n        modifiedFields[field] = true;\n      });\n    }\n  });\n\n  const fields = Object.keys(modifiedFields);\n\n  const findOptions = {transform: null};\n  if (!self._validators.fetchAllFields) {\n    findOptions.fields = {};\n    self._validators.fetch.forEach((fieldName) => {\n      findOptions.fields[fieldName] = 1;\n    });\n  }\n\n  const doc = await self._collection.findOneAsync(selector, findOptions);\n  if (!doc)  // none satisfied!\n    return 0;\n\n  // call user validators.\n  // Any deny returns true means denied.\n  if (await asyncSome(self._validators.updateAsync.deny, async (validator) => {\n    const factoriedDoc = transformDoc(validator, doc);\n    const result = validator(userId,\n      factoriedDoc,\n      fields,\n      mutator);\n    return Meteor._isPromise(result) ? await result : result;\n  })) {\n    throw new Meteor.Error(403, \"Access denied\");\n  }\n  // Any allow returns true means proceed. Throw error if they all fail.\n  if (await asyncEvery(self._validators.updateAsync.allow, async (validator) => {\n    const factoriedDoc = transformDoc(validator, doc);\n    const result = validator(userId,\n      factoriedDoc,\n      fields,\n      mutator);\n    return !(Meteor._isPromise(result) ? await result : result);\n  })) {\n    throw new Meteor.Error(403, \"Access denied\");\n  }\n\n  options._forbidReplace = true;\n\n  // Back when we supported arbitrary client-provided selectors, we actually\n  // rewrote the selector to include an _id clause before passing to Mongo to\n  // avoid races, but since selector is guaranteed to already just be an ID, we\n  // don't have to any more.\n\n  return self._collection.updateAsync.call(\n    self._collection, selector, mutator, options);\n};\n\nCollectionPrototype._validatedUpdate = function(\n    userId, selector, mutator, options) {\n  const self = this;\n\n  check(mutator, Object);\n\n  options = Object.assign(Object.create(null), options);\n\n  if (!LocalCollection._selectorIsIdPerhapsAsObject(selector))\n    throw new Error(\"validated update should be of a single ID\");\n\n  // We don't support upserts because they don't fit nicely into allow/deny\n  // rules.\n  if (options.upsert)\n    throw new Meteor.Error(403, \"Access denied. Upserts not \" +\n                           \"allowed in a restricted collection.\");\n\n  const noReplaceError = \"Access denied. In a restricted collection you can only\" +\n        \" update documents, not replace them. Use a Mongo update operator, such \" +\n        \"as '$set'.\";\n\n  const mutatorKeys = Object.keys(mutator);\n\n  // compute modified fields\n  const modifiedFields = {};\n\n  if (mutatorKeys.length === 0) {\n    throw new Meteor.Error(403, noReplaceError);\n  }\n  mutatorKeys.forEach((op) => {\n    const params = mutator[op];\n    if (op.charAt(0) !== '$') {\n      throw new Meteor.Error(403, noReplaceError);\n    } else if (!hasOwn.call(ALLOWED_UPDATE_OPERATIONS, op)) {\n      throw new Meteor.Error(\n        403, \"Access denied. Operator \" + op + \" not allowed in a restricted collection.\");\n    } else {\n      Object.keys(params).forEach((field) => {\n        // treat dotted fields as if they are replacing their\n        // top-level part\n        if (field.indexOf('.') !== -1)\n          field = field.substring(0, field.indexOf('.'));\n\n        // record the field we are trying to change\n        modifiedFields[field] = true;\n      });\n    }\n  });\n\n  const fields = Object.keys(modifiedFields);\n\n  const findOptions = {transform: null};\n  if (!self._validators.fetchAllFields) {\n    findOptions.fields = {};\n    self._validators.fetch.forEach((fieldName) => {\n      findOptions.fields[fieldName] = 1;\n    });\n  }\n\n  const doc = self._collection.findOne(selector, findOptions);\n  if (!doc)  // none satisfied!\n    return 0;\n\n  // call user validators.\n  // Any deny returns true means denied.\n  if (self._validators.update.deny.some((validator) => {\n    const factoriedDoc = transformDoc(validator, doc);\n    return validator(userId,\n                     factoriedDoc,\n                     fields,\n                     mutator);\n  })) {\n    throw new Meteor.Error(403, \"Access denied\");\n  }\n  // Any allow returns true means proceed. Throw error if they all fail.\n  if (self._validators.update.allow.every((validator) => {\n    const factoriedDoc = transformDoc(validator, doc);\n    return !validator(userId,\n                      factoriedDoc,\n                      fields,\n                      mutator);\n  })) {\n    throw new Meteor.Error(403, \"Access denied\");\n  }\n\n  options._forbidReplace = true;\n\n  // Back when we supported arbitrary client-provided selectors, we actually\n  // rewrote the selector to include an _id clause before passing to Mongo to\n  // avoid races, but since selector is guaranteed to already just be an ID, we\n  // don't have to any more.\n\n  return self._collection.update.call(\n    self._collection, selector, mutator, options);\n};\n\n// Only allow these operations in validated updates. Specifically\n// whitelist operations, rather than blacklist, so new complex\n// operations that are added aren't automatically allowed. A complex\n// operation is one that does more than just modify its target\n// field. For now this contains all update operations except '$rename'.\n// http://docs.mongodb.org/manual/reference/operators/#update\nconst ALLOWED_UPDATE_OPERATIONS = {\n  $inc:1, $set:1, $unset:1, $addToSet:1, $pop:1, $pullAll:1, $pull:1,\n  $pushAll:1, $push:1, $bit:1\n};\n\n// Simulate a mongo `remove` operation while validating access control\n// rules. See #ValidatedChange\nCollectionPrototype._validatedRemoveAsync = async function(userId, selector) {\n  const self = this;\n\n  const findOptions = {transform: null};\n  if (!self._validators.fetchAllFields) {\n    findOptions.fields = {};\n    self._validators.fetch.forEach((fieldName) => {\n      findOptions.fields[fieldName] = 1;\n    });\n  }\n\n  const doc = await self._collection.findOneAsync(selector, findOptions);\n  if (!doc)\n    return 0;\n\n  // call user validators.\n  // Any deny returns true means denied.\n  if (await asyncSome(self._validators.removeAsync.deny, async (validator) => {\n    const result = validator(userId, transformDoc(validator, doc));\n    return Meteor._isPromise(result) ? await result : result;\n  })) {\n    throw new Meteor.Error(403, \"Access denied\");\n  }\n  // Any allow returns true means proceed. Throw error if they all fail.\n  if (await asyncEvery(self._validators.removeAsync.allow, async (validator) => {\n    const result = validator(userId, transformDoc(validator, doc));\n    return !(Meteor._isPromise(result) ? await result : result);\n  })) {\n    throw new Meteor.Error(403, \"Access denied\");\n  }\n\n  // Back when we supported arbitrary client-provided selectors, we actually\n  // rewrote the selector to {_id: {$in: [ids that we found]}} before passing to\n  // Mongo to avoid races, but since selector is guaranteed to already just be\n  // an ID, we don't have to any more.\n\n  return self._collection.removeAsync.call(self._collection, selector);\n};\n\nCollectionPrototype._validatedRemove = function(userId, selector) {\n  const self = this;\n\n  const findOptions = {transform: null};\n  if (!self._validators.fetchAllFields) {\n    findOptions.fields = {};\n    self._validators.fetch.forEach((fieldName) => {\n      findOptions.fields[fieldName] = 1;\n    });\n  }\n\n  const doc = self._collection.findOne(selector, findOptions);\n  if (!doc)\n    return 0;\n\n  // call user validators.\n  // Any deny returns true means denied.\n  if (self._validators.remove.deny.some((validator) => {\n    return validator(userId, transformDoc(validator, doc));\n  })) {\n    throw new Meteor.Error(403, \"Access denied\");\n  }\n  // Any allow returns true means proceed. Throw error if they all fail.\n  if (self._validators.remove.allow.every((validator) => {\n    return !validator(userId, transformDoc(validator, doc));\n  })) {\n    throw new Meteor.Error(403, \"Access denied\");\n  }\n\n  // Back when we supported arbitrary client-provided selectors, we actually\n  // rewrote the selector to {_id: {$in: [ids that we found]}} before passing to\n  // Mongo to avoid races, but since selector is guaranteed to already just be\n  // an ID, we don't have to any more.\n\n  return self._collection.remove.call(self._collection, selector);\n};\n\nCollectionPrototype._callMutatorMethodAsync = function _callMutatorMethodAsync(name, args, options = {}) {\n\n  // For two out of three mutator methods, the first argument is a selector\n  const firstArgIsSelector = name === \"updateAsync\" || name === \"removeAsync\";\n  if (firstArgIsSelector && !alreadyInSimulation()) {\n    // If we're about to actually send an RPC, we should throw an error if\n    // this is a non-ID selector, because the mutation methods only allow\n    // single-ID selectors. (If we don't throw here, we'll see flicker.)\n    throwIfSelectorIsNotId(args[0], name);\n  }\n\n  const mutatorMethodName = this._prefix + name;\n  return this._connection.applyAsync(mutatorMethodName, args, {\n    returnStubValue: this.resolverType === 'stub' || this.resolverType == null,\n    // StubStream is only used for testing where you don't care about the server\n    returnServerResultPromise: !this._connection._stream._isStub && this.resolverType !== 'stub',\n    ...options,\n  });\n}\n\nCollectionPrototype._callMutatorMethod = function _callMutatorMethod(name, args, callback) {\n  if (Meteor.isClient && !callback && !alreadyInSimulation()) {\n    // Client can't block, so it can't report errors by exception,\n    // only by callback. If they forget the callback, give them a\n    // default one that logs the error, so they aren't totally\n    // baffled if their writes don't work because their database is\n    // down.\n    // Don't give a default callback in simulation, because inside stubs we\n    // want to return the results from the local collection immediately and\n    // not force a callback.\n    callback = function (err) {\n      if (err)\n        Meteor._debug(name + \" failed\", err);\n    };\n  }\n\n  // For two out of three mutator methods, the first argument is a selector\n  const firstArgIsSelector = name === \"update\" || name === \"remove\";\n  if (firstArgIsSelector && !alreadyInSimulation()) {\n    // If we're about to actually send an RPC, we should throw an error if\n    // this is a non-ID selector, because the mutation methods only allow\n    // single-ID selectors. (If we don't throw here, we'll see flicker.)\n    throwIfSelectorIsNotId(args[0], name);\n  }\n\n  const mutatorMethodName = this._prefix + name;\n  return this._connection.apply(\n    mutatorMethodName, args, { returnStubValue: true }, callback);\n}\n\nfunction transformDoc(validator, doc) {\n  if (validator.transform)\n    return validator.transform(doc);\n  return doc;\n}\n\nfunction docToValidate(validator, doc, generatedId) {\n  let ret = doc;\n  if (validator.transform) {\n    ret = EJSON.clone(doc);\n    // If you set a server-side transform on your collection, then you don't get\n    // to tell the difference between \"client specified the ID\" and \"server\n    // generated the ID\", because transforms expect to get _id.  If you want to\n    // do that check, you can do it with a specific\n    // `C.allow({insertAsync: f, transform: null})` validator.\n    if (generatedId !== null) {\n      ret._id = generatedId;\n    }\n    ret = validator.transform(ret);\n  }\n  return ret;\n}\n\nfunction addValidator(collection, allowOrDeny, options) {\n  // validate keys\n  const validKeysRegEx = /^(?:insertAsync|updateAsync|removeAsync|insert|update|remove|fetch|transform)$/;\n  Object.keys(options).forEach((key) => {\n    if (!validKeysRegEx.test(key))\n      throw new Error(allowOrDeny + \": Invalid key: \" + key);\n  });\n\n  collection._restricted = true;\n\n  [\n    'insertAsync',\n    'updateAsync',\n    'removeAsync',\n    'insert',\n    'update',\n    'remove',\n  ].forEach(name => {\n    if (hasOwn.call(options, name)) {\n      if (!(options[name] instanceof Function)) {\n        throw new Error(\n          allowOrDeny + ': Value for `' + name + '` must be a function'\n        );\n      }\n\n      // If the transform is specified at all (including as 'null') in this\n      // call, then take that; otherwise, take the transform from the\n      // collection.\n      if (options.transform === undefined) {\n        options[name].transform = collection._transform; // already wrapped\n      } else {\n        options[name].transform = LocalCollection.wrapTransform(\n          options.transform\n        );\n      }\n      collection._validators[name][allowOrDeny].push(options[name]);\n    }\n  });\n\n  // Only updateAsync the fetch fields if we're passed things that affect\n  // fetching. This way allow({}) and allow({insertAsync: f}) don't result in\n  // setting fetchAllFields\n  if (options.updateAsync || options.removeAsync || options.fetch) {\n    if (options.fetch && !(options.fetch instanceof Array)) {\n      throw new Error(allowOrDeny + \": Value for `fetch` must be an array\");\n    }\n    collection._updateFetch(options.fetch);\n  }\n}\n\nfunction throwIfSelectorIsNotId(selector, methodName) {\n  if (!LocalCollection._selectorIsIdPerhapsAsObject(selector)) {\n    throw new Meteor.Error(\n      403, \"Not permitted. Untrusted code may only \" + methodName +\n        \" documents by ID.\");\n  }\n};\n\n// Determine if we are in a DDP method simulation\nfunction alreadyInSimulation() {\n  var CurrentInvocation =\n    DDP._CurrentMethodInvocation ||\n    // For backwards compatibility, as explained in this issue:\n    // https://github.com/meteor/meteor/issues/8947\n    DDP._CurrentInvocation;\n\n  const enclosing = CurrentInvocation.get();\n  return enclosing && enclosing.isSimulation;\n}\n"],"mappings":"AAAA,IAAIA,aAAa;AAACC,MAAM,CAACC,IAAI,CAAC,sCAAsC,EAAC;EAACC,OAAOA,CAACC,CAAC,EAAC;IAACJ,aAAa,GAACI,CAAC;EAAA;AAAC,CAAC,EAAC,CAAC,CAAC;AAArG;AACA;AACA;;AAEA,MAAMC,MAAM,GAAGC,MAAM,CAACC,SAAS,CAACC,cAAc;;AAE9C;AACA;AACA;AACA;AACA;AACA;AACA;AACA;AACA;AACA;AACA;AACA;AACA;AACA;AACA;AACA;AACA;AACA;AACA;AACA;AACA;AACA;AACA;AACA;AACA;AACA;AACA;AACA;AACA;;AAEAC,SAAS,GAAG;EACVC,mBAAmB,EAAE,CAAC;AACxB,CAAC;;AAED;AACA;AACA,MAAMA,mBAAmB,GAAGD,SAAS,CAACC,mBAAmB;;AAEzD;AACA;AACA;AACA;AACA;AACA;AACA;AACA;AACA;AACA;AACA;AACAA,mBAAmB,CAACC,KAAK,GAAG,UAASC,OAAO,EAAE;EAC5CC,YAAY,CAAC,IAAI,EAAE,OAAO,EAAED,OAAO,CAAC;AACtC,CAAC;;AAED;AACA;AACA;AACA;AACA;AACA;AACA;AACA;AACA;AACA;AACA;AACAF,mBAAmB,CAACI,IAAI,GAAG,UAASF,OAAO,EAAE;EAC3CC,YAAY,CAAC,IAAI,EAAE,MAAM,EAAED,OAAO,CAAC;AACrC,CAAC;AAEDF,mBAAmB,CAACK,sBAAsB,GAAG,UAASH,OAAO,EAAE;EAC7D,MAAMI,IAAI,GAAG,IAAI;EACjBJ,OAAO,GAAGA,OAAO,IAAI,CAAC,CAAC;;EAEvB;EACA;EACAI,IAAI,CAACC,WAAW,GAAG,KAAK;;EAExB;EACA;EACA;EACA;EACAD,IAAI,CAACE,SAAS,GAAGC,SAAS;EAE1BH,IAAI,CAACI,WAAW,GAAG;IACjBC,MAAM,EAAE;MAACV,KAAK,EAAE,EAAE;MAAEG,IAAI,EAAE;IAAE,CAAC;IAC7BQ,MAAM,EAAE;MAACX,KAAK,EAAE,EAAE;MAAEG,IAAI,EAAE;IAAE,CAAC;IAC7BS,MAAM,EAAE;MAACZ,KAAK,EAAE,EAAE;MAAEG,IAAI,EAAE;IAAE,CAAC;IAC7BU,WAAW,EAAE;MAACb,KAAK,EAAE,EAAE;MAAEG,IAAI,EAAE;IAAE,CAAC;IAClCW,WAAW,EAAE;MAACd,KAAK,EAAE,EAAE;MAAEG,IAAI,EAAE;IAAE,CAAC;IAClCY,WAAW,EAAE;MAACf,KAAK,EAAE,EAAE;MAAEG,IAAI,EAAE;IAAE,CAAC;IAClCa,WAAW,EAAE;MAAChB,KAAK,EAAE,EAAE;MAAEG,IAAI,EAAE;IAAE,CAAC;IAAE;IACpCc,KAAK,EAAE,EAAE;IACTC,cAAc,EAAE;EAClB,CAAC;EAED,IAAI,CAACb,IAAI,CAACc,KAAK,EACb,OAAO,CAAC;;EAEV;EACA;EACAd,IAAI,CAACe,OAAO,GAAG,GAAG,GAAGf,IAAI,CAACc,KAAK,GAAG,GAAG;;EAErC;EACA;EACA;EACA;EACA;EACA,IAAId,IAAI,CAACgB,WAAW,KAAKhB,IAAI,CAACgB,WAAW,KAAKC,MAAM,CAACC,MAAM,IAAID,MAAM,CAACE,QAAQ,CAAC,EAAE;IAC/E,MAAMC,CAAC,GAAG,CAAC,CAAC;IAEZ,CACE,aAAa,EACb,aAAa,EACb,aAAa,EACb,QAAQ,EACR,QAAQ,EACR,QAAQ,CACT,CAACC,OAAO,CAACC,MAAM,IAAI;MAClB,MAAMC,UAAU,GAAGvB,IAAI,CAACe,OAAO,GAAGO,MAAM;MAExC,IAAI1B,OAAO,CAAC4B,WAAW,EAAE;QACvB,MAAMC,eAAe,GAAGR,MAAM,CAACE,QAAQ,GACnC,iBAAiB,GACjB,iBAAiB;QACrB;QACA;QACA,IACEnB,IAAI,CAACgB,WAAW,CAACS,eAAe,CAAC,IACjC,OAAOzB,IAAI,CAACgB,WAAW,CAACS,eAAe,CAAC,CAACF,UAAU,CAAC,KAAK,UAAU,EAEnE;MACJ;MAEA,MAAMG,QAAQ,GAAGC,IAAI,IAAIA,IAAI,CAACC,QAAQ,CAAC,QAAQ,CAAC;MAEhDR,CAAC,CAACG,UAAU,CAAC,GAAG,SAAU;MAAA,GAAW;QACnC;QACAM,KAAK,CAACC,SAAS,EAAE,CAACC,KAAK,CAACC,GAAG,CAAC,CAAC;QAC7B,MAAMC,IAAI,GAAGC,KAAK,CAACC,IAAI,CAACL,SAAS,CAAC;QAClC,IAAI;UACF;UACA;UACA;UACA;UACA;UACA;UACA;UACA;UACA;UACA;UACA;UACA,IAAIM,WAAW,GAAG,IAAI;UACtB,IAAIV,QAAQ,CAACJ,MAAM,CAAC,IAAI,CAACjC,MAAM,CAACgD,IAAI,CAACJ,IAAI,CAAC,CAAC,CAAC,EAAE,KAAK,CAAC,EAAE;YACpDG,WAAW,GAAGpC,IAAI,CAACsC,UAAU,CAAC,CAAC;UACjC;UAEA,IAAI,IAAI,CAACC,YAAY,EAAE;YACrB;YACA;YACA,IAAIH,WAAW,KAAK,IAAI,EAAE;cACxBH,IAAI,CAAC,CAAC,CAAC,CAACO,GAAG,GAAGJ,WAAW;YAC3B;YACA,OAAOpC,IAAI,CAACyC,WAAW,CAACnB,MAAM,CAAC,CAACoB,KAAK,CAAC1C,IAAI,CAACyC,WAAW,EAAER,IAAI,CAAC;UAC/D;;UAEA;;UAEA;UACA;UACA,IAAI,CAACP,QAAQ,CAACJ,MAAM,CAAC,EAAEqB,sBAAsB,CAACV,IAAI,CAAC,CAAC,CAAC,EAAEX,MAAM,CAAC;UAE9D,IAAItB,IAAI,CAACC,WAAW,EAAE;YACpB;YACA,IAAID,IAAI,CAACI,WAAW,CAACkB,MAAM,CAAC,CAAC3B,KAAK,CAACiD,MAAM,KAAK,CAAC,EAAE;cAC/C,MAAM,IAAI3B,MAAM,CAAC4B,KAAK,CACpB,GAAG,EACH,uDAAuD,GACrD,yBAAyB,GACzBvB,MAAM,GACN,IACJ,CAAC;YACH;YAEA,MAAMwB,cAAc,GAAGxB,MAAM,CAACyB,OAAO,CAAC,OAAO,EAAE,EAAE,CAAC;YAClD,MAAMC,uBAAuB,GAAG,YAAY,GAAG1B,MAAM,CAAC2B,MAAM,CAAC,CAAC,CAAC,CAACC,WAAW,CAAC,CAAC,GAAGJ,cAAc,CAACK,KAAK,CAAC,CAAC,CAAC;YACvG;YACA,MAAMC,mBAAmB,GAAGnC,MAAM,CAACoC,QAAQ,GAAGL,uBAAuB,GAAG,OAAO,GAAGA,uBAAuB;YAEzGf,IAAI,CAACqB,OAAO,CAAC,IAAI,CAACC,MAAM,CAAC;YACzB7B,QAAQ,CAACJ,MAAM,CAAC,IAAIW,IAAI,CAACuB,IAAI,CAACpB,WAAW,CAAC;YAC1C,OAAOpC,IAAI,CAACoD,mBAAmB,CAAC,CAACV,KAAK,CAAC1C,IAAI,EAAEiC,IAAI,CAAC;UACpD,CAAC,MAAM,IAAIjC,IAAI,CAACyD,WAAW,CAAC,CAAC,EAAE;YAC7B,IAAIrB,WAAW,KAAK,IAAI,EAAEH,IAAI,CAAC,CAAC,CAAC,CAACO,GAAG,GAAGJ,WAAW;YACnD;YACA;YACA;YACA,MAAMsB,iBAAiB,GAAG;cACxBrD,MAAM,EAAE,aAAa;cACrBC,MAAM,EAAE,aAAa;cACrBC,MAAM,EAAE;YACV,CAAC;;YAGD;YACA;YACA;YACA;YACA;YACA;YACA;YACA;YACA;YACA;YACA;YACA,OAAOP,IAAI,CAACyC,WAAW,CAACiB,iBAAiB,CAACpC,MAAM,CAAC,IAAIA,MAAM,CAAC,CAACoB,KAAK,CAAC1C,IAAI,CAACyC,WAAW,EAAER,IAAI,CAAC;UAC5F,CAAC,MAAM;YACL;YACA;YACA,MAAM,IAAIhB,MAAM,CAAC4B,KAAK,CAAC,GAAG,EAAE,eAAe,CAAC;UAC9C;QACF,CAAC,CAAC,OAAOc,CAAC,EAAE;UACV,IACEA,CAAC,CAAChC,IAAI,KAAK,YAAY;UACvB;UACAgC,CAAC,CAAChC,IAAI,KAAK,gBAAgB;UAC3B;UACAgC,CAAC,CAAChC,IAAI,KAAK,qBAAqB,IAChCgC,CAAC,CAAChC,IAAI,KAAK,gBAAgB,EAC3B;YACA,MAAM,IAAIV,MAAM,CAAC4B,KAAK,CAAC,GAAG,EAAEc,CAAC,CAACC,QAAQ,CAAC,CAAC,CAAC;UAC3C,CAAC,MAAM;YACL,MAAMD,CAAC;UACT;QACF;MACF,CAAC;IACH,CAAC,CAAC;IAEF3D,IAAI,CAACgB,WAAW,CAAC6C,OAAO,CAACzC,CAAC,CAAC;EAC7B;AACF,CAAC;AAED1B,mBAAmB,CAACoE,YAAY,GAAG,UAAUC,MAAM,EAAE;EACnD,MAAM/D,IAAI,GAAG,IAAI;EAEjB,IAAI,CAACA,IAAI,CAACI,WAAW,CAACS,cAAc,EAAE;IACpC,IAAIkD,MAAM,EAAE;MACV,MAAMC,KAAK,GAAG1E,MAAM,CAAC2E,MAAM,CAAC,IAAI,CAAC;MACjC,MAAMC,GAAG,GAAGC,KAAK,IAAIA,KAAK,IAAIA,KAAK,CAAC9C,OAAO,CAACM,IAAI,IAAIqC,KAAK,CAACrC,IAAI,CAAC,GAAG,CAAC,CAAC;MACpEuC,GAAG,CAAClE,IAAI,CAACI,WAAW,CAACQ,KAAK,CAAC;MAC3BsD,GAAG,CAACH,MAAM,CAAC;MACX/D,IAAI,CAACI,WAAW,CAACQ,KAAK,GAAGtB,MAAM,CAAC8E,IAAI,CAACJ,KAAK,CAAC;IAC7C,CAAC,MAAM;MACLhE,IAAI,CAACI,WAAW,CAACS,cAAc,GAAG,IAAI;MACtC;MACAb,IAAI,CAACI,WAAW,CAACQ,KAAK,GAAG,IAAI;IAC/B;EACF;AACF,CAAC;AAEDlB,mBAAmB,CAAC+D,WAAW,GAAG,YAAY;EAC5C,MAAMzD,IAAI,GAAG,IAAI;EACjB,IAAIA,IAAI,CAACE,SAAS,KAAKC,SAAS,EAC9B,OAAO,CAAC,CAACkE,OAAO,CAACC,QAAQ;EAC3B,OAAOtE,IAAI,CAACE,SAAS;AACvB,CAAC;AAED,eAAeqE,SAASA,CAACC,KAAK,EAAEC,SAAS,EAAE;EACzC,KAAK,IAAIC,IAAI,IAAIF,KAAK,EAAE;IACtB,IAAI,MAAMC,SAAS,CAACC,IAAI,CAAC,EAAE;MACzB,OAAO,IAAI;IACb;EACF;EACA,OAAO,KAAK;AACd;AAEA,eAAeC,UAAUA,CAACH,KAAK,EAAEC,SAAS,EAAE;EAC1C,KAAK,IAAIC,IAAI,IAAIF,KAAK,EAAE;IACtB,IAAI,EAAC,MAAMC,SAAS,CAACC,IAAI,CAAC,GAAE;MAC1B,OAAO,KAAK;IACd;EACF;EACA,OAAO,IAAI;AACb;AAEAhF,mBAAmB,CAACkF,qBAAqB,GAAG,gBAAerB,MAAM,EAAEsB,GAAG,EACXzC,WAAW,EAAE;EACtE,MAAMpC,IAAI,GAAG,IAAI;EACjB;EACA;EACA,IAAI,MAAMuE,SAAS,CAACvE,IAAI,CAACI,WAAW,CAACI,WAAW,CAACV,IAAI,EAAE,MAAOgF,SAAS,IAAK;IAC1E,MAAMC,MAAM,GAAGD,SAAS,CAACvB,MAAM,EAAEyB,aAAa,CAACF,SAAS,EAAED,GAAG,EAAEzC,WAAW,CAAC,CAAC;IAC5E,OAAOnB,MAAM,CAACgE,UAAU,CAACF,MAAM,CAAC,GAAG,MAAMA,MAAM,GAAGA,MAAM;EAC1D,CAAC,CAAC,EAAE;IACF,MAAM,IAAI9D,MAAM,CAAC4B,KAAK,CAAC,GAAG,EAAE,eAAe,CAAC;EAC9C;EACA;;EAEA,IAAI,MAAM8B,UAAU,CAAC3E,IAAI,CAACI,WAAW,CAACI,WAAW,CAACb,KAAK,EAAE,MAAOmF,SAAS,IAAK;IAC5E,MAAMC,MAAM,GAAGD,SAAS,CAACvB,MAAM,EAAEyB,aAAa,CAACF,SAAS,EAAED,GAAG,EAAEzC,WAAW,CAAC,CAAC;IAC5E,OAAO,EAAEnB,MAAM,CAACgE,UAAU,CAACF,MAAM,CAAC,GAAG,MAAMA,MAAM,GAAGA,MAAM,CAAC;EAC7D,CAAC,CAAC,EAAE;IACF,MAAM,IAAI9D,MAAM,CAAC4B,KAAK,CAAC,GAAG,EAAE,eAAe,CAAC;EAC9C;;EAEA;EACA;EACA,IAAIT,WAAW,KAAK,IAAI,EACtByC,GAAG,CAACrC,GAAG,GAAGJ,WAAW;EAEvB,OAAOpC,IAAI,CAACyC,WAAW,CAACjC,WAAW,CAAC6B,IAAI,CAACrC,IAAI,CAACyC,WAAW,EAAEoC,GAAG,CAAC;AACjE,CAAC;AAEDnF,mBAAmB,CAACwF,gBAAgB,GAAG,UAAU3B,MAAM,EAAEsB,GAAG,EACHzC,WAAW,EAAE;EACpE,MAAMpC,IAAI,GAAG,IAAI;;EAEjB;EACA;EACA,IAAIA,IAAI,CAACI,WAAW,CAACC,MAAM,CAACP,IAAI,CAACqF,IAAI,CAAEL,SAAS,IAAK;IACnD,OAAOA,SAAS,CAACvB,MAAM,EAAEyB,aAAa,CAACF,SAAS,EAAED,GAAG,EAAEzC,WAAW,CAAC,CAAC;EACtE,CAAC,CAAC,EAAE;IACF,MAAM,IAAInB,MAAM,CAAC4B,KAAK,CAAC,GAAG,EAAE,eAAe,CAAC;EAC9C;EACA;;EAEA,IAAI7C,IAAI,CAACI,WAAW,CAACC,MAAM,CAACV,KAAK,CAACyF,KAAK,CAAEN,SAAS,IAAK;IACrD,OAAO,CAACA,SAAS,CAACvB,MAAM,EAAEyB,aAAa,CAACF,SAAS,EAAED,GAAG,EAAEzC,WAAW,CAAC,CAAC;EACvE,CAAC,CAAC,EAAE;IACF,MAAM,IAAInB,MAAM,CAAC4B,KAAK,CAAC,GAAG,EAAE,eAAe,CAAC;EAC9C;;EAEA;EACA;EACA,IAAIT,WAAW,KAAK,IAAI,EACtByC,GAAG,CAACrC,GAAG,GAAGJ,WAAW;EAEvB,OAAO,CAACnB,MAAM,CAACoC,QAAQ,GACnBrD,IAAI,CAACyC,WAAW,CAACjC,WAAW,GAC5BR,IAAI,CAACyC,WAAW,CAACpC,MAAM,EACzBgC,IAAI,CAACrC,IAAI,CAACyC,WAAW,EAAEoC,GAAG,CAAC;AAC/B,CAAC;;AAED;AACA;AACA;AACA;AACAnF,mBAAmB,CAAC2F,qBAAqB,GAAG,gBACxC9B,MAAM,EAAE+B,QAAQ,EAAEC,OAAO,EAAE3F,OAAO,EAAE;EACtC,MAAMI,IAAI,GAAG,IAAI;EAEjB6B,KAAK,CAAC0D,OAAO,EAAEjG,MAAM,CAAC;EAEtBM,OAAO,GAAGN,MAAM,CAACkG,MAAM,CAAClG,MAAM,CAAC2E,MAAM,CAAC,IAAI,CAAC,EAAErE,OAAO,CAAC;EAErD,IAAI,CAAC6F,eAAe,CAACC,4BAA4B,CAACJ,QAAQ,CAAC,EACzD,MAAM,IAAIzC,KAAK,CAAC,2CAA2C,CAAC;;EAE9D;EACA;EACA,IAAIjD,OAAO,CAAC+F,MAAM,EAChB,MAAM,IAAI1E,MAAM,CAAC4B,KAAK,CAAC,GAAG,EAAE,6BAA6B,GAClC,qCAAqC,CAAC;EAE/D,MAAM+C,cAAc,GAAG,wDAAwD,GACzE,yEAAyE,GACzE,YAAY;EAElB,MAAMC,WAAW,GAAGvG,MAAM,CAAC8E,IAAI,CAACmB,OAAO,CAAC;;EAExC;EACA,MAAMO,cAAc,GAAG,CAAC,CAAC;EAEzB,IAAID,WAAW,CAACjD,MAAM,KAAK,CAAC,EAAE;IAC5B,MAAM,IAAI3B,MAAM,CAAC4B,KAAK,CAAC,GAAG,EAAE+C,cAAc,CAAC;EAC7C;EACAC,WAAW,CAACxE,OAAO,CAAE0E,EAAE,IAAK;IAC1B,MAAMC,MAAM,GAAGT,OAAO,CAACQ,EAAE,CAAC;IAC1B,IAAIA,EAAE,CAAC9C,MAAM,CAAC,CAAC,CAAC,KAAK,GAAG,EAAE;MACxB,MAAM,IAAIhC,MAAM,CAAC4B,KAAK,CAAC,GAAG,EAAE+C,cAAc,CAAC;IAC7C,CAAC,MAAM,IAAI,CAACvG,MAAM,CAACgD,IAAI,CAAC4D,yBAAyB,EAAEF,EAAE,CAAC,EAAE;MACtD,MAAM,IAAI9E,MAAM,CAAC4B,KAAK,CACpB,GAAG,EAAE,0BAA0B,GAAGkD,EAAE,GAAG,0CAA0C,CAAC;IACtF,CAAC,MAAM;MACLzG,MAAM,CAAC8E,IAAI,CAAC4B,MAAM,CAAC,CAAC3E,OAAO,CAAE6E,KAAK,IAAK;QACrC;QACA;QACA,IAAIA,KAAK,CAACC,OAAO,CAAC,GAAG,CAAC,KAAK,CAAC,CAAC,EAC3BD,KAAK,GAAGA,KAAK,CAACE,SAAS,CAAC,CAAC,EAAEF,KAAK,CAACC,OAAO,CAAC,GAAG,CAAC,CAAC;;QAEhD;QACAL,cAAc,CAACI,KAAK,CAAC,GAAG,IAAI;MAC9B,CAAC,CAAC;IACJ;EACF,CAAC,CAAC;EAEF,MAAMnC,MAAM,GAAGzE,MAAM,CAAC8E,IAAI,CAAC0B,cAAc,CAAC;EAE1C,MAAMO,WAAW,GAAG;IAACC,SAAS,EAAE;EAAI,CAAC;EACrC,IAAI,CAACtG,IAAI,CAACI,WAAW,CAACS,cAAc,EAAE;IACpCwF,WAAW,CAACtC,MAAM,GAAG,CAAC,CAAC;IACvB/D,IAAI,CAACI,WAAW,CAACQ,KAAK,CAACS,OAAO,CAAEkF,SAAS,IAAK;MAC5CF,WAAW,CAACtC,MAAM,CAACwC,SAAS,CAAC,GAAG,CAAC;IACnC,CAAC,CAAC;EACJ;EAEA,MAAM1B,GAAG,GAAG,MAAM7E,IAAI,CAACyC,WAAW,CAAC+D,YAAY,CAAClB,QAAQ,EAAEe,WAAW,CAAC;EACtE,IAAI,CAACxB,GAAG;IAAG;IACT,OAAO,CAAC;;EAEV;EACA;EACA,IAAI,MAAMN,SAAS,CAACvE,IAAI,CAACI,WAAW,CAACK,WAAW,CAACX,IAAI,EAAE,MAAOgF,SAAS,IAAK;IAC1E,MAAM2B,YAAY,GAAGC,YAAY,CAAC5B,SAAS,EAAED,GAAG,CAAC;IACjD,MAAME,MAAM,GAAGD,SAAS,CAACvB,MAAM,EAC7BkD,YAAY,EACZ1C,MAAM,EACNwB,OAAO,CAAC;IACV,OAAOtE,MAAM,CAACgE,UAAU,CAACF,MAAM,CAAC,GAAG,MAAMA,MAAM,GAAGA,MAAM;EAC1D,CAAC,CAAC,EAAE;IACF,MAAM,IAAI9D,MAAM,CAAC4B,KAAK,CAAC,GAAG,EAAE,eAAe,CAAC;EAC9C;EACA;EACA,IAAI,MAAM8B,UAAU,CAAC3E,IAAI,CAACI,WAAW,CAACK,WAAW,CAACd,KAAK,EAAE,MAAOmF,SAAS,IAAK;IAC5E,MAAM2B,YAAY,GAAGC,YAAY,CAAC5B,SAAS,EAAED,GAAG,CAAC;IACjD,MAAME,MAAM,GAAGD,SAAS,CAACvB,MAAM,EAC7BkD,YAAY,EACZ1C,MAAM,EACNwB,OAAO,CAAC;IACV,OAAO,EAAEtE,MAAM,CAACgE,UAAU,CAACF,MAAM,CAAC,GAAG,MAAMA,MAAM,GAAGA,MAAM,CAAC;EAC7D,CAAC,CAAC,EAAE;IACF,MAAM,IAAI9D,MAAM,CAAC4B,KAAK,CAAC,GAAG,EAAE,eAAe,CAAC;EAC9C;EAEAjD,OAAO,CAAC+G,cAAc,GAAG,IAAI;;EAE7B;EACA;EACA;EACA;;EAEA,OAAO3G,IAAI,CAACyC,WAAW,CAAChC,WAAW,CAAC4B,IAAI,CACtCrC,IAAI,CAACyC,WAAW,EAAE6C,QAAQ,EAAEC,OAAO,EAAE3F,OAAO,CAAC;AACjD,CAAC;AAEDF,mBAAmB,CAACkH,gBAAgB,GAAG,UACnCrD,MAAM,EAAE+B,QAAQ,EAAEC,OAAO,EAAE3F,OAAO,EAAE;EACtC,MAAMI,IAAI,GAAG,IAAI;EAEjB6B,KAAK,CAAC0D,OAAO,EAAEjG,MAAM,CAAC;EAEtBM,OAAO,GAAGN,MAAM,CAACkG,MAAM,CAAClG,MAAM,CAAC2E,MAAM,CAAC,IAAI,CAAC,EAAErE,OAAO,CAAC;EAErD,IAAI,CAAC6F,eAAe,CAACC,4BAA4B,CAACJ,QAAQ,CAAC,EACzD,MAAM,IAAIzC,KAAK,CAAC,2CAA2C,CAAC;;EAE9D;EACA;EACA,IAAIjD,OAAO,CAAC+F,MAAM,EAChB,MAAM,IAAI1E,MAAM,CAAC4B,KAAK,CAAC,GAAG,EAAE,6BAA6B,GAClC,qCAAqC,CAAC;EAE/D,MAAM+C,cAAc,GAAG,wDAAwD,GACzE,yEAAyE,GACzE,YAAY;EAElB,MAAMC,WAAW,GAAGvG,MAAM,CAAC8E,IAAI,CAACmB,OAAO,CAAC;;EAExC;EACA,MAAMO,cAAc,GAAG,CAAC,CAAC;EAEzB,IAAID,WAAW,CAACjD,MAAM,KAAK,CAAC,EAAE;IAC5B,MAAM,IAAI3B,MAAM,CAAC4B,KAAK,CAAC,GAAG,EAAE+C,cAAc,CAAC;EAC7C;EACAC,WAAW,CAACxE,OAAO,CAAE0E,EAAE,IAAK;IAC1B,MAAMC,MAAM,GAAGT,OAAO,CAACQ,EAAE,CAAC;IAC1B,IAAIA,EAAE,CAAC9C,MAAM,CAAC,CAAC,CAAC,KAAK,GAAG,EAAE;MACxB,MAAM,IAAIhC,MAAM,CAAC4B,KAAK,CAAC,GAAG,EAAE+C,cAAc,CAAC;IAC7C,CAAC,MAAM,IAAI,CAACvG,MAAM,CAACgD,IAAI,CAAC4D,yBAAyB,EAAEF,EAAE,CAAC,EAAE;MACtD,MAAM,IAAI9E,MAAM,CAAC4B,KAAK,CACpB,GAAG,EAAE,0BAA0B,GAAGkD,EAAE,GAAG,0CAA0C,CAAC;IACtF,CAAC,MAAM;MACLzG,MAAM,CAAC8E,IAAI,CAAC4B,MAAM,CAAC,CAAC3E,OAAO,CAAE6E,KAAK,IAAK;QACrC;QACA;QACA,IAAIA,KAAK,CAACC,OAAO,CAAC,GAAG,CAAC,KAAK,CAAC,CAAC,EAC3BD,KAAK,GAAGA,KAAK,CAACE,SAAS,CAAC,CAAC,EAAEF,KAAK,CAACC,OAAO,CAAC,GAAG,CAAC,CAAC;;QAEhD;QACAL,cAAc,CAACI,KAAK,CAAC,GAAG,IAAI;MAC9B,CAAC,CAAC;IACJ;EACF,CAAC,CAAC;EAEF,MAAMnC,MAAM,GAAGzE,MAAM,CAAC8E,IAAI,CAAC0B,cAAc,CAAC;EAE1C,MAAMO,WAAW,GAAG;IAACC,SAAS,EAAE;EAAI,CAAC;EACrC,IAAI,CAACtG,IAAI,CAACI,WAAW,CAACS,cAAc,EAAE;IACpCwF,WAAW,CAACtC,MAAM,GAAG,CAAC,CAAC;IACvB/D,IAAI,CAACI,WAAW,CAACQ,KAAK,CAACS,OAAO,CAAEkF,SAAS,IAAK;MAC5CF,WAAW,CAACtC,MAAM,CAACwC,SAAS,CAAC,GAAG,CAAC;IACnC,CAAC,CAAC;EACJ;EAEA,MAAM1B,GAAG,GAAG7E,IAAI,CAACyC,WAAW,CAACoE,OAAO,CAACvB,QAAQ,EAAEe,WAAW,CAAC;EAC3D,IAAI,CAACxB,GAAG;IAAG;IACT,OAAO,CAAC;;EAEV;EACA;EACA,IAAI7E,IAAI,CAACI,WAAW,CAACE,MAAM,CAACR,IAAI,CAACqF,IAAI,CAAEL,SAAS,IAAK;IACnD,MAAM2B,YAAY,GAAGC,YAAY,CAAC5B,SAAS,EAAED,GAAG,CAAC;IACjD,OAAOC,SAAS,CAACvB,MAAM,EACNkD,YAAY,EACZ1C,MAAM,EACNwB,OAAO,CAAC;EAC3B,CAAC,CAAC,EAAE;IACF,MAAM,IAAItE,MAAM,CAAC4B,KAAK,CAAC,GAAG,EAAE,eAAe,CAAC;EAC9C;EACA;EACA,IAAI7C,IAAI,CAACI,WAAW,CAACE,MAAM,CAACX,KAAK,CAACyF,KAAK,CAAEN,SAAS,IAAK;IACrD,MAAM2B,YAAY,GAAGC,YAAY,CAAC5B,SAAS,EAAED,GAAG,CAAC;IACjD,OAAO,CAACC,SAAS,CAACvB,MAAM,EACNkD,YAAY,EACZ1C,MAAM,EACNwB,OAAO,CAAC;EAC5B,CAAC,CAAC,EAAE;IACF,MAAM,IAAItE,MAAM,CAAC4B,KAAK,CAAC,GAAG,EAAE,eAAe,CAAC;EAC9C;EAEAjD,OAAO,CAAC+G,cAAc,GAAG,IAAI;;EAE7B;EACA;EACA;EACA;;EAEA,OAAO3G,IAAI,CAACyC,WAAW,CAACnC,MAAM,CAAC+B,IAAI,CACjCrC,IAAI,CAACyC,WAAW,EAAE6C,QAAQ,EAAEC,OAAO,EAAE3F,OAAO,CAAC;AACjD,CAAC;;AAED;AACA;AACA;AACA;AACA;AACA;AACA,MAAMqG,yBAAyB,GAAG;EAChCa,IAAI,EAAC,CAAC;EAAEC,IAAI,EAAC,CAAC;EAAEC,MAAM,EAAC,CAAC;EAAEC,SAAS,EAAC,CAAC;EAAEC,IAAI,EAAC,CAAC;EAAEC,QAAQ,EAAC,CAAC;EAAEC,KAAK,EAAC,CAAC;EAClEC,QAAQ,EAAC,CAAC;EAAEC,KAAK,EAAC,CAAC;EAAEC,IAAI,EAAC;AAC5B,CAAC;;AAED;AACA;AACA7H,mBAAmB,CAAC8H,qBAAqB,GAAG,gBAAejE,MAAM,EAAE+B,QAAQ,EAAE;EAC3E,MAAMtF,IAAI,GAAG,IAAI;EAEjB,MAAMqG,WAAW,GAAG;IAACC,SAAS,EAAE;EAAI,CAAC;EACrC,IAAI,CAACtG,IAAI,CAACI,WAAW,CAACS,cAAc,EAAE;IACpCwF,WAAW,CAACtC,MAAM,GAAG,CAAC,CAAC;IACvB/D,IAAI,CAACI,WAAW,CAACQ,KAAK,CAACS,OAAO,CAAEkF,SAAS,IAAK;MAC5CF,WAAW,CAACtC,MAAM,CAACwC,SAAS,CAAC,GAAG,CAAC;IACnC,CAAC,CAAC;EACJ;EAEA,MAAM1B,GAAG,GAAG,MAAM7E,IAAI,CAACyC,WAAW,CAAC+D,YAAY,CAAClB,QAAQ,EAAEe,WAAW,CAAC;EACtE,IAAI,CAACxB,GAAG,EACN,OAAO,CAAC;;EAEV;EACA;EACA,IAAI,MAAMN,SAAS,CAACvE,IAAI,CAACI,WAAW,CAACM,WAAW,CAACZ,IAAI,EAAE,MAAOgF,SAAS,IAAK;IAC1E,MAAMC,MAAM,GAAGD,SAAS,CAACvB,MAAM,EAAEmD,YAAY,CAAC5B,SAAS,EAAED,GAAG,CAAC,CAAC;IAC9D,OAAO5D,MAAM,CAACgE,UAAU,CAACF,MAAM,CAAC,GAAG,MAAMA,MAAM,GAAGA,MAAM;EAC1D,CAAC,CAAC,EAAE;IACF,MAAM,IAAI9D,MAAM,CAAC4B,KAAK,CAAC,GAAG,EAAE,eAAe,CAAC;EAC9C;EACA;EACA,IAAI,MAAM8B,UAAU,CAAC3E,IAAI,CAACI,WAAW,CAACM,WAAW,CAACf,KAAK,EAAE,MAAOmF,SAAS,IAAK;IAC5E,MAAMC,MAAM,GAAGD,SAAS,CAACvB,MAAM,EAAEmD,YAAY,CAAC5B,SAAS,EAAED,GAAG,CAAC,CAAC;IAC9D,OAAO,EAAE5D,MAAM,CAACgE,UAAU,CAACF,MAAM,CAAC,GAAG,MAAMA,MAAM,GAAGA,MAAM,CAAC;EAC7D,CAAC,CAAC,EAAE;IACF,MAAM,IAAI9D,MAAM,CAAC4B,KAAK,CAAC,GAAG,EAAE,eAAe,CAAC;EAC9C;;EAEA;EACA;EACA;EACA;;EAEA,OAAO7C,IAAI,CAACyC,WAAW,CAAC/B,WAAW,CAAC2B,IAAI,CAACrC,IAAI,CAACyC,WAAW,EAAE6C,QAAQ,CAAC;AACtE,CAAC;AAED5F,mBAAmB,CAAC+H,gBAAgB,GAAG,UAASlE,MAAM,EAAE+B,QAAQ,EAAE;EAChE,MAAMtF,IAAI,GAAG,IAAI;EAEjB,MAAMqG,WAAW,GAAG;IAACC,SAAS,EAAE;EAAI,CAAC;EACrC,IAAI,CAACtG,IAAI,CAACI,WAAW,CAACS,cAAc,EAAE;IACpCwF,WAAW,CAACtC,MAAM,GAAG,CAAC,CAAC;IACvB/D,IAAI,CAACI,WAAW,CAACQ,KAAK,CAACS,OAAO,CAAEkF,SAAS,IAAK;MAC5CF,WAAW,CAACtC,MAAM,CAACwC,SAAS,CAAC,GAAG,CAAC;IACnC,CAAC,CAAC;EACJ;EAEA,MAAM1B,GAAG,GAAG7E,IAAI,CAACyC,WAAW,CAACoE,OAAO,CAACvB,QAAQ,EAAEe,WAAW,CAAC;EAC3D,IAAI,CAACxB,GAAG,EACN,OAAO,CAAC;;EAEV;EACA;EACA,IAAI7E,IAAI,CAACI,WAAW,CAACG,MAAM,CAACT,IAAI,CAACqF,IAAI,CAAEL,SAAS,IAAK;IACnD,OAAOA,SAAS,CAACvB,MAAM,EAAEmD,YAAY,CAAC5B,SAAS,EAAED,GAAG,CAAC,CAAC;EACxD,CAAC,CAAC,EAAE;IACF,MAAM,IAAI5D,MAAM,CAAC4B,KAAK,CAAC,GAAG,EAAE,eAAe,CAAC;EAC9C;EACA;EACA,IAAI7C,IAAI,CAACI,WAAW,CAACG,MAAM,CAACZ,KAAK,CAACyF,KAAK,CAAEN,SAAS,IAAK;IACrD,OAAO,CAACA,SAAS,CAACvB,MAAM,EAAEmD,YAAY,CAAC5B,SAAS,EAAED,GAAG,CAAC,CAAC;EACzD,CAAC,CAAC,EAAE;IACF,MAAM,IAAI5D,MAAM,CAAC4B,KAAK,CAAC,GAAG,EAAE,eAAe,CAAC;EAC9C;;EAEA;EACA;EACA;EACA;;EAEA,OAAO7C,IAAI,CAACyC,WAAW,CAAClC,MAAM,CAAC8B,IAAI,CAACrC,IAAI,CAACyC,WAAW,EAAE6C,QAAQ,CAAC;AACjE,CAAC;AAED5F,mBAAmB,CAACgI,uBAAuB,GAAG,SAASA,uBAAuBA,CAAC/F,IAAI,EAAEM,IAAI,EAAgB;EAAA,IAAdrC,OAAO,GAAAkC,SAAA,CAAAc,MAAA,QAAAd,SAAA,QAAA3B,SAAA,GAAA2B,SAAA,MAAG,CAAC,CAAC;EAErG;EACA,MAAM6F,kBAAkB,GAAGhG,IAAI,KAAK,aAAa,IAAIA,IAAI,KAAK,aAAa;EAC3E,IAAIgG,kBAAkB,IAAI,CAACC,mBAAmB,CAAC,CAAC,EAAE;IAChD;IACA;IACA;IACAjF,sBAAsB,CAACV,IAAI,CAAC,CAAC,CAAC,EAAEN,IAAI,CAAC;EACvC;EAEA,MAAMkG,iBAAiB,GAAG,IAAI,CAAC9G,OAAO,GAAGY,IAAI;EAC7C,OAAO,IAAI,CAACX,WAAW,CAAC8G,UAAU,CAACD,iBAAiB,EAAE5F,IAAI,EAAAjD,aAAA;IACxD+I,eAAe,EAAE,IAAI,CAACC,YAAY,KAAK,MAAM,IAAI,IAAI,CAACA,YAAY,IAAI,IAAI;IAC1E;IACAC,yBAAyB,EAAE,CAAC,IAAI,CAACjH,WAAW,CAACkH,OAAO,CAACC,OAAO,IAAI,IAAI,CAACH,YAAY,KAAK;EAAM,GACzFpI,OAAO,CACX,CAAC;AACJ,CAAC;AAEDF,mBAAmB,CAAC0I,kBAAkB,GAAG,SAASA,kBAAkBA,CAACzG,IAAI,EAAEM,IAAI,EAAEoG,QAAQ,EAAE;EACzF,IAAIpH,MAAM,CAACE,QAAQ,IAAI,CAACkH,QAAQ,IAAI,CAACT,mBAAmB,CAAC,CAAC,EAAE;IAC1D;IACA;IACA;IACA;IACA;IACA;IACA;IACA;IACAS,QAAQ,GAAG,SAAAA,CAAUC,GAAG,EAAE;MACxB,IAAIA,GAAG,EACLrH,MAAM,CAACsH,MAAM,CAAC5G,IAAI,GAAG,SAAS,EAAE2G,GAAG,CAAC;IACxC,CAAC;EACH;;EAEA;EACA,MAAMX,kBAAkB,GAAGhG,IAAI,KAAK,QAAQ,IAAIA,IAAI,KAAK,QAAQ;EACjE,IAAIgG,kBAAkB,IAAI,CAACC,mBAAmB,CAAC,CAAC,EAAE;IAChD;IACA;IACA;IACAjF,sBAAsB,CAACV,IAAI,CAAC,CAAC,CAAC,EAAEN,IAAI,CAAC;EACvC;EAEA,MAAMkG,iBAAiB,GAAG,IAAI,CAAC9G,OAAO,GAAGY,IAAI;EAC7C,OAAO,IAAI,CAACX,WAAW,CAAC0B,KAAK,CAC3BmF,iBAAiB,EAAE5F,IAAI,EAAE;IAAE8F,eAAe,EAAE;EAAK,CAAC,EAAEM,QAAQ,CAAC;AACjE,CAAC;AAED,SAAS3B,YAAYA,CAAC5B,SAAS,EAAED,GAAG,EAAE;EACpC,IAAIC,SAAS,CAACwB,SAAS,EACrB,OAAOxB,SAAS,CAACwB,SAAS,CAACzB,GAAG,CAAC;EACjC,OAAOA,GAAG;AACZ;AAEA,SAASG,aAAaA,CAACF,SAAS,EAAED,GAAG,EAAEzC,WAAW,EAAE;EAClD,IAAIoG,GAAG,GAAG3D,GAAG;EACb,IAAIC,SAAS,CAACwB,SAAS,EAAE;IACvBkC,GAAG,GAAGC,KAAK,CAACC,KAAK,CAAC7D,GAAG,CAAC;IACtB;IACA;IACA;IACA;IACA;IACA,IAAIzC,WAAW,KAAK,IAAI,EAAE;MACxBoG,GAAG,CAAChG,GAAG,GAAGJ,WAAW;IACvB;IACAoG,GAAG,GAAG1D,SAAS,CAACwB,SAAS,CAACkC,GAAG,CAAC;EAChC;EACA,OAAOA,GAAG;AACZ;AAEA,SAAS3I,YAAYA,CAAC8I,UAAU,EAAEC,WAAW,EAAEhJ,OAAO,EAAE;EACtD;EACA,MAAMiJ,cAAc,GAAG,gFAAgF;EACvGvJ,MAAM,CAAC8E,IAAI,CAACxE,OAAO,CAAC,CAACyB,OAAO,CAAEyH,GAAG,IAAK;IACpC,IAAI,CAACD,cAAc,CAACE,IAAI,CAACD,GAAG,CAAC,EAC3B,MAAM,IAAIjG,KAAK,CAAC+F,WAAW,GAAG,iBAAiB,GAAGE,GAAG,CAAC;EAC1D,CAAC,CAAC;EAEFH,UAAU,CAAC1I,WAAW,GAAG,IAAI;EAE7B,CACE,aAAa,EACb,aAAa,EACb,aAAa,EACb,QAAQ,EACR,QAAQ,EACR,QAAQ,CACT,CAACoB,OAAO,CAACM,IAAI,IAAI;IAChB,IAAItC,MAAM,CAACgD,IAAI,CAACzC,OAAO,EAAE+B,IAAI,CAAC,EAAE;MAC9B,IAAI,EAAE/B,OAAO,CAAC+B,IAAI,CAAC,YAAYqH,QAAQ,CAAC,EAAE;QACxC,MAAM,IAAInG,KAAK,CACb+F,WAAW,GAAG,eAAe,GAAGjH,IAAI,GAAG,sBACzC,CAAC;MACH;;MAEA;MACA;MACA;MACA,IAAI/B,OAAO,CAAC0G,SAAS,KAAKnG,SAAS,EAAE;QACnCP,OAAO,CAAC+B,IAAI,CAAC,CAAC2E,SAAS,GAAGqC,UAAU,CAACM,UAAU,CAAC,CAAC;MACnD,CAAC,MAAM;QACLrJ,OAAO,CAAC+B,IAAI,CAAC,CAAC2E,SAAS,GAAGb,eAAe,CAACyD,aAAa,CACrDtJ,OAAO,CAAC0G,SACV,CAAC;MACH;MACAqC,UAAU,CAACvI,WAAW,CAACuB,IAAI,CAAC,CAACiH,WAAW,CAAC,CAACpF,IAAI,CAAC5D,OAAO,CAAC+B,IAAI,CAAC,CAAC;IAC/D;EACF,CAAC,CAAC;;EAEF;EACA;EACA;EACA,IAAI/B,OAAO,CAACa,WAAW,IAAIb,OAAO,CAACc,WAAW,IAAId,OAAO,CAACgB,KAAK,EAAE;IAC/D,IAAIhB,OAAO,CAACgB,KAAK,IAAI,EAAEhB,OAAO,CAACgB,KAAK,YAAYsB,KAAK,CAAC,EAAE;MACtD,MAAM,IAAIW,KAAK,CAAC+F,WAAW,GAAG,sCAAsC,CAAC;IACvE;IACAD,UAAU,CAAC7E,YAAY,CAAClE,OAAO,CAACgB,KAAK,CAAC;EACxC;AACF;AAEA,SAAS+B,sBAAsBA,CAAC2C,QAAQ,EAAE/D,UAAU,EAAE;EACpD,IAAI,CAACkE,eAAe,CAACC,4BAA4B,CAACJ,QAAQ,CAAC,EAAE;IAC3D,MAAM,IAAIrE,MAAM,CAAC4B,KAAK,CACpB,GAAG,EAAE,yCAAyC,GAAGtB,UAAU,GACzD,mBAAmB,CAAC;EAC1B;AACF;AAAC;;AAED;AACA,SAASqG,mBAAmBA,CAAA,EAAG;EAC7B,IAAIuB,iBAAiB,GACnBC,GAAG,CAACC,wBAAwB;EAC5B;EACA;EACAD,GAAG,CAACE,kBAAkB;EAExB,MAAMC,SAAS,GAAGJ,iBAAiB,CAACK,GAAG,CAAC,CAAC;EACzC,OAAOD,SAAS,IAAIA,SAAS,CAAChH,YAAY;AAC5C","ignoreList":[]},"sourceType":"module","externalDependencies":{},"hash":"ab3bb024ba0407b00b86a7981d095a8b1b1d06c4"}
