{"metadata":{},"options":{"assumptions":{},"compact":false,"sourceMaps":true,"ast":true,"babelrc":false,"configFile":false,"parserOpts":{"sourceType":"module","sourceFileName":"/Users/matteodemicheli/Sites/meteor-boilerplate/packages/minimongo/constants.js","plugins":["*","flow","jsx","asyncGenerators","bigInt","classPrivateMethods","classPrivateProperties","classProperties","doExpressions","dynamicImport","exportDefaultFrom","exportExtensions","exportNamespaceFrom","functionBind","functionSent","importMeta","nullishCoalescingOperator","numericSeparator","objectRestSpread","optionalCatchBinding","optionalChaining",["pipelineOperator",{"proposal":"minimal"}],"throwExpressions","topLevelAwait","classProperties","classPrivateProperties","jsx","nullishCoalescingOperator","nullishCoalescingOperator","optionalChaining","optionalChaining","optionalCatchBinding","optionalCatchBinding","classProperties","classPrivateProperties","classPrivateMethods","classProperties","classPrivateProperties","asyncGenerators","asyncGenerators","objectRestSpread","objectRestSpread","logicalAssignment"],"allowImportExportEverywhere":true,"allowReturnOutsideFunction":true,"allowUndeclaredExports":true,"strictMode":false},"caller":{"name":"meteor","arch":"web.browser.legacy"},"sourceFileName":"packages/minimongo/constants.js","filename":"/Users/matteodemicheli/Sites/meteor-boilerplate/packages/minimongo/constants.js","targets":{},"cloneInputAst":true,"browserslistConfigFile":false,"passPerPreset":false,"envName":"development","cwd":"/Users/matteodemicheli/Sites/meteor-boilerplate","root":"/Users/matteodemicheli/Sites/meteor-boilerplate","rootMode":"root","plugins":[{"key":"base$0","visitor":{"_exploded":true,"_verified":true},"options":{},"externalDependencies":[]},{"key":"base$0$0","visitor":{"Program":{"enter":[null],"exit":[null]},"_exploded":true,"_verified":true},"options":{"avoidModernSyntax":true,"enforceStrictMode":false,"dynamicImport":true},"externalDependencies":[]},{"key":"transform-runtime","visitor":{"MemberExpression":{"enter":[null]},"ObjectPattern":{"enter":[null]},"BinaryExpression":{"enter":[null]},"Identifier":{"enter":[null]},"JSXIdentifier":{"enter":[null]},"_exploded":true,"_verified":true},"options":{"version":"7.17.2","helpers":true,"useESModules":false,"corejs":false},"externalDependencies":[]},{"key":"proposal-class-properties","visitor":{"ExportDefaultDeclaration":{"enter":[null]},"_exploded":true,"_verified":true,"ClassExpression":{"enter":[null]},"ClassDeclaration":{"enter":[null]}},"options":{"loose":true},"externalDependencies":[]},{"key":"base$0$3","visitor":{"FunctionExpression":{"exit":[null]},"_exploded":true,"_verified":true},"options":{},"externalDependencies":[]},{"key":"base$0$4","visitor":{"ForInStatement":{"enter":[null]},"_exploded":true,"_verified":true},"options":{},"externalDependencies":[]},{"key":"transform-react-jsx","visitor":{"JSXNamespacedName":{"enter":[null]},"JSXSpreadChild":{"enter":[null]},"Program":{"enter":[null]},"JSXFragment":{"exit":[null]},"JSXElement":{"exit":[null]},"JSXAttribute":{"enter":[null]},"_exploded":true,"_verified":true},"options":{"pragma":"React.createElement","pragmaFrag":"React.Fragment","runtime":"classic","throwIfNamespace":true,"useBuiltIns":false},"externalDependencies":[]},{"key":"transform-react-display-name","visitor":{"ExportDefaultDeclaration":{"enter":[null]},"CallExpression":{"enter":[null]},"_exploded":true,"_verified":true},"options":{},"externalDependencies":[]},{"key":"transform-react-pure-annotations","visitor":{"CallExpression":{"enter":[null]},"_exploded":true,"_verified":true},"options":{},"externalDependencies":[]},{"key":"syntax-nullish-coalescing-operator","visitor":{"_exploded":true,"_verified":true},"options":{},"externalDependencies":[]},{"key":"proposal-nullish-coalescing-operator","visitor":{"LogicalExpression":{"enter":[null]},"_exploded":true,"_verified":true},"options":{},"externalDependencies":[]},{"key":"syntax-optional-chaining","visitor":{"_exploded":true,"_verified":true},"options":{},"externalDependencies":[]},{"key":"proposal-optional-chaining","visitor":{"OptionalCallExpression":{"enter":[null]},"OptionalMemberExpression":{"enter":[null]},"_exploded":true,"_verified":true},"options":{},"externalDependencies":[]},{"key":"syntax-optional-catch-binding","visitor":{"_exploded":true,"_verified":true},"options":{},"externalDependencies":[]},{"key":"proposal-optional-catch-binding","visitor":{"CatchClause":{"enter":[null]},"_exploded":true,"_verified":true},"options":{},"externalDependencies":[]},{"key":"syntax-class-properties","visitor":{"_exploded":true,"_verified":true},"options":{},"externalDependencies":[]},{"key":"proposal-class-properties","visitor":{"ExportDefaultDeclaration":{"enter":[null]},"_exploded":true,"_verified":true,"ClassExpression":{"enter":[null]},"ClassDeclaration":{"enter":[null]}},"options":{},"externalDependencies":[]},{"key":"syntax-async-generators","visitor":{"_exploded":true,"_verified":true},"options":{},"externalDependencies":[]},{"key":"proposal-async-generator-functions","visitor":{"Program":{"enter":[null]},"_exploded":true,"_verified":true},"options":{},"externalDependencies":[]},{"key":"syntax-object-rest-spread","visitor":{"_exploded":true,"_verified":true},"options":{},"externalDependencies":[]},{"key":"proposal-object-rest-spread","visitor":{"VariableDeclarator":{"enter":[null]},"ExportNamedDeclaration":{"enter":[null]},"CatchClause":{"enter":[null]},"AssignmentExpression":{"enter":[null]},"ArrayPattern":{"enter":[null]},"ObjectExpression":{"enter":[null]},"FunctionDeclaration":{"enter":[null]},"FunctionExpression":{"enter":[null]},"ObjectMethod":{"enter":[null]},"ArrowFunctionExpression":{"enter":[null]},"ClassMethod":{"enter":[null]},"ClassPrivateMethod":{"enter":[null]},"ForInStatement":{"enter":[null]},"ForOfStatement":{"enter":[null]},"_exploded":true,"_verified":true},"options":{},"externalDependencies":[]},{"key":"proposal-logical-assignment-operators","visitor":{"AssignmentExpression":{"enter":[null]},"_exploded":true,"_verified":true},"options":{},"externalDependencies":[]},{"key":"transform-arrow-functions","visitor":{"ArrowFunctionExpression":{"enter":[null]},"_exploded":true,"_verified":true},"options":{},"externalDependencies":[]},{"key":"transform-block-scoped-functions","visitor":{"BlockStatement":{"enter":[null]},"SwitchCase":{"enter":[null]},"_exploded":true,"_verified":true},"options":{},"externalDependencies":[]},{"key":"transform-block-scoping","visitor":{"VariableDeclaration":{"enter":[null,null]},"BlockStatement":{"enter":[null]},"SwitchCase":{"enter":[null]},"ClassDeclaration":{"enter":[null]},"DoWhileStatement":{"enter":[null]},"ForInStatement":{"enter":[null]},"ForStatement":{"enter":[null]},"WhileStatement":{"enter":[null]},"ForOfStatement":{"enter":[null]},"_exploded":true,"_verified":true},"options":{},"externalDependencies":[]},{"key":"transform-classes","visitor":{"ExportDefaultDeclaration":{"enter":[null]},"ClassDeclaration":{"enter":[null]},"ClassExpression":{"enter":[null]},"_exploded":true,"_verified":true},"options":{"loose":true},"externalDependencies":[]},{"key":"transform-computed-properties","visitor":{"ObjectExpression":{"exit":[null]},"_exploded":true,"_verified":true},"options":{"loose":true},"externalDependencies":[]},{"key":"transform-destructuring","visitor":{"ExportNamedDeclaration":{"enter":[null]},"CatchClause":{"enter":[null]},"AssignmentExpression":{"enter":[null]},"VariableDeclaration":{"enter":[null]},"_exploded":true,"_verified":true,"ForInStatement":{"enter":[null]},"ForOfStatement":{"enter":[null]}},"options":{},"externalDependencies":[]},{"key":"transform-for-of","visitor":{"ForOfStatement":{"enter":[null]},"_exploded":true,"_verified":true},"options":{"loose":true},"externalDependencies":[]},{"key":"transform-literals","visitor":{"NumericLiteral":{"enter":[null]},"StringLiteral":{"enter":[null]},"_exploded":true,"_verified":true},"options":{},"externalDependencies":[]},{"key":"transform-object-super","visitor":{"ObjectExpression":{"enter":[null]},"_exploded":true,"_verified":true,"DoWhileStatement":{"exit":[null]},"ForInStatement":{"exit":[null]},"ForStatement":{"exit":[null]},"WhileStatement":{"exit":[null]},"ForOfStatement":{"exit":[null]}},"options":{},"externalDependencies":[]},{"key":"transform-parameters","visitor":{"_exploded":true,"_verified":true,"FunctionDeclaration":{"enter":[null]},"FunctionExpression":{"enter":[null]},"ObjectMethod":{"enter":[null]},"ArrowFunctionExpression":{"enter":[null]},"ClassMethod":{"enter":[null]},"ClassPrivateMethod":{"enter":[null]}},"options":{},"externalDependencies":[]},{"key":"transform-shorthand-properties","visitor":{"ObjectMethod":{"enter":[null]},"ObjectProperty":{"enter":[null]},"_exploded":true,"_verified":true},"options":{},"externalDependencies":[]},{"key":"transform-spread","visitor":{"ArrayExpression":{"enter":[null]},"CallExpression":{"enter":[null]},"NewExpression":{"enter":[null]},"_exploded":true,"_verified":true},"options":{},"externalDependencies":[]},{"key":"transform-sticky-regex","visitor":{"RegExpLiteral":{"enter":[null]},"_exploded":true,"_verified":true},"options":{},"externalDependencies":[]},{"key":"transform-template-literals","visitor":{"TaggedTemplateExpression":{"enter":[null]},"TemplateLiteral":{"enter":[null]},"_exploded":true,"_verified":true},"options":{"loose":true},"externalDependencies":[]},{"key":"transform-typeof-symbol","visitor":{"UnaryExpression":{"enter":[null]},"_exploded":true,"_verified":true,"BlockStatement":{"enter":[null]},"CatchClause":{"enter":[null]},"DoWhileStatement":{"enter":[null]},"ForInStatement":{"enter":[null]},"ForStatement":{"enter":[null]},"FunctionDeclaration":{"enter":[null]},"FunctionExpression":{"enter":[null]},"Program":{"enter":[null]},"ObjectMethod":{"enter":[null]},"SwitchStatement":{"enter":[null]},"WhileStatement":{"enter":[null]},"ArrowFunctionExpression":{"enter":[null]},"ClassExpression":{"enter":[null]},"ClassDeclaration":{"enter":[null]},"ForOfStatement":{"enter":[null]},"ClassMethod":{"enter":[null]},"ClassPrivateMethod":{"enter":[null]},"StaticBlock":{"enter":[null]},"TSModuleBlock":{"enter":[null]},"AssignmentPattern":{"enter":[null]},"ArrayPattern":{"enter":[null]},"ObjectPattern":{"enter":[null]}},"options":{},"externalDependencies":[]},{"key":"transform-unicode-regex","visitor":{"RegExpLiteral":{"enter":[null]},"_exploded":true,"_verified":true},"options":{},"externalDependencies":[]},{"key":"transform-property-literals","visitor":{"ObjectProperty":{"exit":[null]},"_exploded":true,"_verified":true},"options":{},"externalDependencies":[]},{"key":"transform-exponentiation-operator","visitor":{"AssignmentExpression":{"enter":[null]},"BinaryExpression":{"enter":[null]},"_exploded":true,"_verified":true},"options":{},"externalDependencies":[]},{"key":"transform-regenerator","visitor":{"ObjectMethod":{"enter":[null],"exit":[null]},"ClassMethod":{"enter":[null],"exit":[null]},"ClassPrivateMethod":{"enter":[null],"exit":[null]},"FunctionDeclaration":{"exit":[null]},"FunctionExpression":{"exit":[null]},"ArrowFunctionExpression":{"exit":[null]},"CallExpression":{"enter":[null]},"_exploded":true,"_verified":true},"options":{},"externalDependencies":[]}],"presets":[],"generatorOpts":{"filename":"/Users/matteodemicheli/Sites/meteor-boilerplate/packages/minimongo/constants.js","comments":true,"compact":false,"sourceMaps":true,"sourceFileName":"packages/minimongo/constants.js"}},"code":"module.export({\n  getAsyncMethodName: function () {\n    return getAsyncMethodName;\n  },\n  ASYNC_COLLECTION_METHODS: function () {\n    return ASYNC_COLLECTION_METHODS;\n  },\n  ASYNC_CURSOR_METHODS: function () {\n    return ASYNC_CURSOR_METHODS;\n  },\n  CLIENT_ONLY_METHODS: function () {\n    return CLIENT_ONLY_METHODS;\n  }\n});\nfunction getAsyncMethodName(method) {\n  return method.replace('_', '') + \"Async\";\n}\nvar ASYNC_COLLECTION_METHODS = ['_createCappedCollection', 'dropCollection', 'dropIndex',\n/**\n * @summary Creates the specified index on the collection.\n * @locus server\n * @method createIndexAsync\n * @memberof Mongo.Collection\n * @instance\n * @param {Object} index A document that contains the field and value pairs where the field is the index key and the value describes the type of index for that field. For an ascending index on a field, specify a value of `1`; for descending index, specify a value of `-1`. Use `text` for text indexes.\n * @param {Object} [options] All options are listed in [MongoDB documentation](https://docs.mongodb.com/manual/reference/method/db.collection.createIndex/#options)\n * @param {String} options.name Name of the index\n * @param {Boolean} options.unique Define that the index values must be unique, more at [MongoDB documentation](https://docs.mongodb.com/manual/core/index-unique/)\n * @param {Boolean} options.sparse Define that the index is sparse, more at [MongoDB documentation](https://docs.mongodb.com/manual/core/index-sparse/)\n * @returns {Promise}\n */\n'createIndex',\n/**\n * @summary Finds the first document that matches the selector, as ordered by sort and skip options. Returns `undefined` if no matching document is found.\n * @locus Anywhere\n * @method findOneAsync\n * @memberof Mongo.Collection\n * @instance\n * @param {MongoSelector} [selector] A query describing the documents to find\n * @param {Object} [options]\n * @param {MongoSortSpecifier} options.sort Sort order (default: natural order)\n * @param {Number} options.skip Number of results to skip at the beginning\n * @param {MongoFieldSpecifier} options.fields Dictionary of fields to return or exclude.\n * @param {Boolean} options.reactive (Client only) Default true; pass false to disable reactivity\n * @param {Function} options.transform Overrides `transform` on the [`Collection`](#collections) for this cursor.  Pass `null` to disable transformation.\n * @param {String} options.readPreference (Server only) Specifies a custom MongoDB [`readPreference`](https://docs.mongodb.com/manual/core/read-preference) for fetching the document. Possible values are `primary`, `primaryPreferred`, `secondary`, `secondaryPreferred` and `nearest`.\n * @returns {Promise}\n */\n'findOne',\n/**\n * @summary Insert a document in the collection.  Returns its unique _id.\n * @locus Anywhere\n * @method  insertAsync\n * @memberof Mongo.Collection\n * @instance\n * @param {Object} doc The document to insert. May not yet have an _id attribute, in which case Meteor will generate one for you.\n * @return {Promise}\n */\n'insert',\n/**\n * @summary Remove documents from the collection\n * @locus Anywhere\n * @method removeAsync\n * @memberof Mongo.Collection\n * @instance\n * @param {MongoSelector} selector Specifies which documents to remove\n * @return {Promise}\n */\n'remove',\n/**\n * @summary Modify one or more documents in the collection. Returns the number of matched documents.\n * @locus Anywhere\n * @method updateAsync\n * @memberof Mongo.Collection\n * @instance\n * @param {MongoSelector} selector Specifies which documents to modify\n * @param {MongoModifier} modifier Specifies how to modify the documents\n * @param {Object} [options]\n * @param {Boolean} options.multi True to modify all matching documents; false to only modify one of the matching documents (the default).\n * @param {Boolean} options.upsert True to insert a document if no matching documents are found.\n * @param {Array} options.arrayFilters Optional. Used in combination with MongoDB [filtered positional operator](https://docs.mongodb.com/manual/reference/operator/update/positional-filtered/) to specify which elements to modify in an array field.\n * @return {Promise}\n */\n'update',\n/**\n * @summary Modify one or more documents in the collection, or insert one if no matching documents were found. Returns an object with keys `numberAffected` (the number of documents modified)  and `insertedId` (the unique _id of the document that was inserted, if any).\n * @locus Anywhere\n * @method upsertAsync\n * @memberof Mongo.Collection\n * @instance\n * @param {MongoSelector} selector Specifies which documents to modify\n * @param {MongoModifier} modifier Specifies how to modify the documents\n * @param {Object} [options]\n * @param {Boolean} options.multi True to modify all matching documents; false to only modify one of the matching documents (the default).\n * @return {Promise}\n */\n'upsert'];\nvar ASYNC_CURSOR_METHODS = [\n/**\n * @deprecated in 2.9\n * @summary Returns the number of documents that match a query. This method is\n *          [deprecated since MongoDB 4.0](https://www.mongodb.com/docs/v4.4/reference/command/count/);\n *          see `Collection.countDocuments` and\n *          `Collection.estimatedDocumentCount` for a replacement.\n * @memberOf Mongo.Cursor\n * @method  countAsync\n * @instance\n * @locus Anywhere\n * @returns {Promise}\n */\n'count',\n/**\n * @summary Return all matching documents as an Array.\n * @memberOf Mongo.Cursor\n * @method  fetchAsync\n * @instance\n * @locus Anywhere\n * @returns {Promise}\n */\n'fetch',\n/**\n * @summary Call `callback` once for each matching document, sequentially and\n *          synchronously.\n * @locus Anywhere\n * @method  forEachAsync\n * @instance\n * @memberOf Mongo.Cursor\n * @param {IterationCallback} callback Function to call. It will be called\n *                                     with three arguments: the document, a\n *                                     0-based index, and <em>cursor</em>\n *                                     itself.\n * @param {Any} [thisArg] An object which will be the value of `this` inside\n *                        `callback`.\n * @returns {Promise}\n */\n'forEach',\n/**\n * @summary Map callback over all matching documents.  Returns an Array.\n * @locus Anywhere\n * @method mapAsync\n * @instance\n * @memberOf Mongo.Cursor\n * @param {IterationCallback} callback Function to call. It will be called\n *                                     with three arguments: the document, a\n *                                     0-based index, and <em>cursor</em>\n *                                     itself.\n * @param {Any} [thisArg] An object which will be the value of `this` inside\n *                        `callback`.\n * @returns {Promise}\n */\n'map'];\nvar CLIENT_ONLY_METHODS = [\"findOne\", \"insert\", \"remove\", \"update\", \"upsert\"];","map":{"version":3,"names":["module","export","getAsyncMethodName","ASYNC_COLLECTION_METHODS","ASYNC_CURSOR_METHODS","CLIENT_ONLY_METHODS","method","replace"],"sources":["packages/minimongo/constants.js"],"sourcesContent":["/** Exported values are also used in the mongo package. */\n\n/** @param {string} method */\nexport function getAsyncMethodName(method) {\n  return `${method.replace('_', '')}Async`;\n}\n\nexport const ASYNC_COLLECTION_METHODS = [\n  '_createCappedCollection',\n  'dropCollection',\n  'dropIndex',\n  /**\n   * @summary Creates the specified index on the collection.\n   * @locus server\n   * @method createIndexAsync\n   * @memberof Mongo.Collection\n   * @instance\n   * @param {Object} index A document that contains the field and value pairs where the field is the index key and the value describes the type of index for that field. For an ascending index on a field, specify a value of `1`; for descending index, specify a value of `-1`. Use `text` for text indexes.\n   * @param {Object} [options] All options are listed in [MongoDB documentation](https://docs.mongodb.com/manual/reference/method/db.collection.createIndex/#options)\n   * @param {String} options.name Name of the index\n   * @param {Boolean} options.unique Define that the index values must be unique, more at [MongoDB documentation](https://docs.mongodb.com/manual/core/index-unique/)\n   * @param {Boolean} options.sparse Define that the index is sparse, more at [MongoDB documentation](https://docs.mongodb.com/manual/core/index-sparse/)\n   * @returns {Promise}\n   */\n  'createIndex',\n  /**\n   * @summary Finds the first document that matches the selector, as ordered by sort and skip options. Returns `undefined` if no matching document is found.\n   * @locus Anywhere\n   * @method findOneAsync\n   * @memberof Mongo.Collection\n   * @instance\n   * @param {MongoSelector} [selector] A query describing the documents to find\n   * @param {Object} [options]\n   * @param {MongoSortSpecifier} options.sort Sort order (default: natural order)\n   * @param {Number} options.skip Number of results to skip at the beginning\n   * @param {MongoFieldSpecifier} options.fields Dictionary of fields to return or exclude.\n   * @param {Boolean} options.reactive (Client only) Default true; pass false to disable reactivity\n   * @param {Function} options.transform Overrides `transform` on the [`Collection`](#collections) for this cursor.  Pass `null` to disable transformation.\n   * @param {String} options.readPreference (Server only) Specifies a custom MongoDB [`readPreference`](https://docs.mongodb.com/manual/core/read-preference) for fetching the document. Possible values are `primary`, `primaryPreferred`, `secondary`, `secondaryPreferred` and `nearest`.\n   * @returns {Promise}\n   */\n  'findOne',\n  /**\n   * @summary Insert a document in the collection.  Returns its unique _id.\n   * @locus Anywhere\n   * @method  insertAsync\n   * @memberof Mongo.Collection\n   * @instance\n   * @param {Object} doc The document to insert. May not yet have an _id attribute, in which case Meteor will generate one for you.\n   * @return {Promise}\n   */\n  'insert',\n  /**\n   * @summary Remove documents from the collection\n   * @locus Anywhere\n   * @method removeAsync\n   * @memberof Mongo.Collection\n   * @instance\n   * @param {MongoSelector} selector Specifies which documents to remove\n   * @return {Promise}\n   */\n  'remove',\n  /**\n   * @summary Modify one or more documents in the collection. Returns the number of matched documents.\n   * @locus Anywhere\n   * @method updateAsync\n   * @memberof Mongo.Collection\n   * @instance\n   * @param {MongoSelector} selector Specifies which documents to modify\n   * @param {MongoModifier} modifier Specifies how to modify the documents\n   * @param {Object} [options]\n   * @param {Boolean} options.multi True to modify all matching documents; false to only modify one of the matching documents (the default).\n   * @param {Boolean} options.upsert True to insert a document if no matching documents are found.\n   * @param {Array} options.arrayFilters Optional. Used in combination with MongoDB [filtered positional operator](https://docs.mongodb.com/manual/reference/operator/update/positional-filtered/) to specify which elements to modify in an array field.\n   * @return {Promise}\n   */\n  'update',\n  /**\n   * @summary Modify one or more documents in the collection, or insert one if no matching documents were found. Returns an object with keys `numberAffected` (the number of documents modified)  and `insertedId` (the unique _id of the document that was inserted, if any).\n   * @locus Anywhere\n   * @method upsertAsync\n   * @memberof Mongo.Collection\n   * @instance\n   * @param {MongoSelector} selector Specifies which documents to modify\n   * @param {MongoModifier} modifier Specifies how to modify the documents\n   * @param {Object} [options]\n   * @param {Boolean} options.multi True to modify all matching documents; false to only modify one of the matching documents (the default).\n   * @return {Promise}\n   */\n  'upsert',\n];\n\nexport const ASYNC_CURSOR_METHODS = [\n  /**\n   * @deprecated in 2.9\n   * @summary Returns the number of documents that match a query. This method is\n   *          [deprecated since MongoDB 4.0](https://www.mongodb.com/docs/v4.4/reference/command/count/);\n   *          see `Collection.countDocuments` and\n   *          `Collection.estimatedDocumentCount` for a replacement.\n   * @memberOf Mongo.Cursor\n   * @method  countAsync\n   * @instance\n   * @locus Anywhere\n   * @returns {Promise}\n   */\n  'count',\n  /**\n   * @summary Return all matching documents as an Array.\n   * @memberOf Mongo.Cursor\n   * @method  fetchAsync\n   * @instance\n   * @locus Anywhere\n   * @returns {Promise}\n   */\n  'fetch',\n  /**\n   * @summary Call `callback` once for each matching document, sequentially and\n   *          synchronously.\n   * @locus Anywhere\n   * @method  forEachAsync\n   * @instance\n   * @memberOf Mongo.Cursor\n   * @param {IterationCallback} callback Function to call. It will be called\n   *                                     with three arguments: the document, a\n   *                                     0-based index, and <em>cursor</em>\n   *                                     itself.\n   * @param {Any} [thisArg] An object which will be the value of `this` inside\n   *                        `callback`.\n   * @returns {Promise}\n   */\n  'forEach',\n  /**\n   * @summary Map callback over all matching documents.  Returns an Array.\n   * @locus Anywhere\n   * @method mapAsync\n   * @instance\n   * @memberOf Mongo.Cursor\n   * @param {IterationCallback} callback Function to call. It will be called\n   *                                     with three arguments: the document, a\n   *                                     0-based index, and <em>cursor</em>\n   *                                     itself.\n   * @param {Any} [thisArg] An object which will be the value of `this` inside\n   *                        `callback`.\n   * @returns {Promise}\n   */\n  'map',\n];\n\nexport const CLIENT_ONLY_METHODS = [\"findOne\", \"insert\", \"remove\", \"update\", \"upsert\"];\n"],"mappings":"AAAAA,MAAM,CAACC,MAAM,CAAC;EAACC,kBAAkB,EAAC,SAAAA,CAAA,EAAU;IAAC,OAAOA,kBAAkB;EAAA,CAAC;EAACC,wBAAwB,EAAC,SAAAA,CAAA,EAAU;IAAC,OAAOA,wBAAwB;EAAA,CAAC;EAACC,oBAAoB,EAAC,SAAAA,CAAA,EAAU;IAAC,OAAOA,oBAAoB;EAAA,CAAC;EAACC,mBAAmB,EAAC,SAAAA,CAAA,EAAU;IAAC,OAAOA,mBAAmB;EAAA;AAAC,CAAC,CAAC;AAG/P,SAASH,kBAAkBA,CAACI,MAAM,EAAE;EACzC,OAAUA,MAAM,CAACC,OAAO,CAAC,GAAG,EAAE,EAAE,CAAC;AACnC;AAEO,IAAMJ,wBAAwB,GAAG,CACtC,yBAAyB,EACzB,gBAAgB,EAChB,WAAW;AACX;AACF;AACA;AACA;AACA;AACA;AACA;AACA;AACA;AACA;AACA;AACA;AACA;AACE,aAAa;AACb;AACF;AACA;AACA;AACA;AACA;AACA;AACA;AACA;AACA;AACA;AACA;AACA;AACA;AACA;AACA;AACE,SAAS;AACT;AACF;AACA;AACA;AACA;AACA;AACA;AACA;AACA;AACE,QAAQ;AACR;AACF;AACA;AACA;AACA;AACA;AACA;AACA;AACA;AACE,QAAQ;AACR;AACF;AACA;AACA;AACA;AACA;AACA;AACA;AACA;AACA;AACA;AACA;AACA;AACA;AACE,QAAQ;AACR;AACF;AACA;AACA;AACA;AACA;AACA;AACA;AACA;AACA;AACA;AACA;AACE,QAAQ,CACT;AAEM,IAAMC,oBAAoB,GAAG;AAClC;AACF;AACA;AACA;AACA;AACA;AACA;AACA;AACA;AACA;AACA;AACA;AACE,OAAO;AACP;AACF;AACA;AACA;AACA;AACA;AACA;AACA;AACE,OAAO;AACP;AACF;AACA;AACA;AACA;AACA;AACA;AACA;AACA;AACA;AACA;AACA;AACA;AACA;AACA;AACE,SAAS;AACT;AACF;AACA;AACA;AACA;AACA;AACA;AACA;AACA;AACA;AACA;AACA;AACA;AACA;AACE,KAAK,CACN;AAEM,IAAMC,mBAAmB,GAAG,CAAC,SAAS,EAAE,QAAQ,EAAE,QAAQ,EAAE,QAAQ,EAAE,QAAQ,CAAC","ignoreList":[]},"sourceType":"module","externalDependencies":{},"hash":"ab5ad1ede71c9a98fab1f64fb28bc3d5c9bd76e6"}
