{"metadata":{},"options":{"assumptions":{},"compact":false,"sourceMaps":true,"ast":true,"babelrc":false,"configFile":false,"parserOpts":{"sourceType":"module","sourceFileName":"/Users/matteodemicheli/Sites/meteor-boilerplate/packages/minimongo/cursor.js","plugins":["*","flow","jsx","asyncGenerators","bigInt","classPrivateMethods","classPrivateProperties","classProperties","doExpressions","dynamicImport","exportDefaultFrom","exportExtensions","exportNamespaceFrom","functionBind","functionSent","importMeta","nullishCoalescingOperator","numericSeparator","objectRestSpread","optionalCatchBinding","optionalChaining",["pipelineOperator",{"proposal":"minimal"}],"throwExpressions","topLevelAwait","classProperties","classPrivateProperties","jsx","nullishCoalescingOperator","nullishCoalescingOperator","optionalChaining","optionalChaining","optionalCatchBinding","optionalCatchBinding","classProperties","classPrivateProperties","classPrivateMethods","classProperties","classPrivateProperties","asyncGenerators","asyncGenerators","objectRestSpread","objectRestSpread","logicalAssignment"],"allowImportExportEverywhere":true,"allowReturnOutsideFunction":true,"allowUndeclaredExports":true,"strictMode":false},"caller":{"name":"meteor","arch":"web.browser"},"sourceFileName":"packages/minimongo/cursor.js","filename":"/Users/matteodemicheli/Sites/meteor-boilerplate/packages/minimongo/cursor.js","targets":{},"cloneInputAst":true,"browserslistConfigFile":false,"passPerPreset":false,"envName":"development","cwd":"/Users/matteodemicheli/Sites/meteor-boilerplate","root":"/Users/matteodemicheli/Sites/meteor-boilerplate","rootMode":"root","plugins":[{"key":"base$0","visitor":{"_exploded":true,"_verified":true},"options":{},"externalDependencies":[]},{"key":"base$0$0","visitor":{"Program":{"enter":[null],"exit":[null]},"_exploded":true,"_verified":true},"options":{"avoidModernSyntax":false,"enforceStrictMode":false,"dynamicImport":true,"generateLetDeclarations":true},"externalDependencies":[]},{"key":"transform-runtime","visitor":{"MemberExpression":{"enter":[null]},"ObjectPattern":{"enter":[null]},"BinaryExpression":{"enter":[null]},"Identifier":{"enter":[null]},"JSXIdentifier":{"enter":[null]},"_exploded":true,"_verified":true},"options":{"version":"7.17.2","helpers":true,"useESModules":false,"corejs":false},"externalDependencies":[]},{"key":"proposal-class-properties","visitor":{"ExportDefaultDeclaration":{"enter":[null]},"_exploded":true,"_verified":true,"ClassExpression":{"enter":[null]},"ClassDeclaration":{"enter":[null]}},"options":{"loose":true},"externalDependencies":[]},{"key":"transform-react-jsx","visitor":{"JSXNamespacedName":{"enter":[null]},"JSXSpreadChild":{"enter":[null]},"Program":{"enter":[null]},"JSXFragment":{"exit":[null]},"JSXElement":{"exit":[null]},"JSXAttribute":{"enter":[null]},"_exploded":true,"_verified":true},"options":{"pragma":"React.createElement","pragmaFrag":"React.Fragment","runtime":"classic","throwIfNamespace":true,"useBuiltIns":false},"externalDependencies":[]},{"key":"transform-react-display-name","visitor":{"ExportDefaultDeclaration":{"enter":[null]},"CallExpression":{"enter":[null]},"_exploded":true,"_verified":true},"options":{},"externalDependencies":[]},{"key":"transform-react-pure-annotations","visitor":{"CallExpression":{"enter":[null]},"_exploded":true,"_verified":true},"options":{},"externalDependencies":[]},{"key":"syntax-nullish-coalescing-operator","visitor":{"_exploded":true,"_verified":true},"options":{},"externalDependencies":[]},{"key":"proposal-nullish-coalescing-operator","visitor":{"LogicalExpression":{"enter":[null]},"_exploded":true,"_verified":true},"options":{},"externalDependencies":[]},{"key":"syntax-optional-chaining","visitor":{"_exploded":true,"_verified":true},"options":{},"externalDependencies":[]},{"key":"proposal-optional-chaining","visitor":{"OptionalCallExpression":{"enter":[null]},"OptionalMemberExpression":{"enter":[null]},"_exploded":true,"_verified":true},"options":{},"externalDependencies":[]},{"key":"syntax-optional-catch-binding","visitor":{"_exploded":true,"_verified":true},"options":{},"externalDependencies":[]},{"key":"proposal-optional-catch-binding","visitor":{"CatchClause":{"enter":[null]},"_exploded":true,"_verified":true},"options":{},"externalDependencies":[]},{"key":"syntax-class-properties","visitor":{"_exploded":true,"_verified":true},"options":{},"externalDependencies":[]},{"key":"proposal-class-properties","visitor":{"ExportDefaultDeclaration":{"enter":[null]},"_exploded":true,"_verified":true,"ClassExpression":{"enter":[null]},"ClassDeclaration":{"enter":[null]}},"options":{},"externalDependencies":[]},{"key":"syntax-async-generators","visitor":{"_exploded":true,"_verified":true},"options":{},"externalDependencies":[]},{"key":"proposal-async-generator-functions","visitor":{"Program":{"enter":[null]},"_exploded":true,"_verified":true},"options":{},"externalDependencies":[]},{"key":"syntax-object-rest-spread","visitor":{"_exploded":true,"_verified":true},"options":{},"externalDependencies":[]},{"key":"proposal-object-rest-spread","visitor":{"VariableDeclarator":{"enter":[null]},"ExportNamedDeclaration":{"enter":[null]},"CatchClause":{"enter":[null]},"AssignmentExpression":{"enter":[null]},"ArrayPattern":{"enter":[null]},"ObjectExpression":{"enter":[null]},"FunctionDeclaration":{"enter":[null]},"FunctionExpression":{"enter":[null]},"ObjectMethod":{"enter":[null]},"ArrowFunctionExpression":{"enter":[null]},"ClassMethod":{"enter":[null]},"ClassPrivateMethod":{"enter":[null]},"ForInStatement":{"enter":[null]},"ForOfStatement":{"enter":[null]},"_exploded":true,"_verified":true},"options":{},"externalDependencies":[]},{"key":"proposal-logical-assignment-operators","visitor":{"AssignmentExpression":{"enter":[null]},"_exploded":true,"_verified":true},"options":{},"externalDependencies":[]},{"key":"transform-literals","visitor":{"NumericLiteral":{"enter":[null]},"StringLiteral":{"enter":[null]},"_exploded":true,"_verified":true},"options":{},"externalDependencies":[]},{"key":"transform-template-literals","visitor":{"TaggedTemplateExpression":{"enter":[null]},"TemplateLiteral":{"enter":[null]},"_exploded":true,"_verified":true},"options":{},"externalDependencies":[]},{"key":"transform-parameters","visitor":{"_exploded":true,"_verified":true,"FunctionDeclaration":{"enter":[null]},"FunctionExpression":{"enter":[null]},"ObjectMethod":{"enter":[null]},"ArrowFunctionExpression":{"enter":[null]},"ClassMethod":{"enter":[null]},"ClassPrivateMethod":{"enter":[null]}},"options":{},"externalDependencies":[]},{"key":"transform-exponentiation-operator","visitor":{"AssignmentExpression":{"enter":[null]},"BinaryExpression":{"enter":[null]},"_exploded":true,"_verified":true},"options":{},"externalDependencies":[]}],"presets":[],"generatorOpts":{"filename":"/Users/matteodemicheli/Sites/meteor-boilerplate/packages/minimongo/cursor.js","comments":true,"compact":false,"sourceMaps":true,"sourceFileName":"packages/minimongo/cursor.js"}},"code":"module.export({\n  default: () => Cursor\n});\nlet LocalCollection;\nmodule.link(\"./local_collection.js\", {\n  default(v) {\n    LocalCollection = v;\n  }\n}, 0);\nlet hasOwn;\nmodule.link(\"./common.js\", {\n  hasOwn(v) {\n    hasOwn = v;\n  }\n}, 1);\nlet ASYNC_CURSOR_METHODS, getAsyncMethodName;\nmodule.link(\"./constants\", {\n  ASYNC_CURSOR_METHODS(v) {\n    ASYNC_CURSOR_METHODS = v;\n  },\n  getAsyncMethodName(v) {\n    getAsyncMethodName = v;\n  }\n}, 2);\nclass Cursor {\n  // don't call this ctor directly.  use LocalCollection.find().\n  constructor(collection, selector) {\n    let options = arguments.length > 2 && arguments[2] !== undefined ? arguments[2] : {};\n    this.collection = collection;\n    this.sorter = null;\n    this.matcher = new Minimongo.Matcher(selector);\n    if (LocalCollection._selectorIsIdPerhapsAsObject(selector)) {\n      // stash for fast _id and { _id }\n      this._selectorId = hasOwn.call(selector, '_id') ? selector._id : selector;\n    } else {\n      this._selectorId = undefined;\n      if (this.matcher.hasGeoQuery() || options.sort) {\n        this.sorter = new Minimongo.Sorter(options.sort || []);\n      }\n    }\n    this.skip = options.skip || 0;\n    this.limit = options.limit;\n    this.fields = options.projection || options.fields;\n    this._projectionFn = LocalCollection._compileProjection(this.fields || {});\n    this._transform = LocalCollection.wrapTransform(options.transform);\n\n    // by default, queries register w/ Tracker when it is available.\n    if (typeof Tracker !== 'undefined') {\n      this.reactive = options.reactive === undefined ? true : options.reactive;\n    }\n  }\n\n  /**\n   * @deprecated in 2.9\n   * @summary Returns the number of documents that match a query. This method is\n   *          [deprecated since MongoDB 4.0](https://www.mongodb.com/docs/v4.4/reference/command/count/);\n   *          see `Collection.countDocuments` and\n   *          `Collection.estimatedDocumentCount` for a replacement.\n   * @memberOf Mongo.Cursor\n   * @method  count\n   * @instance\n   * @locus Anywhere\n   * @returns {Number}\n   */\n  count() {\n    if (this.reactive) {\n      // allow the observe to be unordered\n      this._depend({\n        added: true,\n        removed: true\n      }, true);\n    }\n    return this._getRawObjects({\n      ordered: true\n    }).length;\n  }\n\n  /**\n   * @summary Return all matching documents as an Array.\n   * @memberOf Mongo.Cursor\n   * @method  fetch\n   * @instance\n   * @locus Anywhere\n   * @returns {Object[]}\n   */\n  fetch() {\n    const result = [];\n    this.forEach(doc => {\n      result.push(doc);\n    });\n    return result;\n  }\n  [Symbol.iterator]() {\n    if (this.reactive) {\n      this._depend({\n        addedBefore: true,\n        removed: true,\n        changed: true,\n        movedBefore: true\n      });\n    }\n    let index = 0;\n    const objects = this._getRawObjects({\n      ordered: true\n    });\n    return {\n      next: () => {\n        if (index < objects.length) {\n          // This doubles as a clone operation.\n          let element = this._projectionFn(objects[index++]);\n          if (this._transform) element = this._transform(element);\n          return {\n            value: element\n          };\n        }\n        return {\n          done: true\n        };\n      }\n    };\n  }\n  [Symbol.asyncIterator]() {\n    const syncResult = this[Symbol.iterator]();\n    return {\n      async next() {\n        return Promise.resolve(syncResult.next());\n      }\n    };\n  }\n\n  /**\n   * @callback IterationCallback\n   * @param {Object} doc\n   * @param {Number} index\n   */\n  /**\n   * @summary Call `callback` once for each matching document, sequentially and\n   *          synchronously.\n   * @locus Anywhere\n   * @method  forEach\n   * @instance\n   * @memberOf Mongo.Cursor\n   * @param {IterationCallback} callback Function to call. It will be called\n   *                                     with three arguments: the document, a\n   *                                     0-based index, and <em>cursor</em>\n   *                                     itself.\n   * @param {Any} [thisArg] An object which will be the value of `this` inside\n   *                        `callback`.\n   */\n  forEach(callback, thisArg) {\n    if (this.reactive) {\n      this._depend({\n        addedBefore: true,\n        removed: true,\n        changed: true,\n        movedBefore: true\n      });\n    }\n    this._getRawObjects({\n      ordered: true\n    }).forEach((element, i) => {\n      // This doubles as a clone operation.\n      element = this._projectionFn(element);\n      if (this._transform) {\n        element = this._transform(element);\n      }\n      callback.call(thisArg, element, i, this);\n    });\n  }\n  getTransform() {\n    return this._transform;\n  }\n\n  /**\n   * @summary Map callback over all matching documents.  Returns an Array.\n   * @locus Anywhere\n   * @method map\n   * @instance\n   * @memberOf Mongo.Cursor\n   * @param {IterationCallback} callback Function to call. It will be called\n   *                                     with three arguments: the document, a\n   *                                     0-based index, and <em>cursor</em>\n   *                                     itself.\n   * @param {Any} [thisArg] An object which will be the value of `this` inside\n   *                        `callback`.\n   */\n  map(callback, thisArg) {\n    const result = [];\n    this.forEach((doc, i) => {\n      result.push(callback.call(thisArg, doc, i, this));\n    });\n    return result;\n  }\n\n  // options to contain:\n  //  * callbacks for observe():\n  //    - addedAt (document, atIndex)\n  //    - added (document)\n  //    - changedAt (newDocument, oldDocument, atIndex)\n  //    - changed (newDocument, oldDocument)\n  //    - removedAt (document, atIndex)\n  //    - removed (document)\n  //    - movedTo (document, oldIndex, newIndex)\n  //\n  // attributes available on returned query handle:\n  //  * stop(): end updates\n  //  * collection: the collection this query is querying\n  //\n  // iff x is a returned query handle, (x instanceof\n  // LocalCollection.ObserveHandle) is true\n  //\n  // initial results delivered through added callback\n  // XXX maybe callbacks should take a list of objects, to expose transactions?\n  // XXX maybe support field limiting (to limit what you're notified on)\n\n  /**\n   * @summary Watch a query.  Receive callbacks as the result set changes.\n   * @locus Anywhere\n   * @memberOf Mongo.Cursor\n   * @instance\n   * @param {Object} callbacks Functions to call to deliver the result set as it\n   *                           changes\n   */\n  observe(options) {\n    return LocalCollection._observeFromObserveChanges(this, options);\n  }\n\n  /**\n   * @summary Watch a query.  Receive callbacks as the result set changes.\n   * @locus Anywhere\n   * @memberOf Mongo.Cursor\n   * @instance\n   */\n  observeAsync(options) {\n    return new Promise(resolve => resolve(this.observe(options)));\n  }\n\n  /**\n   * @summary Watch a query. Receive callbacks as the result set changes. Only\n   *          the differences between the old and new documents are passed to\n   *          the callbacks.\n   * @locus Anywhere\n   * @memberOf Mongo.Cursor\n   * @instance\n   * @param {Object} callbacks Functions to call to deliver the result set as it\n   *                           changes\n   */\n  observeChanges(options) {\n    const ordered = LocalCollection._observeChangesCallbacksAreOrdered(options);\n\n    // there are several places that assume you aren't combining skip/limit with\n    // unordered observe.  eg, update's EJSON.clone, and the \"there are several\"\n    // comment in _modifyAndNotify\n    // XXX allow skip/limit with unordered observe\n    if (!options._allow_unordered && !ordered && (this.skip || this.limit)) {\n      throw new Error(\"Must use an ordered observe with skip or limit (i.e. 'addedBefore' \" + \"for observeChanges or 'addedAt' for observe, instead of 'added').\");\n    }\n    if (this.fields && (this.fields._id === 0 || this.fields._id === false)) {\n      throw Error(\"You may not observe a cursor with {fields: {_id: 0}}\");\n    }\n    const distances = this.matcher.hasGeoQuery() && ordered && new LocalCollection._IdMap();\n    const query = {\n      cursor: this,\n      dirty: false,\n      distances,\n      matcher: this.matcher,\n      // not fast pathed\n      ordered,\n      projectionFn: this._projectionFn,\n      resultsSnapshot: null,\n      sorter: ordered && this.sorter\n    };\n    let qid;\n\n    // Non-reactive queries call added[Before] and then never call anything\n    // else.\n    if (this.reactive) {\n      qid = this.collection.next_qid++;\n      this.collection.queries[qid] = query;\n    }\n    query.results = this._getRawObjects({\n      ordered,\n      distances: query.distances\n    });\n    if (this.collection.paused) {\n      query.resultsSnapshot = ordered ? [] : new LocalCollection._IdMap();\n    }\n\n    // wrap callbacks we were passed. callbacks only fire when not paused and\n    // are never undefined\n    // Filters out blacklisted fields according to cursor's projection.\n    // XXX wrong place for this?\n\n    // furthermore, callbacks enqueue until the operation we're working on is\n    // done.\n    const wrapCallback = fn => {\n      if (!fn) {\n        return () => {};\n      }\n      const self = this;\n      return function /* args*/\n      () {\n        if (self.collection.paused) {\n          return;\n        }\n        const args = arguments;\n        self.collection._observeQueue.queueTask(() => {\n          fn.apply(this, args);\n        });\n      };\n    };\n    query.added = wrapCallback(options.added);\n    query.changed = wrapCallback(options.changed);\n    query.removed = wrapCallback(options.removed);\n    if (ordered) {\n      query.addedBefore = wrapCallback(options.addedBefore);\n      query.movedBefore = wrapCallback(options.movedBefore);\n    }\n    if (!options._suppress_initial && !this.collection.paused) {\n      var _query$results, _query$results$size;\n      const handler = doc => {\n        const fields = EJSON.clone(doc);\n        delete fields._id;\n        if (ordered) {\n          query.addedBefore(doc._id, this._projectionFn(fields), null);\n        }\n        query.added(doc._id, this._projectionFn(fields));\n      };\n      // it means it's just an array\n      if (query.results.length) {\n        for (const doc of query.results) {\n          handler(doc);\n        }\n      }\n      // it means it's an id map\n      if ((_query$results = query.results) !== null && _query$results !== void 0 && (_query$results$size = _query$results.size) !== null && _query$results$size !== void 0 && _query$results$size.call(_query$results)) {\n        query.results.forEach(handler);\n      }\n    }\n    const handle = Object.assign(new LocalCollection.ObserveHandle(), {\n      collection: this.collection,\n      stop: () => {\n        if (this.reactive) {\n          delete this.collection.queries[qid];\n        }\n      },\n      isReady: false,\n      isReadyPromise: null\n    });\n    if (this.reactive && Tracker.active) {\n      // XXX in many cases, the same observe will be recreated when\n      // the current autorun is rerun.  we could save work by\n      // letting it linger across rerun and potentially get\n      // repurposed if the same observe is performed, using logic\n      // similar to that of Meteor.subscribe.\n      Tracker.onInvalidate(() => {\n        handle.stop();\n      });\n    }\n\n    // run the observe callbacks resulting from the initial contents\n    // before we leave the observe.\n    const drainResult = this.collection._observeQueue.drain();\n    if (drainResult instanceof Promise) {\n      handle.isReadyPromise = drainResult;\n      drainResult.then(() => handle.isReady = true);\n    } else {\n      handle.isReady = true;\n      handle.isReadyPromise = Promise.resolve();\n    }\n    return handle;\n  }\n\n  /**\n   * @summary Watch a query. Receive callbacks as the result set changes. Only\n   *          the differences between the old and new documents are passed to\n   *          the callbacks.\n   * @locus Anywhere\n   * @memberOf Mongo.Cursor\n   * @instance\n   * @param {Object} callbacks Functions to call to deliver the result set as it\n   *                           changes\n   */\n  observeChangesAsync(options) {\n    return new Promise(resolve => {\n      const handle = this.observeChanges(options);\n      handle.isReadyPromise.then(() => resolve(handle));\n    });\n  }\n\n  // XXX Maybe we need a version of observe that just calls a callback if\n  // anything changed.\n  _depend(changers, _allow_unordered) {\n    if (Tracker.active) {\n      const dependency = new Tracker.Dependency();\n      const notify = dependency.changed.bind(dependency);\n      dependency.depend();\n      const options = {\n        _allow_unordered,\n        _suppress_initial: true\n      };\n      ['added', 'addedBefore', 'changed', 'movedBefore', 'removed'].forEach(fn => {\n        if (changers[fn]) {\n          options[fn] = notify;\n        }\n      });\n\n      // observeChanges will stop() when this computation is invalidated\n      this.observeChanges(options);\n    }\n  }\n  _getCollectionName() {\n    return this.collection.name;\n  }\n\n  // Returns a collection of matching objects, but doesn't deep copy them.\n  //\n  // If ordered is set, returns a sorted array, respecting sorter, skip, and\n  // limit properties of the query provided that options.applySkipLimit is\n  // not set to false (#1201). If sorter is falsey, no sort -- you get the\n  // natural order.\n  //\n  // If ordered is not set, returns an object mapping from ID to doc (sorter,\n  // skip and limit should not be set).\n  //\n  // If ordered is set and this cursor is a $near geoquery, then this function\n  // will use an _IdMap to track each distance from the $near argument point in\n  // order to use it as a sort key. If an _IdMap is passed in the 'distances'\n  // argument, this function will clear it and use it for this purpose\n  // (otherwise it will just create its own _IdMap). The observeChanges\n  // implementation uses this to remember the distances after this function\n  // returns.\n  _getRawObjects() {\n    let options = arguments.length > 0 && arguments[0] !== undefined ? arguments[0] : {};\n    // By default this method will respect skip and limit because .fetch(),\n    // .forEach() etc... expect this behaviour. It can be forced to ignore\n    // skip and limit by setting applySkipLimit to false (.count() does this,\n    // for example)\n    const applySkipLimit = options.applySkipLimit !== false;\n\n    // XXX use OrderedDict instead of array, and make IdMap and OrderedDict\n    // compatible\n    const results = options.ordered ? [] : new LocalCollection._IdMap();\n\n    // fast path for single ID value\n    if (this._selectorId !== undefined) {\n      // If you have non-zero skip and ask for a single id, you get nothing.\n      // This is so it matches the behavior of the '{_id: foo}' path.\n      if (applySkipLimit && this.skip) {\n        return results;\n      }\n      const selectedDoc = this.collection._docs.get(this._selectorId);\n      if (selectedDoc) {\n        if (options.ordered) {\n          results.push(selectedDoc);\n        } else {\n          results.set(this._selectorId, selectedDoc);\n        }\n      }\n      return results;\n    }\n\n    // slow path for arbitrary selector, sort, skip, limit\n\n    // in the observeChanges case, distances is actually part of the \"query\"\n    // (ie, live results set) object.  in other cases, distances is only used\n    // inside this function.\n    let distances;\n    if (this.matcher.hasGeoQuery() && options.ordered) {\n      if (options.distances) {\n        distances = options.distances;\n        distances.clear();\n      } else {\n        distances = new LocalCollection._IdMap();\n      }\n    }\n    this.collection._docs.forEach((doc, id) => {\n      const matchResult = this.matcher.documentMatches(doc);\n      if (matchResult.result) {\n        if (options.ordered) {\n          results.push(doc);\n          if (distances && matchResult.distance !== undefined) {\n            distances.set(id, matchResult.distance);\n          }\n        } else {\n          results.set(id, doc);\n        }\n      }\n\n      // Override to ensure all docs are matched if ignoring skip & limit\n      if (!applySkipLimit) {\n        return true;\n      }\n\n      // Fast path for limited unsorted queries.\n      // XXX 'length' check here seems wrong for ordered\n      return !this.limit || this.skip || this.sorter || results.length !== this.limit;\n    });\n    if (!options.ordered) {\n      return results;\n    }\n    if (this.sorter) {\n      results.sort(this.sorter.getComparator({\n        distances\n      }));\n    }\n\n    // Return the full set of results if there is no skip or limit or if we're\n    // ignoring them\n    if (!applySkipLimit || !this.limit && !this.skip) {\n      return results;\n    }\n    return results.slice(this.skip, this.limit ? this.limit + this.skip : results.length);\n  }\n  _publishCursor(subscription) {\n    // XXX minimongo should not depend on mongo-livedata!\n    if (!Package.mongo) {\n      throw new Error(\"Can't publish from Minimongo without the `mongo` package.\");\n    }\n    if (!this.collection.name) {\n      throw new Error(\"Can't publish a cursor from a collection without a name.\");\n    }\n    return Package.mongo.Mongo.Collection._publishCursor(this, subscription, this.collection.name);\n  }\n}\n// Implements async version of cursor methods to keep collections isomorphic\nASYNC_CURSOR_METHODS.forEach(method => {\n  const asyncName = getAsyncMethodName(method);\n  Cursor.prototype[asyncName] = function () {\n    try {\n      for (var _len = arguments.length, args = new Array(_len), _key = 0; _key < _len; _key++) {\n        args[_key] = arguments[_key];\n      }\n      return Promise.resolve(this[method].apply(this, args));\n    } catch (error) {\n      return Promise.reject(error);\n    }\n  };\n});","map":{"version":3,"names":["module","export","default","Cursor","LocalCollection","link","v","hasOwn","ASYNC_CURSOR_METHODS","getAsyncMethodName","constructor","collection","selector","options","arguments","length","undefined","sorter","matcher","Minimongo","Matcher","_selectorIsIdPerhapsAsObject","_selectorId","call","_id","hasGeoQuery","sort","Sorter","skip","limit","fields","projection","_projectionFn","_compileProjection","_transform","wrapTransform","transform","Tracker","reactive","count","_depend","added","removed","_getRawObjects","ordered","fetch","result","forEach","doc","push","Symbol","iterator","addedBefore","changed","movedBefore","index","objects","next","element","value","done","asyncIterator","syncResult","Promise","resolve","callback","thisArg","i","getTransform","map","observe","_observeFromObserveChanges","observeAsync","observeChanges","_observeChangesCallbacksAreOrdered","_allow_unordered","Error","distances","_IdMap","query","cursor","dirty","projectionFn","resultsSnapshot","qid","next_qid","queries","results","paused","wrapCallback","fn","self","args","_observeQueue","queueTask","apply","_suppress_initial","_query$results","_query$results$size","handler","EJSON","clone","size","handle","Object","assign","ObserveHandle","stop","isReady","isReadyPromise","active","onInvalidate","drainResult","drain","then","observeChangesAsync","changers","dependency","Dependency","notify","bind","depend","_getCollectionName","name","applySkipLimit","selectedDoc","_docs","get","set","clear","id","matchResult","documentMatches","distance","getComparator","slice","_publishCursor","subscription","Package","mongo","Mongo","Collection","method","asyncName","prototype","_len","Array","_key","error","reject"],"sources":["packages/minimongo/cursor.js"],"sourcesContent":["import LocalCollection from './local_collection.js';\nimport { hasOwn } from './common.js';\nimport { ASYNC_CURSOR_METHODS, getAsyncMethodName } from './constants';\n\n// Cursor: a specification for a particular subset of documents, w/ a defined\n// order, limit, and offset.  creating a Cursor with LocalCollection.find(),\nexport default class Cursor {\n  // don't call this ctor directly.  use LocalCollection.find().\n  constructor(collection, selector, options = {}) {\n    this.collection = collection;\n    this.sorter = null;\n    this.matcher = new Minimongo.Matcher(selector);\n\n    if (LocalCollection._selectorIsIdPerhapsAsObject(selector)) {\n      // stash for fast _id and { _id }\n      this._selectorId = hasOwn.call(selector, '_id') ? selector._id : selector;\n    } else {\n      this._selectorId = undefined;\n\n      if (this.matcher.hasGeoQuery() || options.sort) {\n        this.sorter = new Minimongo.Sorter(options.sort || []);\n      }\n    }\n\n    this.skip = options.skip || 0;\n    this.limit = options.limit;\n    this.fields = options.projection || options.fields;\n\n    this._projectionFn = LocalCollection._compileProjection(this.fields || {});\n\n    this._transform = LocalCollection.wrapTransform(options.transform);\n\n    // by default, queries register w/ Tracker when it is available.\n    if (typeof Tracker !== 'undefined') {\n      this.reactive = options.reactive === undefined ? true : options.reactive;\n    }\n  }\n\n  /**\n   * @deprecated in 2.9\n   * @summary Returns the number of documents that match a query. This method is\n   *          [deprecated since MongoDB 4.0](https://www.mongodb.com/docs/v4.4/reference/command/count/);\n   *          see `Collection.countDocuments` and\n   *          `Collection.estimatedDocumentCount` for a replacement.\n   * @memberOf Mongo.Cursor\n   * @method  count\n   * @instance\n   * @locus Anywhere\n   * @returns {Number}\n   */\n  count() {\n    if (this.reactive) {\n      // allow the observe to be unordered\n      this._depend({ added: true, removed: true }, true);\n    }\n\n    return this._getRawObjects({\n      ordered: true,\n    }).length;\n  }\n\n  /**\n   * @summary Return all matching documents as an Array.\n   * @memberOf Mongo.Cursor\n   * @method  fetch\n   * @instance\n   * @locus Anywhere\n   * @returns {Object[]}\n   */\n  fetch() {\n    const result = [];\n\n    this.forEach(doc => {\n      result.push(doc);\n    });\n\n    return result;\n  }\n\n  [Symbol.iterator]() {\n    if (this.reactive) {\n      this._depend({\n        addedBefore: true,\n        removed: true,\n        changed: true,\n        movedBefore: true,\n      });\n    }\n\n    let index = 0;\n    const objects = this._getRawObjects({ ordered: true });\n\n    return {\n      next: () => {\n        if (index < objects.length) {\n          // This doubles as a clone operation.\n          let element = this._projectionFn(objects[index++]);\n\n          if (this._transform) element = this._transform(element);\n\n          return { value: element };\n        }\n\n        return { done: true };\n      },\n    };\n  }\n\n  [Symbol.asyncIterator]() {\n    const syncResult = this[Symbol.iterator]();\n    return {\n      async next() {\n        return Promise.resolve(syncResult.next());\n      },\n    };\n  }\n\n  /**\n   * @callback IterationCallback\n   * @param {Object} doc\n   * @param {Number} index\n   */\n  /**\n   * @summary Call `callback` once for each matching document, sequentially and\n   *          synchronously.\n   * @locus Anywhere\n   * @method  forEach\n   * @instance\n   * @memberOf Mongo.Cursor\n   * @param {IterationCallback} callback Function to call. It will be called\n   *                                     with three arguments: the document, a\n   *                                     0-based index, and <em>cursor</em>\n   *                                     itself.\n   * @param {Any} [thisArg] An object which will be the value of `this` inside\n   *                        `callback`.\n   */\n  forEach(callback, thisArg) {\n    if (this.reactive) {\n      this._depend({\n        addedBefore: true,\n        removed: true,\n        changed: true,\n        movedBefore: true,\n      });\n    }\n\n    this._getRawObjects({ ordered: true }).forEach((element, i) => {\n      // This doubles as a clone operation.\n      element = this._projectionFn(element);\n\n      if (this._transform) {\n        element = this._transform(element);\n      }\n\n      callback.call(thisArg, element, i, this);\n    });\n  }\n\n  getTransform() {\n    return this._transform;\n  }\n\n  /**\n   * @summary Map callback over all matching documents.  Returns an Array.\n   * @locus Anywhere\n   * @method map\n   * @instance\n   * @memberOf Mongo.Cursor\n   * @param {IterationCallback} callback Function to call. It will be called\n   *                                     with three arguments: the document, a\n   *                                     0-based index, and <em>cursor</em>\n   *                                     itself.\n   * @param {Any} [thisArg] An object which will be the value of `this` inside\n   *                        `callback`.\n   */\n  map(callback, thisArg) {\n    const result = [];\n\n    this.forEach((doc, i) => {\n      result.push(callback.call(thisArg, doc, i, this));\n    });\n\n    return result;\n  }\n\n  // options to contain:\n  //  * callbacks for observe():\n  //    - addedAt (document, atIndex)\n  //    - added (document)\n  //    - changedAt (newDocument, oldDocument, atIndex)\n  //    - changed (newDocument, oldDocument)\n  //    - removedAt (document, atIndex)\n  //    - removed (document)\n  //    - movedTo (document, oldIndex, newIndex)\n  //\n  // attributes available on returned query handle:\n  //  * stop(): end updates\n  //  * collection: the collection this query is querying\n  //\n  // iff x is a returned query handle, (x instanceof\n  // LocalCollection.ObserveHandle) is true\n  //\n  // initial results delivered through added callback\n  // XXX maybe callbacks should take a list of objects, to expose transactions?\n  // XXX maybe support field limiting (to limit what you're notified on)\n\n  /**\n   * @summary Watch a query.  Receive callbacks as the result set changes.\n   * @locus Anywhere\n   * @memberOf Mongo.Cursor\n   * @instance\n   * @param {Object} callbacks Functions to call to deliver the result set as it\n   *                           changes\n   */\n  observe(options) {\n    return LocalCollection._observeFromObserveChanges(this, options);\n  }\n\n  /**\n   * @summary Watch a query.  Receive callbacks as the result set changes.\n   * @locus Anywhere\n   * @memberOf Mongo.Cursor\n   * @instance\n   */\n  observeAsync(options) {\n    return new Promise(resolve => resolve(this.observe(options)));\n  }\n\n  /**\n   * @summary Watch a query. Receive callbacks as the result set changes. Only\n   *          the differences between the old and new documents are passed to\n   *          the callbacks.\n   * @locus Anywhere\n   * @memberOf Mongo.Cursor\n   * @instance\n   * @param {Object} callbacks Functions to call to deliver the result set as it\n   *                           changes\n   */\n  observeChanges(options) {\n    const ordered = LocalCollection._observeChangesCallbacksAreOrdered(options);\n\n    // there are several places that assume you aren't combining skip/limit with\n    // unordered observe.  eg, update's EJSON.clone, and the \"there are several\"\n    // comment in _modifyAndNotify\n    // XXX allow skip/limit with unordered observe\n    if (!options._allow_unordered && !ordered && (this.skip || this.limit)) {\n      throw new Error(\n        \"Must use an ordered observe with skip or limit (i.e. 'addedBefore' \" +\n          \"for observeChanges or 'addedAt' for observe, instead of 'added').\"\n      );\n    }\n\n    if (this.fields && (this.fields._id === 0 || this.fields._id === false)) {\n      throw Error(\"You may not observe a cursor with {fields: {_id: 0}}\");\n    }\n\n    const distances =\n      this.matcher.hasGeoQuery() && ordered && new LocalCollection._IdMap();\n\n    const query = {\n      cursor: this,\n      dirty: false,\n      distances,\n      matcher: this.matcher, // not fast pathed\n      ordered,\n      projectionFn: this._projectionFn,\n      resultsSnapshot: null,\n      sorter: ordered && this.sorter,\n    };\n\n    let qid;\n\n    // Non-reactive queries call added[Before] and then never call anything\n    // else.\n    if (this.reactive) {\n      qid = this.collection.next_qid++;\n      this.collection.queries[qid] = query;\n    }\n\n    query.results = this._getRawObjects({\n      ordered,\n      distances: query.distances,\n    });\n\n    if (this.collection.paused) {\n      query.resultsSnapshot = ordered ? [] : new LocalCollection._IdMap();\n    }\n\n    // wrap callbacks we were passed. callbacks only fire when not paused and\n    // are never undefined\n    // Filters out blacklisted fields according to cursor's projection.\n    // XXX wrong place for this?\n\n    // furthermore, callbacks enqueue until the operation we're working on is\n    // done.\n    const wrapCallback = (fn) => {\n      if (!fn) {\n        return () => {};\n      }\n\n      const self = this;\n\n      return function (/* args*/) {\n        if (self.collection.paused) {\n          return;\n        }\n\n        const args = arguments;\n\n        self.collection._observeQueue.queueTask(() => {\n          fn.apply(this, args);\n        });\n      };\n    };\n\n    query.added = wrapCallback(options.added);\n    query.changed = wrapCallback(options.changed);\n    query.removed = wrapCallback(options.removed);\n\n    if (ordered) {\n      query.addedBefore = wrapCallback(options.addedBefore);\n      query.movedBefore = wrapCallback(options.movedBefore);\n    }\n\n    if (!options._suppress_initial && !this.collection.paused) {\n      const handler = (doc) => {\n        const fields = EJSON.clone(doc);\n\n        delete fields._id;\n\n        if (ordered) {\n          query.addedBefore(doc._id, this._projectionFn(fields), null);\n        }\n\n        query.added(doc._id, this._projectionFn(fields));\n      };\n      // it means it's just an array\n      if (query.results.length) {\n        for (const doc of query.results) {\n          handler(doc);\n        }\n      }\n      // it means it's an id map\n      if (query.results?.size?.()) {\n        query.results.forEach(handler);\n      }\n    }\n\n    const handle = Object.assign(new LocalCollection.ObserveHandle(), {\n      collection: this.collection,\n      stop: () => {\n        if (this.reactive) {\n          delete this.collection.queries[qid];\n        }\n      },\n      isReady: false,\n      isReadyPromise: null,\n    });\n\n    if (this.reactive && Tracker.active) {\n      // XXX in many cases, the same observe will be recreated when\n      // the current autorun is rerun.  we could save work by\n      // letting it linger across rerun and potentially get\n      // repurposed if the same observe is performed, using logic\n      // similar to that of Meteor.subscribe.\n      Tracker.onInvalidate(() => {\n        handle.stop();\n      });\n    }\n\n    // run the observe callbacks resulting from the initial contents\n    // before we leave the observe.\n    const drainResult = this.collection._observeQueue.drain();\n\n    if (drainResult instanceof Promise) {\n      handle.isReadyPromise = drainResult;\n      drainResult.then(() => (handle.isReady = true));\n    } else {\n      handle.isReady = true;\n      handle.isReadyPromise = Promise.resolve();\n    }\n\n    return handle;\n  }\n\n  /**\n   * @summary Watch a query. Receive callbacks as the result set changes. Only\n   *          the differences between the old and new documents are passed to\n   *          the callbacks.\n   * @locus Anywhere\n   * @memberOf Mongo.Cursor\n   * @instance\n   * @param {Object} callbacks Functions to call to deliver the result set as it\n   *                           changes\n   */\n  observeChangesAsync(options) {\n    return new Promise((resolve) => {\n      const handle = this.observeChanges(options);\n      handle.isReadyPromise.then(() => resolve(handle));\n    });\n  }\n\n  // XXX Maybe we need a version of observe that just calls a callback if\n  // anything changed.\n  _depend(changers, _allow_unordered) {\n    if (Tracker.active) {\n      const dependency = new Tracker.Dependency();\n      const notify = dependency.changed.bind(dependency);\n\n      dependency.depend();\n\n      const options = { _allow_unordered, _suppress_initial: true };\n\n      ['added', 'addedBefore', 'changed', 'movedBefore', 'removed'].forEach(\n        fn => {\n          if (changers[fn]) {\n            options[fn] = notify;\n          }\n        }\n      );\n\n      // observeChanges will stop() when this computation is invalidated\n      this.observeChanges(options);\n    }\n  }\n\n  _getCollectionName() {\n    return this.collection.name;\n  }\n\n  // Returns a collection of matching objects, but doesn't deep copy them.\n  //\n  // If ordered is set, returns a sorted array, respecting sorter, skip, and\n  // limit properties of the query provided that options.applySkipLimit is\n  // not set to false (#1201). If sorter is falsey, no sort -- you get the\n  // natural order.\n  //\n  // If ordered is not set, returns an object mapping from ID to doc (sorter,\n  // skip and limit should not be set).\n  //\n  // If ordered is set and this cursor is a $near geoquery, then this function\n  // will use an _IdMap to track each distance from the $near argument point in\n  // order to use it as a sort key. If an _IdMap is passed in the 'distances'\n  // argument, this function will clear it and use it for this purpose\n  // (otherwise it will just create its own _IdMap). The observeChanges\n  // implementation uses this to remember the distances after this function\n  // returns.\n  _getRawObjects(options = {}) {\n    // By default this method will respect skip and limit because .fetch(),\n    // .forEach() etc... expect this behaviour. It can be forced to ignore\n    // skip and limit by setting applySkipLimit to false (.count() does this,\n    // for example)\n    const applySkipLimit = options.applySkipLimit !== false;\n\n    // XXX use OrderedDict instead of array, and make IdMap and OrderedDict\n    // compatible\n    const results = options.ordered ? [] : new LocalCollection._IdMap();\n\n    // fast path for single ID value\n    if (this._selectorId !== undefined) {\n      // If you have non-zero skip and ask for a single id, you get nothing.\n      // This is so it matches the behavior of the '{_id: foo}' path.\n      if (applySkipLimit && this.skip) {\n        return results;\n      }\n\n      const selectedDoc = this.collection._docs.get(this._selectorId);\n      if (selectedDoc) {\n        if (options.ordered) {\n          results.push(selectedDoc);\n        } else {\n          results.set(this._selectorId, selectedDoc);\n        }\n      }\n      return results;\n    }\n\n    // slow path for arbitrary selector, sort, skip, limit\n\n    // in the observeChanges case, distances is actually part of the \"query\"\n    // (ie, live results set) object.  in other cases, distances is only used\n    // inside this function.\n    let distances;\n    if (this.matcher.hasGeoQuery() && options.ordered) {\n      if (options.distances) {\n        distances = options.distances;\n        distances.clear();\n      } else {\n        distances = new LocalCollection._IdMap();\n      }\n    }\n    this.collection._docs.forEach((doc, id) => {\n      const matchResult = this.matcher.documentMatches(doc);\n      if (matchResult.result) {\n        if (options.ordered) {\n          results.push(doc);\n\n          if (distances && matchResult.distance !== undefined) {\n            distances.set(id, matchResult.distance);\n          }\n        } else {\n          results.set(id, doc);\n        }\n      }\n\n      // Override to ensure all docs are matched if ignoring skip & limit\n      if (!applySkipLimit) {\n        return true;\n      }\n\n      // Fast path for limited unsorted queries.\n      // XXX 'length' check here seems wrong for ordered\n      return (\n        !this.limit || this.skip || this.sorter || results.length !== this.limit\n      );\n    });\n\n    if (!options.ordered) {\n      return results;\n    }\n\n    if (this.sorter) {\n      results.sort(this.sorter.getComparator({ distances }));\n    }\n\n    // Return the full set of results if there is no skip or limit or if we're\n    // ignoring them\n    if (!applySkipLimit || (!this.limit && !this.skip)) {\n      return results;\n    }\n\n    return results.slice(\n      this.skip,\n      this.limit ? this.limit + this.skip : results.length\n    );\n  }\n\n  _publishCursor(subscription) {\n    // XXX minimongo should not depend on mongo-livedata!\n    if (!Package.mongo) {\n      throw new Error(\n        \"Can't publish from Minimongo without the `mongo` package.\"\n      );\n    }\n\n    if (!this.collection.name) {\n      throw new Error(\n        \"Can't publish a cursor from a collection without a name.\"\n      );\n    }\n\n    return Package.mongo.Mongo.Collection._publishCursor(\n      this,\n      subscription,\n      this.collection.name\n    );\n  }\n}\n\n// Implements async version of cursor methods to keep collections isomorphic\nASYNC_CURSOR_METHODS.forEach(method => {\n  const asyncName = getAsyncMethodName(method);\n  Cursor.prototype[asyncName] = function(...args) {\n    try {\n      return Promise.resolve(this[method].apply(this, args));\n    } catch (error) {\n      return Promise.reject(error);\n    }\n  };\n});\n"],"mappings":"AAAAA,MAAM,CAACC,MAAM,CAAC;EAACC,OAAO,EAACA,CAAA,KAAIC;AAAM,CAAC,CAAC;AAAC,IAAIC,eAAe;AAACJ,MAAM,CAACK,IAAI,CAAC,uBAAuB,EAAC;EAACH,OAAOA,CAACI,CAAC,EAAC;IAACF,eAAe,GAACE,CAAC;EAAA;AAAC,CAAC,EAAC,CAAC,CAAC;AAAC,IAAIC,MAAM;AAACP,MAAM,CAACK,IAAI,CAAC,aAAa,EAAC;EAACE,MAAMA,CAACD,CAAC,EAAC;IAACC,MAAM,GAACD,CAAC;EAAA;AAAC,CAAC,EAAC,CAAC,CAAC;AAAC,IAAIE,oBAAoB,EAACC,kBAAkB;AAACT,MAAM,CAACK,IAAI,CAAC,aAAa,EAAC;EAACG,oBAAoBA,CAACF,CAAC,EAAC;IAACE,oBAAoB,GAACF,CAAC;EAAA,CAAC;EAACG,kBAAkBA,CAACH,CAAC,EAAC;IAACG,kBAAkB,GAACH,CAAC;EAAA;AAAC,CAAC,EAAC,CAAC,CAAC;AAMpV,MAAMH,MAAM,CAAC;EAC1B;EACAO,WAAWA,CAACC,UAAU,EAAEC,QAAQ,EAAgB;IAAA,IAAdC,OAAO,GAAAC,SAAA,CAAAC,MAAA,QAAAD,SAAA,QAAAE,SAAA,GAAAF,SAAA,MAAG,CAAC,CAAC;IAC5C,IAAI,CAACH,UAAU,GAAGA,UAAU;IAC5B,IAAI,CAACM,MAAM,GAAG,IAAI;IAClB,IAAI,CAACC,OAAO,GAAG,IAAIC,SAAS,CAACC,OAAO,CAACR,QAAQ,CAAC;IAE9C,IAAIR,eAAe,CAACiB,4BAA4B,CAACT,QAAQ,CAAC,EAAE;MAC1D;MACA,IAAI,CAACU,WAAW,GAAGf,MAAM,CAACgB,IAAI,CAACX,QAAQ,EAAE,KAAK,CAAC,GAAGA,QAAQ,CAACY,GAAG,GAAGZ,QAAQ;IAC3E,CAAC,MAAM;MACL,IAAI,CAACU,WAAW,GAAGN,SAAS;MAE5B,IAAI,IAAI,CAACE,OAAO,CAACO,WAAW,CAAC,CAAC,IAAIZ,OAAO,CAACa,IAAI,EAAE;QAC9C,IAAI,CAACT,MAAM,GAAG,IAAIE,SAAS,CAACQ,MAAM,CAACd,OAAO,CAACa,IAAI,IAAI,EAAE,CAAC;MACxD;IACF;IAEA,IAAI,CAACE,IAAI,GAAGf,OAAO,CAACe,IAAI,IAAI,CAAC;IAC7B,IAAI,CAACC,KAAK,GAAGhB,OAAO,CAACgB,KAAK;IAC1B,IAAI,CAACC,MAAM,GAAGjB,OAAO,CAACkB,UAAU,IAAIlB,OAAO,CAACiB,MAAM;IAElD,IAAI,CAACE,aAAa,GAAG5B,eAAe,CAAC6B,kBAAkB,CAAC,IAAI,CAACH,MAAM,IAAI,CAAC,CAAC,CAAC;IAE1E,IAAI,CAACI,UAAU,GAAG9B,eAAe,CAAC+B,aAAa,CAACtB,OAAO,CAACuB,SAAS,CAAC;;IAElE;IACA,IAAI,OAAOC,OAAO,KAAK,WAAW,EAAE;MAClC,IAAI,CAACC,QAAQ,GAAGzB,OAAO,CAACyB,QAAQ,KAAKtB,SAAS,GAAG,IAAI,GAAGH,OAAO,CAACyB,QAAQ;IAC1E;EACF;;EAEA;AACF;AACA;AACA;AACA;AACA;AACA;AACA;AACA;AACA;AACA;AACA;EACEC,KAAKA,CAAA,EAAG;IACN,IAAI,IAAI,CAACD,QAAQ,EAAE;MACjB;MACA,IAAI,CAACE,OAAO,CAAC;QAAEC,KAAK,EAAE,IAAI;QAAEC,OAAO,EAAE;MAAK,CAAC,EAAE,IAAI,CAAC;IACpD;IAEA,OAAO,IAAI,CAACC,cAAc,CAAC;MACzBC,OAAO,EAAE;IACX,CAAC,CAAC,CAAC7B,MAAM;EACX;;EAEA;AACF;AACA;AACA;AACA;AACA;AACA;AACA;EACE8B,KAAKA,CAAA,EAAG;IACN,MAAMC,MAAM,GAAG,EAAE;IAEjB,IAAI,CAACC,OAAO,CAACC,GAAG,IAAI;MAClBF,MAAM,CAACG,IAAI,CAACD,GAAG,CAAC;IAClB,CAAC,CAAC;IAEF,OAAOF,MAAM;EACf;EAEA,CAACI,MAAM,CAACC,QAAQ,IAAI;IAClB,IAAI,IAAI,CAACb,QAAQ,EAAE;MACjB,IAAI,CAACE,OAAO,CAAC;QACXY,WAAW,EAAE,IAAI;QACjBV,OAAO,EAAE,IAAI;QACbW,OAAO,EAAE,IAAI;QACbC,WAAW,EAAE;MACf,CAAC,CAAC;IACJ;IAEA,IAAIC,KAAK,GAAG,CAAC;IACb,MAAMC,OAAO,GAAG,IAAI,CAACb,cAAc,CAAC;MAAEC,OAAO,EAAE;IAAK,CAAC,CAAC;IAEtD,OAAO;MACLa,IAAI,EAAEA,CAAA,KAAM;QACV,IAAIF,KAAK,GAAGC,OAAO,CAACzC,MAAM,EAAE;UAC1B;UACA,IAAI2C,OAAO,GAAG,IAAI,CAAC1B,aAAa,CAACwB,OAAO,CAACD,KAAK,EAAE,CAAC,CAAC;UAElD,IAAI,IAAI,CAACrB,UAAU,EAAEwB,OAAO,GAAG,IAAI,CAACxB,UAAU,CAACwB,OAAO,CAAC;UAEvD,OAAO;YAAEC,KAAK,EAAED;UAAQ,CAAC;QAC3B;QAEA,OAAO;UAAEE,IAAI,EAAE;QAAK,CAAC;MACvB;IACF,CAAC;EACH;EAEA,CAACV,MAAM,CAACW,aAAa,IAAI;IACvB,MAAMC,UAAU,GAAG,IAAI,CAACZ,MAAM,CAACC,QAAQ,CAAC,CAAC,CAAC;IAC1C,OAAO;MACL,MAAMM,IAAIA,CAAA,EAAG;QACX,OAAOM,OAAO,CAACC,OAAO,CAACF,UAAU,CAACL,IAAI,CAAC,CAAC,CAAC;MAC3C;IACF,CAAC;EACH;;EAEA;AACF;AACA;AACA;AACA;EACE;AACF;AACA;AACA;AACA;AACA;AACA;AACA;AACA;AACA;AACA;AACA;AACA;AACA;EACEV,OAAOA,CAACkB,QAAQ,EAAEC,OAAO,EAAE;IACzB,IAAI,IAAI,CAAC5B,QAAQ,EAAE;MACjB,IAAI,CAACE,OAAO,CAAC;QACXY,WAAW,EAAE,IAAI;QACjBV,OAAO,EAAE,IAAI;QACbW,OAAO,EAAE,IAAI;QACbC,WAAW,EAAE;MACf,CAAC,CAAC;IACJ;IAEA,IAAI,CAACX,cAAc,CAAC;MAAEC,OAAO,EAAE;IAAK,CAAC,CAAC,CAACG,OAAO,CAAC,CAACW,OAAO,EAAES,CAAC,KAAK;MAC7D;MACAT,OAAO,GAAG,IAAI,CAAC1B,aAAa,CAAC0B,OAAO,CAAC;MAErC,IAAI,IAAI,CAACxB,UAAU,EAAE;QACnBwB,OAAO,GAAG,IAAI,CAACxB,UAAU,CAACwB,OAAO,CAAC;MACpC;MAEAO,QAAQ,CAAC1C,IAAI,CAAC2C,OAAO,EAAER,OAAO,EAAES,CAAC,EAAE,IAAI,CAAC;IAC1C,CAAC,CAAC;EACJ;EAEAC,YAAYA,CAAA,EAAG;IACb,OAAO,IAAI,CAAClC,UAAU;EACxB;;EAEA;AACF;AACA;AACA;AACA;AACA;AACA;AACA;AACA;AACA;AACA;AACA;AACA;EACEmC,GAAGA,CAACJ,QAAQ,EAAEC,OAAO,EAAE;IACrB,MAAMpB,MAAM,GAAG,EAAE;IAEjB,IAAI,CAACC,OAAO,CAAC,CAACC,GAAG,EAAEmB,CAAC,KAAK;MACvBrB,MAAM,CAACG,IAAI,CAACgB,QAAQ,CAAC1C,IAAI,CAAC2C,OAAO,EAAElB,GAAG,EAAEmB,CAAC,EAAE,IAAI,CAAC,CAAC;IACnD,CAAC,CAAC;IAEF,OAAOrB,MAAM;EACf;;EAEA;EACA;EACA;EACA;EACA;EACA;EACA;EACA;EACA;EACA;EACA;EACA;EACA;EACA;EACA;EACA;EACA;EACA;EACA;EACA;;EAEA;AACF;AACA;AACA;AACA;AACA;AACA;AACA;EACEwB,OAAOA,CAACzD,OAAO,EAAE;IACf,OAAOT,eAAe,CAACmE,0BAA0B,CAAC,IAAI,EAAE1D,OAAO,CAAC;EAClE;;EAEA;AACF;AACA;AACA;AACA;AACA;EACE2D,YAAYA,CAAC3D,OAAO,EAAE;IACpB,OAAO,IAAIkD,OAAO,CAACC,OAAO,IAAIA,OAAO,CAAC,IAAI,CAACM,OAAO,CAACzD,OAAO,CAAC,CAAC,CAAC;EAC/D;;EAEA;AACF;AACA;AACA;AACA;AACA;AACA;AACA;AACA;AACA;EACE4D,cAAcA,CAAC5D,OAAO,EAAE;IACtB,MAAM+B,OAAO,GAAGxC,eAAe,CAACsE,kCAAkC,CAAC7D,OAAO,CAAC;;IAE3E;IACA;IACA;IACA;IACA,IAAI,CAACA,OAAO,CAAC8D,gBAAgB,IAAI,CAAC/B,OAAO,KAAK,IAAI,CAAChB,IAAI,IAAI,IAAI,CAACC,KAAK,CAAC,EAAE;MACtE,MAAM,IAAI+C,KAAK,CACb,qEAAqE,GACnE,mEACJ,CAAC;IACH;IAEA,IAAI,IAAI,CAAC9C,MAAM,KAAK,IAAI,CAACA,MAAM,CAACN,GAAG,KAAK,CAAC,IAAI,IAAI,CAACM,MAAM,CAACN,GAAG,KAAK,KAAK,CAAC,EAAE;MACvE,MAAMoD,KAAK,CAAC,sDAAsD,CAAC;IACrE;IAEA,MAAMC,SAAS,GACb,IAAI,CAAC3D,OAAO,CAACO,WAAW,CAAC,CAAC,IAAImB,OAAO,IAAI,IAAIxC,eAAe,CAAC0E,MAAM,CAAC,CAAC;IAEvE,MAAMC,KAAK,GAAG;MACZC,MAAM,EAAE,IAAI;MACZC,KAAK,EAAE,KAAK;MACZJ,SAAS;MACT3D,OAAO,EAAE,IAAI,CAACA,OAAO;MAAE;MACvB0B,OAAO;MACPsC,YAAY,EAAE,IAAI,CAAClD,aAAa;MAChCmD,eAAe,EAAE,IAAI;MACrBlE,MAAM,EAAE2B,OAAO,IAAI,IAAI,CAAC3B;IAC1B,CAAC;IAED,IAAImE,GAAG;;IAEP;IACA;IACA,IAAI,IAAI,CAAC9C,QAAQ,EAAE;MACjB8C,GAAG,GAAG,IAAI,CAACzE,UAAU,CAAC0E,QAAQ,EAAE;MAChC,IAAI,CAAC1E,UAAU,CAAC2E,OAAO,CAACF,GAAG,CAAC,GAAGL,KAAK;IACtC;IAEAA,KAAK,CAACQ,OAAO,GAAG,IAAI,CAAC5C,cAAc,CAAC;MAClCC,OAAO;MACPiC,SAAS,EAAEE,KAAK,CAACF;IACnB,CAAC,CAAC;IAEF,IAAI,IAAI,CAAClE,UAAU,CAAC6E,MAAM,EAAE;MAC1BT,KAAK,CAACI,eAAe,GAAGvC,OAAO,GAAG,EAAE,GAAG,IAAIxC,eAAe,CAAC0E,MAAM,CAAC,CAAC;IACrE;;IAEA;IACA;IACA;IACA;;IAEA;IACA;IACA,MAAMW,YAAY,GAAIC,EAAE,IAAK;MAC3B,IAAI,CAACA,EAAE,EAAE;QACP,OAAO,MAAM,CAAC,CAAC;MACjB;MAEA,MAAMC,IAAI,GAAG,IAAI;MAEjB,OAAO,SAAU;MAAA,GAAW;QAC1B,IAAIA,IAAI,CAAChF,UAAU,CAAC6E,MAAM,EAAE;UAC1B;QACF;QAEA,MAAMI,IAAI,GAAG9E,SAAS;QAEtB6E,IAAI,CAAChF,UAAU,CAACkF,aAAa,CAACC,SAAS,CAAC,MAAM;UAC5CJ,EAAE,CAACK,KAAK,CAAC,IAAI,EAAEH,IAAI,CAAC;QACtB,CAAC,CAAC;MACJ,CAAC;IACH,CAAC;IAEDb,KAAK,CAACtC,KAAK,GAAGgD,YAAY,CAAC5E,OAAO,CAAC4B,KAAK,CAAC;IACzCsC,KAAK,CAAC1B,OAAO,GAAGoC,YAAY,CAAC5E,OAAO,CAACwC,OAAO,CAAC;IAC7C0B,KAAK,CAACrC,OAAO,GAAG+C,YAAY,CAAC5E,OAAO,CAAC6B,OAAO,CAAC;IAE7C,IAAIE,OAAO,EAAE;MACXmC,KAAK,CAAC3B,WAAW,GAAGqC,YAAY,CAAC5E,OAAO,CAACuC,WAAW,CAAC;MACrD2B,KAAK,CAACzB,WAAW,GAAGmC,YAAY,CAAC5E,OAAO,CAACyC,WAAW,CAAC;IACvD;IAEA,IAAI,CAACzC,OAAO,CAACmF,iBAAiB,IAAI,CAAC,IAAI,CAACrF,UAAU,CAAC6E,MAAM,EAAE;MAAA,IAAAS,cAAA,EAAAC,mBAAA;MACzD,MAAMC,OAAO,GAAInD,GAAG,IAAK;QACvB,MAAMlB,MAAM,GAAGsE,KAAK,CAACC,KAAK,CAACrD,GAAG,CAAC;QAE/B,OAAOlB,MAAM,CAACN,GAAG;QAEjB,IAAIoB,OAAO,EAAE;UACXmC,KAAK,CAAC3B,WAAW,CAACJ,GAAG,CAACxB,GAAG,EAAE,IAAI,CAACQ,aAAa,CAACF,MAAM,CAAC,EAAE,IAAI,CAAC;QAC9D;QAEAiD,KAAK,CAACtC,KAAK,CAACO,GAAG,CAACxB,GAAG,EAAE,IAAI,CAACQ,aAAa,CAACF,MAAM,CAAC,CAAC;MAClD,CAAC;MACD;MACA,IAAIiD,KAAK,CAACQ,OAAO,CAACxE,MAAM,EAAE;QACxB,KAAK,MAAMiC,GAAG,IAAI+B,KAAK,CAACQ,OAAO,EAAE;UAC/BY,OAAO,CAACnD,GAAG,CAAC;QACd;MACF;MACA;MACA,KAAAiD,cAAA,GAAIlB,KAAK,CAACQ,OAAO,cAAAU,cAAA,gBAAAC,mBAAA,GAAbD,cAAA,CAAeK,IAAI,cAAAJ,mBAAA,eAAnBA,mBAAA,CAAA3E,IAAA,CAAA0E,cAAsB,CAAC,EAAE;QAC3BlB,KAAK,CAACQ,OAAO,CAACxC,OAAO,CAACoD,OAAO,CAAC;MAChC;IACF;IAEA,MAAMI,MAAM,GAAGC,MAAM,CAACC,MAAM,CAAC,IAAIrG,eAAe,CAACsG,aAAa,CAAC,CAAC,EAAE;MAChE/F,UAAU,EAAE,IAAI,CAACA,UAAU;MAC3BgG,IAAI,EAAEA,CAAA,KAAM;QACV,IAAI,IAAI,CAACrE,QAAQ,EAAE;UACjB,OAAO,IAAI,CAAC3B,UAAU,CAAC2E,OAAO,CAACF,GAAG,CAAC;QACrC;MACF,CAAC;MACDwB,OAAO,EAAE,KAAK;MACdC,cAAc,EAAE;IAClB,CAAC,CAAC;IAEF,IAAI,IAAI,CAACvE,QAAQ,IAAID,OAAO,CAACyE,MAAM,EAAE;MACnC;MACA;MACA;MACA;MACA;MACAzE,OAAO,CAAC0E,YAAY,CAAC,MAAM;QACzBR,MAAM,CAACI,IAAI,CAAC,CAAC;MACf,CAAC,CAAC;IACJ;;IAEA;IACA;IACA,MAAMK,WAAW,GAAG,IAAI,CAACrG,UAAU,CAACkF,aAAa,CAACoB,KAAK,CAAC,CAAC;IAEzD,IAAID,WAAW,YAAYjD,OAAO,EAAE;MAClCwC,MAAM,CAACM,cAAc,GAAGG,WAAW;MACnCA,WAAW,CAACE,IAAI,CAAC,MAAOX,MAAM,CAACK,OAAO,GAAG,IAAK,CAAC;IACjD,CAAC,MAAM;MACLL,MAAM,CAACK,OAAO,GAAG,IAAI;MACrBL,MAAM,CAACM,cAAc,GAAG9C,OAAO,CAACC,OAAO,CAAC,CAAC;IAC3C;IAEA,OAAOuC,MAAM;EACf;;EAEA;AACF;AACA;AACA;AACA;AACA;AACA;AACA;AACA;AACA;EACEY,mBAAmBA,CAACtG,OAAO,EAAE;IAC3B,OAAO,IAAIkD,OAAO,CAAEC,OAAO,IAAK;MAC9B,MAAMuC,MAAM,GAAG,IAAI,CAAC9B,cAAc,CAAC5D,OAAO,CAAC;MAC3C0F,MAAM,CAACM,cAAc,CAACK,IAAI,CAAC,MAAMlD,OAAO,CAACuC,MAAM,CAAC,CAAC;IACnD,CAAC,CAAC;EACJ;;EAEA;EACA;EACA/D,OAAOA,CAAC4E,QAAQ,EAAEzC,gBAAgB,EAAE;IAClC,IAAItC,OAAO,CAACyE,MAAM,EAAE;MAClB,MAAMO,UAAU,GAAG,IAAIhF,OAAO,CAACiF,UAAU,CAAC,CAAC;MAC3C,MAAMC,MAAM,GAAGF,UAAU,CAAChE,OAAO,CAACmE,IAAI,CAACH,UAAU,CAAC;MAElDA,UAAU,CAACI,MAAM,CAAC,CAAC;MAEnB,MAAM5G,OAAO,GAAG;QAAE8D,gBAAgB;QAAEqB,iBAAiB,EAAE;MAAK,CAAC;MAE7D,CAAC,OAAO,EAAE,aAAa,EAAE,SAAS,EAAE,aAAa,EAAE,SAAS,CAAC,CAACjD,OAAO,CACnE2C,EAAE,IAAI;QACJ,IAAI0B,QAAQ,CAAC1B,EAAE,CAAC,EAAE;UAChB7E,OAAO,CAAC6E,EAAE,CAAC,GAAG6B,MAAM;QACtB;MACF,CACF,CAAC;;MAED;MACA,IAAI,CAAC9C,cAAc,CAAC5D,OAAO,CAAC;IAC9B;EACF;EAEA6G,kBAAkBA,CAAA,EAAG;IACnB,OAAO,IAAI,CAAC/G,UAAU,CAACgH,IAAI;EAC7B;;EAEA;EACA;EACA;EACA;EACA;EACA;EACA;EACA;EACA;EACA;EACA;EACA;EACA;EACA;EACA;EACA;EACA;EACAhF,cAAcA,CAAA,EAAe;IAAA,IAAd9B,OAAO,GAAAC,SAAA,CAAAC,MAAA,QAAAD,SAAA,QAAAE,SAAA,GAAAF,SAAA,MAAG,CAAC,CAAC;IACzB;IACA;IACA;IACA;IACA,MAAM8G,cAAc,GAAG/G,OAAO,CAAC+G,cAAc,KAAK,KAAK;;IAEvD;IACA;IACA,MAAMrC,OAAO,GAAG1E,OAAO,CAAC+B,OAAO,GAAG,EAAE,GAAG,IAAIxC,eAAe,CAAC0E,MAAM,CAAC,CAAC;;IAEnE;IACA,IAAI,IAAI,CAACxD,WAAW,KAAKN,SAAS,EAAE;MAClC;MACA;MACA,IAAI4G,cAAc,IAAI,IAAI,CAAChG,IAAI,EAAE;QAC/B,OAAO2D,OAAO;MAChB;MAEA,MAAMsC,WAAW,GAAG,IAAI,CAAClH,UAAU,CAACmH,KAAK,CAACC,GAAG,CAAC,IAAI,CAACzG,WAAW,CAAC;MAC/D,IAAIuG,WAAW,EAAE;QACf,IAAIhH,OAAO,CAAC+B,OAAO,EAAE;UACnB2C,OAAO,CAACtC,IAAI,CAAC4E,WAAW,CAAC;QAC3B,CAAC,MAAM;UACLtC,OAAO,CAACyC,GAAG,CAAC,IAAI,CAAC1G,WAAW,EAAEuG,WAAW,CAAC;QAC5C;MACF;MACA,OAAOtC,OAAO;IAChB;;IAEA;;IAEA;IACA;IACA;IACA,IAAIV,SAAS;IACb,IAAI,IAAI,CAAC3D,OAAO,CAACO,WAAW,CAAC,CAAC,IAAIZ,OAAO,CAAC+B,OAAO,EAAE;MACjD,IAAI/B,OAAO,CAACgE,SAAS,EAAE;QACrBA,SAAS,GAAGhE,OAAO,CAACgE,SAAS;QAC7BA,SAAS,CAACoD,KAAK,CAAC,CAAC;MACnB,CAAC,MAAM;QACLpD,SAAS,GAAG,IAAIzE,eAAe,CAAC0E,MAAM,CAAC,CAAC;MAC1C;IACF;IACA,IAAI,CAACnE,UAAU,CAACmH,KAAK,CAAC/E,OAAO,CAAC,CAACC,GAAG,EAAEkF,EAAE,KAAK;MACzC,MAAMC,WAAW,GAAG,IAAI,CAACjH,OAAO,CAACkH,eAAe,CAACpF,GAAG,CAAC;MACrD,IAAImF,WAAW,CAACrF,MAAM,EAAE;QACtB,IAAIjC,OAAO,CAAC+B,OAAO,EAAE;UACnB2C,OAAO,CAACtC,IAAI,CAACD,GAAG,CAAC;UAEjB,IAAI6B,SAAS,IAAIsD,WAAW,CAACE,QAAQ,KAAKrH,SAAS,EAAE;YACnD6D,SAAS,CAACmD,GAAG,CAACE,EAAE,EAAEC,WAAW,CAACE,QAAQ,CAAC;UACzC;QACF,CAAC,MAAM;UACL9C,OAAO,CAACyC,GAAG,CAACE,EAAE,EAAElF,GAAG,CAAC;QACtB;MACF;;MAEA;MACA,IAAI,CAAC4E,cAAc,EAAE;QACnB,OAAO,IAAI;MACb;;MAEA;MACA;MACA,OACE,CAAC,IAAI,CAAC/F,KAAK,IAAI,IAAI,CAACD,IAAI,IAAI,IAAI,CAACX,MAAM,IAAIsE,OAAO,CAACxE,MAAM,KAAK,IAAI,CAACc,KAAK;IAE5E,CAAC,CAAC;IAEF,IAAI,CAAChB,OAAO,CAAC+B,OAAO,EAAE;MACpB,OAAO2C,OAAO;IAChB;IAEA,IAAI,IAAI,CAACtE,MAAM,EAAE;MACfsE,OAAO,CAAC7D,IAAI,CAAC,IAAI,CAACT,MAAM,CAACqH,aAAa,CAAC;QAAEzD;MAAU,CAAC,CAAC,CAAC;IACxD;;IAEA;IACA;IACA,IAAI,CAAC+C,cAAc,IAAK,CAAC,IAAI,CAAC/F,KAAK,IAAI,CAAC,IAAI,CAACD,IAAK,EAAE;MAClD,OAAO2D,OAAO;IAChB;IAEA,OAAOA,OAAO,CAACgD,KAAK,CAClB,IAAI,CAAC3G,IAAI,EACT,IAAI,CAACC,KAAK,GAAG,IAAI,CAACA,KAAK,GAAG,IAAI,CAACD,IAAI,GAAG2D,OAAO,CAACxE,MAChD,CAAC;EACH;EAEAyH,cAAcA,CAACC,YAAY,EAAE;IAC3B;IACA,IAAI,CAACC,OAAO,CAACC,KAAK,EAAE;MAClB,MAAM,IAAI/D,KAAK,CACb,2DACF,CAAC;IACH;IAEA,IAAI,CAAC,IAAI,CAACjE,UAAU,CAACgH,IAAI,EAAE;MACzB,MAAM,IAAI/C,KAAK,CACb,0DACF,CAAC;IACH;IAEA,OAAO8D,OAAO,CAACC,KAAK,CAACC,KAAK,CAACC,UAAU,CAACL,cAAc,CAClD,IAAI,EACJC,YAAY,EACZ,IAAI,CAAC9H,UAAU,CAACgH,IAClB,CAAC;EACH;AACF;AAEA;AACAnH,oBAAoB,CAACuC,OAAO,CAAC+F,MAAM,IAAI;EACrC,MAAMC,SAAS,GAAGtI,kBAAkB,CAACqI,MAAM,CAAC;EAC5C3I,MAAM,CAAC6I,SAAS,CAACD,SAAS,CAAC,GAAG,YAAkB;IAC9C,IAAI;MAAA,SAAAE,IAAA,GAAAnI,SAAA,CAAAC,MAAA,EADoC6E,IAAI,OAAAsD,KAAA,CAAAD,IAAA,GAAAE,IAAA,MAAAA,IAAA,GAAAF,IAAA,EAAAE,IAAA;QAAJvD,IAAI,CAAAuD,IAAA,IAAArI,SAAA,CAAAqI,IAAA;MAAA;MAE1C,OAAOpF,OAAO,CAACC,OAAO,CAAC,IAAI,CAAC8E,MAAM,CAAC,CAAC/C,KAAK,CAAC,IAAI,EAAEH,IAAI,CAAC,CAAC;IACxD,CAAC,CAAC,OAAOwD,KAAK,EAAE;MACd,OAAOrF,OAAO,CAACsF,MAAM,CAACD,KAAK,CAAC;IAC9B;EACF,CAAC;AACH,CAAC,CAAC","ignoreList":[]},"sourceType":"module","externalDependencies":{},"hash":"af16f5da2c43b6a5237a5be22339d0905b886ebe"}
