{"metadata":{},"options":{"assumptions":{},"compact":false,"sourceMaps":true,"ast":true,"babelrc":false,"configFile":false,"parserOpts":{"sourceType":"module","sourceFileName":"/Users/matteodemicheli/Sites/meteor-boilerplate/packages/ddp-common/random_stream.js","plugins":["*","flow","jsx","asyncGenerators","bigInt","classPrivateMethods","classPrivateProperties","classProperties","doExpressions","dynamicImport","exportDefaultFrom","exportExtensions","exportNamespaceFrom","functionBind","functionSent","importMeta","nullishCoalescingOperator","numericSeparator","objectRestSpread","optionalCatchBinding","optionalChaining",["pipelineOperator",{"proposal":"minimal"}],"throwExpressions","topLevelAwait","objectRestSpread","objectRestSpread","asyncGenerators","classProperties","classPrivateProperties","jsx","nullishCoalescingOperator","nullishCoalescingOperator","optionalChaining","optionalChaining","optionalCatchBinding","optionalCatchBinding","classProperties","classPrivateProperties","classPrivateMethods","classProperties","classPrivateProperties","asyncGenerators","asyncGenerators","objectRestSpread","objectRestSpread","logicalAssignment"],"allowImportExportEverywhere":true,"allowReturnOutsideFunction":true,"allowUndeclaredExports":true,"strictMode":false},"caller":{"name":"meteor","arch":"os.osx.arm64"},"sourceFileName":"packages/ddp-common/random_stream.js","filename":"/Users/matteodemicheli/Sites/meteor-boilerplate/packages/ddp-common/random_stream.js","targets":{},"cloneInputAst":true,"browserslistConfigFile":false,"passPerPreset":false,"envName":"development","cwd":"/Users/matteodemicheli/Sites/meteor-boilerplate","root":"/Users/matteodemicheli/Sites/meteor-boilerplate","rootMode":"root","plugins":[{"key":"base$0","visitor":{"_exploded":true,"_verified":true},"options":{},"externalDependencies":[]},{"key":"base$0$0","visitor":{"Program":{"enter":[null],"exit":[null]},"_exploded":true,"_verified":true},"options":{"avoidModernSyntax":false,"enforceStrictMode":false,"dynamicImport":true,"generateLetDeclarations":true,"topLevelAwait":true},"externalDependencies":[]},{"key":"transform-runtime","visitor":{"MemberExpression":{"enter":[null]},"ObjectPattern":{"enter":[null]},"BinaryExpression":{"enter":[null]},"Identifier":{"enter":[null]},"JSXIdentifier":{"enter":[null]},"_exploded":true,"_verified":true},"options":{"version":"7.17.2","helpers":true,"useESModules":false,"corejs":false},"externalDependencies":[]},{"key":"syntax-object-rest-spread","visitor":{"_exploded":true,"_verified":true},"options":{},"externalDependencies":[]},{"key":"proposal-object-rest-spread","visitor":{"VariableDeclarator":{"enter":[null]},"ExportNamedDeclaration":{"enter":[null]},"CatchClause":{"enter":[null]},"AssignmentExpression":{"enter":[null]},"ArrayPattern":{"enter":[null]},"ObjectExpression":{"enter":[null]},"FunctionDeclaration":{"enter":[null]},"FunctionExpression":{"enter":[null]},"ObjectMethod":{"enter":[null]},"ArrowFunctionExpression":{"enter":[null]},"ClassMethod":{"enter":[null]},"ClassPrivateMethod":{"enter":[null]},"ForInStatement":{"enter":[null]},"ForOfStatement":{"enter":[null]},"_exploded":true,"_verified":true},"options":{},"externalDependencies":[]},{"key":"proposal-async-generator-functions","visitor":{"Program":{"enter":[null]},"_exploded":true,"_verified":true},"options":{},"externalDependencies":[]},{"key":"proposal-class-properties","visitor":{"ExportDefaultDeclaration":{"enter":[null]},"_exploded":true,"_verified":true,"ClassExpression":{"enter":[null]},"ClassDeclaration":{"enter":[null]}},"options":{"loose":true},"externalDependencies":[]},{"key":"transform-react-jsx","visitor":{"JSXNamespacedName":{"enter":[null]},"JSXSpreadChild":{"enter":[null]},"Program":{"enter":[null]},"JSXFragment":{"exit":[null]},"JSXElement":{"exit":[null]},"JSXAttribute":{"enter":[null]},"_exploded":true,"_verified":true},"options":{"pragma":"React.createElement","pragmaFrag":"React.Fragment","runtime":"classic","throwIfNamespace":true,"useBuiltIns":false},"externalDependencies":[]},{"key":"transform-react-display-name","visitor":{"ExportDefaultDeclaration":{"enter":[null]},"CallExpression":{"enter":[null]},"_exploded":true,"_verified":true},"options":{},"externalDependencies":[]},{"key":"transform-react-pure-annotations","visitor":{"CallExpression":{"enter":[null]},"_exploded":true,"_verified":true},"options":{},"externalDependencies":[]},{"key":"syntax-nullish-coalescing-operator","visitor":{"_exploded":true,"_verified":true},"options":{},"externalDependencies":[]},{"key":"proposal-nullish-coalescing-operator","visitor":{"LogicalExpression":{"enter":[null]},"_exploded":true,"_verified":true},"options":{},"externalDependencies":[]},{"key":"syntax-optional-chaining","visitor":{"_exploded":true,"_verified":true},"options":{},"externalDependencies":[]},{"key":"proposal-optional-chaining","visitor":{"OptionalCallExpression":{"enter":[null]},"OptionalMemberExpression":{"enter":[null]},"_exploded":true,"_verified":true},"options":{},"externalDependencies":[]},{"key":"syntax-optional-catch-binding","visitor":{"_exploded":true,"_verified":true},"options":{},"externalDependencies":[]},{"key":"proposal-optional-catch-binding","visitor":{"CatchClause":{"enter":[null]},"_exploded":true,"_verified":true},"options":{},"externalDependencies":[]},{"key":"syntax-class-properties","visitor":{"_exploded":true,"_verified":true},"options":{},"externalDependencies":[]},{"key":"proposal-class-properties","visitor":{"ExportDefaultDeclaration":{"enter":[null]},"_exploded":true,"_verified":true,"ClassExpression":{"enter":[null]},"ClassDeclaration":{"enter":[null]}},"options":{},"externalDependencies":[]},{"key":"syntax-async-generators","visitor":{"_exploded":true,"_verified":true},"options":{},"externalDependencies":[]},{"key":"proposal-async-generator-functions","visitor":{"Program":{"enter":[null]},"_exploded":true,"_verified":true},"options":{},"externalDependencies":[]},{"key":"syntax-object-rest-spread","visitor":{"_exploded":true,"_verified":true},"options":{},"externalDependencies":[]},{"key":"proposal-object-rest-spread","visitor":{"VariableDeclarator":{"enter":[null]},"ExportNamedDeclaration":{"enter":[null]},"CatchClause":{"enter":[null]},"AssignmentExpression":{"enter":[null]},"ArrayPattern":{"enter":[null]},"ObjectExpression":{"enter":[null]},"FunctionDeclaration":{"enter":[null]},"FunctionExpression":{"enter":[null]},"ObjectMethod":{"enter":[null]},"ArrowFunctionExpression":{"enter":[null]},"ClassMethod":{"enter":[null]},"ClassPrivateMethod":{"enter":[null]},"ForInStatement":{"enter":[null]},"ForOfStatement":{"enter":[null]},"_exploded":true,"_verified":true},"options":{},"externalDependencies":[]},{"key":"proposal-logical-assignment-operators","visitor":{"AssignmentExpression":{"enter":[null]},"_exploded":true,"_verified":true},"options":{},"externalDependencies":[]},{"key":"transform-literals","visitor":{"NumericLiteral":{"enter":[null]},"StringLiteral":{"enter":[null]},"_exploded":true,"_verified":true},"options":{},"externalDependencies":[]},{"key":"transform-template-literals","visitor":{"TaggedTemplateExpression":{"enter":[null]},"TemplateLiteral":{"enter":[null]},"_exploded":true,"_verified":true},"options":{},"externalDependencies":[]},{"key":"transform-parameters","visitor":{"_exploded":true,"_verified":true,"FunctionDeclaration":{"enter":[null]},"FunctionExpression":{"enter":[null]},"ObjectMethod":{"enter":[null]},"ArrowFunctionExpression":{"enter":[null]},"ClassMethod":{"enter":[null]},"ClassPrivateMethod":{"enter":[null]}},"options":{},"externalDependencies":[]},{"key":"transform-exponentiation-operator","visitor":{"AssignmentExpression":{"enter":[null]},"BinaryExpression":{"enter":[null]},"_exploded":true,"_verified":true},"options":{},"externalDependencies":[]}],"presets":[],"generatorOpts":{"filename":"/Users/matteodemicheli/Sites/meteor-boilerplate/packages/ddp-common/random_stream.js","comments":true,"compact":false,"sourceMaps":true,"sourceFileName":"packages/ddp-common/random_stream.js"}},"code":"// RandomStream allows for generation of pseudo-random values, from a seed.\n//\n// We use this for consistent 'random' numbers across the client and server.\n// We want to generate probably-unique IDs on the client, and we ideally want\n// the server to generate the same IDs when it executes the method.\n//\n// For generated values to be the same, we must seed ourselves the same way,\n// and we must keep track of the current state of our pseudo-random generators.\n// We call this state the scope. By default, we use the current DDP method\n// invocation as our scope.  DDP now allows the client to specify a randomSeed.\n// If a randomSeed is provided it will be used to seed our random sequences.\n// In this way, client and server method calls will generate the same values.\n//\n// We expose multiple named streams; each stream is independent\n// and is seeded differently (but predictably from the name).\n// By using multiple streams, we support reordering of requests,\n// as long as they occur on different streams.\n//\n// @param options {Optional Object}\n//   seed: Array or value - Seed value(s) for the generator.\n//                          If an array, will be used as-is\n//                          If a value, will be converted to a single-value array\n//                          If omitted, a random array will be used as the seed.\nDDPCommon.RandomStream = class RandomStream {\n  constructor(options) {\n    this.seed = [].concat(options.seed || randomToken());\n    this.sequences = Object.create(null);\n  }\n\n  // Get a random sequence with the specified name, creating it if does not exist.\n  // New sequences are seeded with the seed concatenated with the name.\n  // By passing a seed into Random.create, we use the Alea generator.\n  _sequence(name) {\n    var self = this;\n    var sequence = self.sequences[name] || null;\n    if (sequence === null) {\n      var sequenceSeed = self.seed.concat(name);\n      for (var i = 0; i < sequenceSeed.length; i++) {\n        if (typeof sequenceSeed[i] === \"function\") {\n          sequenceSeed[i] = sequenceSeed[i]();\n        }\n      }\n      self.sequences[name] = sequence = Random.createWithSeeds.apply(null, sequenceSeed);\n    }\n    return sequence;\n  }\n};\n\n// Returns a random string of sufficient length for a random seed.\n// This is a placeholder function; a similar function is planned\n// for Random itself; when that is added we should remove this function,\n// and call Random's randomToken instead.\nfunction randomToken() {\n  return Random.hexString(20);\n}\n;\n\n// Returns the random stream with the specified name, in the specified\n// scope. If a scope is passed, then we use that to seed a (not\n// cryptographically secure) PRNG using the fast Alea algorithm.  If\n// scope is null (or otherwise falsey) then we use a generated seed.\n//\n// However, scope will normally be the current DDP method invocation,\n// so we'll use the stream with the specified name, and we should get\n// consistent values on the client and server sides of a method call.\nDDPCommon.RandomStream.get = function (scope, name) {\n  if (!name) {\n    name = \"default\";\n  }\n  if (!scope) {\n    // There was no scope passed in; the sequence won't actually be\n    // reproducible. but make it fast (and not cryptographically\n    // secure) anyways, so that the behavior is similar to what you'd\n    // get by passing in a scope.\n    return Random.insecure;\n  }\n  var randomStream = scope.randomStream;\n  if (!randomStream) {\n    scope.randomStream = randomStream = new DDPCommon.RandomStream({\n      seed: scope.randomSeed\n    });\n  }\n  return randomStream._sequence(name);\n};\n\n// Creates a randomSeed for passing to a method call.\n// Note that we take enclosing as an argument,\n// though we expect it to be DDP._CurrentMethodInvocation.get()\n// However, we often evaluate makeRpcSeed lazily, and thus the relevant\n// invocation may not be the one currently in scope.\n// If enclosing is null, we'll use Random and values won't be repeatable.\nDDPCommon.makeRpcSeed = function (enclosing, methodName) {\n  var stream = DDPCommon.RandomStream.get(enclosing, '/rpc/' + methodName);\n  return stream.hexString(20);\n};","map":{"version":3,"names":["DDPCommon","RandomStream","constructor","options","seed","concat","randomToken","sequences","Object","create","_sequence","name","self","sequence","sequenceSeed","i","length","Random","createWithSeeds","apply","hexString","get","scope","insecure","randomStream","randomSeed","makeRpcSeed","enclosing","methodName","stream"],"sources":["packages/ddp-common/random_stream.js"],"sourcesContent":["// RandomStream allows for generation of pseudo-random values, from a seed.\n//\n// We use this for consistent 'random' numbers across the client and server.\n// We want to generate probably-unique IDs on the client, and we ideally want\n// the server to generate the same IDs when it executes the method.\n//\n// For generated values to be the same, we must seed ourselves the same way,\n// and we must keep track of the current state of our pseudo-random generators.\n// We call this state the scope. By default, we use the current DDP method\n// invocation as our scope.  DDP now allows the client to specify a randomSeed.\n// If a randomSeed is provided it will be used to seed our random sequences.\n// In this way, client and server method calls will generate the same values.\n//\n// We expose multiple named streams; each stream is independent\n// and is seeded differently (but predictably from the name).\n// By using multiple streams, we support reordering of requests,\n// as long as they occur on different streams.\n//\n// @param options {Optional Object}\n//   seed: Array or value - Seed value(s) for the generator.\n//                          If an array, will be used as-is\n//                          If a value, will be converted to a single-value array\n//                          If omitted, a random array will be used as the seed.\nDDPCommon.RandomStream = class RandomStream {\n  constructor(options) {\n    this.seed = [].concat(options.seed || randomToken());\n    this.sequences = Object.create(null);\n  }\n\n  // Get a random sequence with the specified name, creating it if does not exist.\n  // New sequences are seeded with the seed concatenated with the name.\n  // By passing a seed into Random.create, we use the Alea generator.\n  _sequence(name) {\n    var self = this;\n\n    var sequence = self.sequences[name] || null;\n    if (sequence === null) {\n      var sequenceSeed = self.seed.concat(name);\n      for (var i = 0; i < sequenceSeed.length; i++) {\n        if (typeof sequenceSeed[i] === \"function\") {\n          sequenceSeed[i] = sequenceSeed[i]();\n        }\n      }\n      self.sequences[name] = sequence = Random.createWithSeeds.apply(null, sequenceSeed);\n    }\n    return sequence;\n  }\n};\n\n// Returns a random string of sufficient length for a random seed.\n// This is a placeholder function; a similar function is planned\n// for Random itself; when that is added we should remove this function,\n// and call Random's randomToken instead.\nfunction randomToken() {\n  return Random.hexString(20);\n};\n\n// Returns the random stream with the specified name, in the specified\n// scope. If a scope is passed, then we use that to seed a (not\n// cryptographically secure) PRNG using the fast Alea algorithm.  If\n// scope is null (or otherwise falsey) then we use a generated seed.\n//\n// However, scope will normally be the current DDP method invocation,\n// so we'll use the stream with the specified name, and we should get\n// consistent values on the client and server sides of a method call.\nDDPCommon.RandomStream.get = function (scope, name) {\n  if (!name) {\n    name = \"default\";\n  }\n  if (!scope) {\n    // There was no scope passed in; the sequence won't actually be\n    // reproducible. but make it fast (and not cryptographically\n    // secure) anyways, so that the behavior is similar to what you'd\n    // get by passing in a scope.\n    return Random.insecure;\n  }\n  var randomStream = scope.randomStream;\n  if (!randomStream) {\n    scope.randomStream = randomStream = new DDPCommon.RandomStream({\n      seed: scope.randomSeed\n    });\n  }\n  return randomStream._sequence(name);\n};\n\n// Creates a randomSeed for passing to a method call.\n// Note that we take enclosing as an argument,\n// though we expect it to be DDP._CurrentMethodInvocation.get()\n// However, we often evaluate makeRpcSeed lazily, and thus the relevant\n// invocation may not be the one currently in scope.\n// If enclosing is null, we'll use Random and values won't be repeatable.\nDDPCommon.makeRpcSeed = function (enclosing, methodName) {\n  var stream = DDPCommon.RandomStream.get(enclosing, '/rpc/' + methodName);\n  return stream.hexString(20);\n};\n"],"mappings":"AAAA;AACA;AACA;AACA;AACA;AACA;AACA;AACA;AACA;AACA;AACA;AACA;AACA;AACA;AACA;AACA;AACA;AACA;AACA;AACA;AACA;AACA;AACA;AACAA,SAAS,CAACC,YAAY,GAAG,MAAMA,YAAY,CAAC;EAC1CC,WAAWA,CAACC,OAAO,EAAE;IACnB,IAAI,CAACC,IAAI,GAAG,EAAE,CAACC,MAAM,CAACF,OAAO,CAACC,IAAI,IAAIE,WAAW,CAAC,CAAC,CAAC;IACpD,IAAI,CAACC,SAAS,GAAGC,MAAM,CAACC,MAAM,CAAC,IAAI,CAAC;EACtC;;EAEA;EACA;EACA;EACAC,SAASA,CAACC,IAAI,EAAE;IACd,IAAIC,IAAI,GAAG,IAAI;IAEf,IAAIC,QAAQ,GAAGD,IAAI,CAACL,SAAS,CAACI,IAAI,CAAC,IAAI,IAAI;IAC3C,IAAIE,QAAQ,KAAK,IAAI,EAAE;MACrB,IAAIC,YAAY,GAAGF,IAAI,CAACR,IAAI,CAACC,MAAM,CAACM,IAAI,CAAC;MACzC,KAAK,IAAII,CAAC,GAAG,CAAC,EAAEA,CAAC,GAAGD,YAAY,CAACE,MAAM,EAAED,CAAC,EAAE,EAAE;QAC5C,IAAI,OAAOD,YAAY,CAACC,CAAC,CAAC,KAAK,UAAU,EAAE;UACzCD,YAAY,CAACC,CAAC,CAAC,GAAGD,YAAY,CAACC,CAAC,CAAC,CAAC,CAAC;QACrC;MACF;MACAH,IAAI,CAACL,SAAS,CAACI,IAAI,CAAC,GAAGE,QAAQ,GAAGI,MAAM,CAACC,eAAe,CAACC,KAAK,CAAC,IAAI,EAAEL,YAAY,CAAC;IACpF;IACA,OAAOD,QAAQ;EACjB;AACF,CAAC;;AAED;AACA;AACA;AACA;AACA,SAASP,WAAWA,CAAA,EAAG;EACrB,OAAOW,MAAM,CAACG,SAAS,CAAC,EAAE,CAAC;AAC7B;AAAC;;AAED;AACA;AACA;AACA;AACA;AACA;AACA;AACA;AACApB,SAAS,CAACC,YAAY,CAACoB,GAAG,GAAG,UAAUC,KAAK,EAAEX,IAAI,EAAE;EAClD,IAAI,CAACA,IAAI,EAAE;IACTA,IAAI,GAAG,SAAS;EAClB;EACA,IAAI,CAACW,KAAK,EAAE;IACV;IACA;IACA;IACA;IACA,OAAOL,MAAM,CAACM,QAAQ;EACxB;EACA,IAAIC,YAAY,GAAGF,KAAK,CAACE,YAAY;EACrC,IAAI,CAACA,YAAY,EAAE;IACjBF,KAAK,CAACE,YAAY,GAAGA,YAAY,GAAG,IAAIxB,SAAS,CAACC,YAAY,CAAC;MAC7DG,IAAI,EAAEkB,KAAK,CAACG;IACd,CAAC,CAAC;EACJ;EACA,OAAOD,YAAY,CAACd,SAAS,CAACC,IAAI,CAAC;AACrC,CAAC;;AAED;AACA;AACA;AACA;AACA;AACA;AACAX,SAAS,CAAC0B,WAAW,GAAG,UAAUC,SAAS,EAAEC,UAAU,EAAE;EACvD,IAAIC,MAAM,GAAG7B,SAAS,CAACC,YAAY,CAACoB,GAAG,CAACM,SAAS,EAAE,OAAO,GAAGC,UAAU,CAAC;EACxE,OAAOC,MAAM,CAACT,SAAS,CAAC,EAAE,CAAC;AAC7B,CAAC","ignoreList":[]},"sourceType":"module","externalDependencies":{},"hash":"b171b665967daba0e073673107722d379db0da36"}
