{"metadata":{},"options":{"assumptions":{},"compact":false,"sourceMaps":true,"ast":true,"babelrc":false,"configFile":false,"parserOpts":{"sourceType":"module","sourceFileName":"/Users/matteodemicheli/Sites/meteor-boilerplate/packages/webapp/socket_file.js","plugins":["*","flow","jsx","asyncGenerators","bigInt","classPrivateMethods","classPrivateProperties","classProperties","doExpressions","dynamicImport","exportDefaultFrom","exportExtensions","exportNamespaceFrom","functionBind","functionSent","importMeta","nullishCoalescingOperator","numericSeparator","objectRestSpread","optionalCatchBinding","optionalChaining",["pipelineOperator",{"proposal":"minimal"}],"throwExpressions","topLevelAwait","objectRestSpread","objectRestSpread","asyncGenerators","classProperties","classPrivateProperties","jsx","nullishCoalescingOperator","nullishCoalescingOperator","optionalChaining","optionalChaining","optionalCatchBinding","optionalCatchBinding","classProperties","classPrivateProperties","classPrivateMethods","classProperties","classPrivateProperties","asyncGenerators","asyncGenerators","objectRestSpread","objectRestSpread","logicalAssignment"],"allowImportExportEverywhere":true,"allowReturnOutsideFunction":true,"allowUndeclaredExports":true,"strictMode":false},"caller":{"name":"meteor","arch":"os.osx.arm64"},"sourceFileName":"packages/webapp/socket_file.js","filename":"/Users/matteodemicheli/Sites/meteor-boilerplate/packages/webapp/socket_file.js","targets":{},"cloneInputAst":true,"browserslistConfigFile":false,"passPerPreset":false,"envName":"development","cwd":"/Users/matteodemicheli/Sites/meteor-boilerplate","root":"/Users/matteodemicheli/Sites/meteor-boilerplate","rootMode":"root","plugins":[{"key":"base$0","visitor":{"_exploded":true,"_verified":true},"options":{},"externalDependencies":[]},{"key":"base$0$0","visitor":{"Program":{"enter":[null],"exit":[null]},"_exploded":true,"_verified":true},"options":{"avoidModernSyntax":false,"enforceStrictMode":false,"dynamicImport":true,"generateLetDeclarations":true,"topLevelAwait":true},"externalDependencies":[]},{"key":"transform-runtime","visitor":{"MemberExpression":{"enter":[null]},"ObjectPattern":{"enter":[null]},"BinaryExpression":{"enter":[null]},"Identifier":{"enter":[null]},"JSXIdentifier":{"enter":[null]},"_exploded":true,"_verified":true},"options":{"version":"7.17.2","helpers":true,"useESModules":false,"corejs":false},"externalDependencies":[]},{"key":"syntax-object-rest-spread","visitor":{"_exploded":true,"_verified":true},"options":{},"externalDependencies":[]},{"key":"proposal-object-rest-spread","visitor":{"VariableDeclarator":{"enter":[null]},"ExportNamedDeclaration":{"enter":[null]},"CatchClause":{"enter":[null]},"AssignmentExpression":{"enter":[null]},"ArrayPattern":{"enter":[null]},"ObjectExpression":{"enter":[null]},"FunctionDeclaration":{"enter":[null]},"FunctionExpression":{"enter":[null]},"ObjectMethod":{"enter":[null]},"ArrowFunctionExpression":{"enter":[null]},"ClassMethod":{"enter":[null]},"ClassPrivateMethod":{"enter":[null]},"ForInStatement":{"enter":[null]},"ForOfStatement":{"enter":[null]},"_exploded":true,"_verified":true},"options":{},"externalDependencies":[]},{"key":"proposal-async-generator-functions","visitor":{"Program":{"enter":[null]},"_exploded":true,"_verified":true},"options":{},"externalDependencies":[]},{"key":"proposal-class-properties","visitor":{"ExportDefaultDeclaration":{"enter":[null]},"_exploded":true,"_verified":true,"ClassExpression":{"enter":[null]},"ClassDeclaration":{"enter":[null]}},"options":{"loose":true},"externalDependencies":[]},{"key":"transform-react-jsx","visitor":{"JSXNamespacedName":{"enter":[null]},"JSXSpreadChild":{"enter":[null]},"Program":{"enter":[null]},"JSXFragment":{"exit":[null]},"JSXElement":{"exit":[null]},"JSXAttribute":{"enter":[null]},"_exploded":true,"_verified":true},"options":{"pragma":"React.createElement","pragmaFrag":"React.Fragment","runtime":"classic","throwIfNamespace":true,"useBuiltIns":false},"externalDependencies":[]},{"key":"transform-react-display-name","visitor":{"ExportDefaultDeclaration":{"enter":[null]},"CallExpression":{"enter":[null]},"_exploded":true,"_verified":true},"options":{},"externalDependencies":[]},{"key":"transform-react-pure-annotations","visitor":{"CallExpression":{"enter":[null]},"_exploded":true,"_verified":true},"options":{},"externalDependencies":[]},{"key":"syntax-nullish-coalescing-operator","visitor":{"_exploded":true,"_verified":true},"options":{},"externalDependencies":[]},{"key":"proposal-nullish-coalescing-operator","visitor":{"LogicalExpression":{"enter":[null]},"_exploded":true,"_verified":true},"options":{},"externalDependencies":[]},{"key":"syntax-optional-chaining","visitor":{"_exploded":true,"_verified":true},"options":{},"externalDependencies":[]},{"key":"proposal-optional-chaining","visitor":{"OptionalCallExpression":{"enter":[null]},"OptionalMemberExpression":{"enter":[null]},"_exploded":true,"_verified":true},"options":{},"externalDependencies":[]},{"key":"syntax-optional-catch-binding","visitor":{"_exploded":true,"_verified":true},"options":{},"externalDependencies":[]},{"key":"proposal-optional-catch-binding","visitor":{"CatchClause":{"enter":[null]},"_exploded":true,"_verified":true},"options":{},"externalDependencies":[]},{"key":"syntax-class-properties","visitor":{"_exploded":true,"_verified":true},"options":{},"externalDependencies":[]},{"key":"proposal-class-properties","visitor":{"ExportDefaultDeclaration":{"enter":[null]},"_exploded":true,"_verified":true,"ClassExpression":{"enter":[null]},"ClassDeclaration":{"enter":[null]}},"options":{},"externalDependencies":[]},{"key":"syntax-async-generators","visitor":{"_exploded":true,"_verified":true},"options":{},"externalDependencies":[]},{"key":"proposal-async-generator-functions","visitor":{"Program":{"enter":[null]},"_exploded":true,"_verified":true},"options":{},"externalDependencies":[]},{"key":"syntax-object-rest-spread","visitor":{"_exploded":true,"_verified":true},"options":{},"externalDependencies":[]},{"key":"proposal-object-rest-spread","visitor":{"VariableDeclarator":{"enter":[null]},"ExportNamedDeclaration":{"enter":[null]},"CatchClause":{"enter":[null]},"AssignmentExpression":{"enter":[null]},"ArrayPattern":{"enter":[null]},"ObjectExpression":{"enter":[null]},"FunctionDeclaration":{"enter":[null]},"FunctionExpression":{"enter":[null]},"ObjectMethod":{"enter":[null]},"ArrowFunctionExpression":{"enter":[null]},"ClassMethod":{"enter":[null]},"ClassPrivateMethod":{"enter":[null]},"ForInStatement":{"enter":[null]},"ForOfStatement":{"enter":[null]},"_exploded":true,"_verified":true},"options":{},"externalDependencies":[]},{"key":"proposal-logical-assignment-operators","visitor":{"AssignmentExpression":{"enter":[null]},"_exploded":true,"_verified":true},"options":{},"externalDependencies":[]},{"key":"transform-literals","visitor":{"NumericLiteral":{"enter":[null]},"StringLiteral":{"enter":[null]},"_exploded":true,"_verified":true},"options":{},"externalDependencies":[]},{"key":"transform-template-literals","visitor":{"TaggedTemplateExpression":{"enter":[null]},"TemplateLiteral":{"enter":[null]},"_exploded":true,"_verified":true},"options":{},"externalDependencies":[]},{"key":"transform-parameters","visitor":{"_exploded":true,"_verified":true,"FunctionDeclaration":{"enter":[null]},"FunctionExpression":{"enter":[null]},"ObjectMethod":{"enter":[null]},"ArrowFunctionExpression":{"enter":[null]},"ClassMethod":{"enter":[null]},"ClassPrivateMethod":{"enter":[null]}},"options":{},"externalDependencies":[]},{"key":"transform-exponentiation-operator","visitor":{"AssignmentExpression":{"enter":[null]},"BinaryExpression":{"enter":[null]},"_exploded":true,"_verified":true},"options":{},"externalDependencies":[]}],"presets":[],"generatorOpts":{"filename":"/Users/matteodemicheli/Sites/meteor-boilerplate/packages/webapp/socket_file.js","comments":true,"compact":false,"sourceMaps":true,"sourceFileName":"packages/webapp/socket_file.js"}},"code":"!module.wrapAsync(async function (module, __reifyWaitForDeps__, __reify_async_result__) {\n  \"use strict\";\n  try {\n    module.export({\n      removeExistingSocketFile: () => removeExistingSocketFile,\n      registerSocketFileCleanup: () => registerSocketFileCleanup\n    });\n    let statSync, unlinkSync, existsSync;\n    module.link(\"fs\", {\n      statSync(v) {\n        statSync = v;\n      },\n      unlinkSync(v) {\n        unlinkSync = v;\n      },\n      existsSync(v) {\n        existsSync = v;\n      }\n    }, 0);\n    if (__reifyWaitForDeps__()) (await __reifyWaitForDeps__())();\n    const removeExistingSocketFile = socketPath => {\n      try {\n        if (statSync(socketPath).isSocket()) {\n          // Since a new socket file will be created, remove the existing\n          // file.\n          unlinkSync(socketPath);\n        } else {\n          throw new Error(\"An existing file was found at \\\"\".concat(socketPath, \"\\\" and it is not \") + 'a socket file. Please confirm PORT is pointing to valid and ' + 'un-used socket file path.');\n        }\n      } catch (error) {\n        // If there is no existing socket file to cleanup, great, we'll\n        // continue normally. If the caught exception represents any other\n        // issue, re-throw.\n        if (error.code !== 'ENOENT') {\n          throw error;\n        }\n      }\n    };\n    const registerSocketFileCleanup = function (socketPath) {\n      let eventEmitter = arguments.length > 1 && arguments[1] !== undefined ? arguments[1] : process;\n      ['exit', 'SIGINT', 'SIGHUP', 'SIGTERM'].forEach(signal => {\n        eventEmitter.on(signal, Meteor.bindEnvironment(() => {\n          if (existsSync(socketPath)) {\n            unlinkSync(socketPath);\n          }\n        }));\n      });\n    };\n    __reify_async_result__();\n  } catch (_reifyError) {\n    return __reify_async_result__(_reifyError);\n  }\n  __reify_async_result__()\n}, {\n  self: this,\n  async: false\n});","map":{"version":3,"names":["module","export","removeExistingSocketFile","registerSocketFileCleanup","statSync","unlinkSync","existsSync","link","v","__reifyWaitForDeps__","socketPath","isSocket","Error","concat","error","code","eventEmitter","arguments","length","undefined","process","forEach","signal","on","Meteor","bindEnvironment","__reify_async_result__","_reifyError","self","async"],"sources":["packages/webapp/socket_file.js"],"sourcesContent":["import { statSync, unlinkSync, existsSync } from 'fs';\n\n// Since a new socket file will be created when the HTTP server\n// starts up, if found remove the existing file.\n//\n// WARNING:\n// This will remove the configured socket file without warning. If\n// the configured socket file is already in use by another application,\n// it will still be removed. Node does not provide a reliable way to\n// differentiate between a socket file that is already in use by\n// another application or a stale socket file that has been\n// left over after a SIGKILL. Since we have no reliable way to\n// differentiate between these two scenarios, the best course of\n// action during startup is to remove any existing socket file. This\n// is not the safest course of action as removing the existing socket\n// file could impact an application using it, but this approach helps\n// ensure the HTTP server can startup without manual\n// intervention (e.g. asking for the verification and cleanup of socket\n// files before allowing the HTTP server to be started).\n//\n// The above being said, as long as the socket file path is\n// configured carefully when the application is deployed (and extra\n// care is taken to make sure the configured path is unique and doesn't\n// conflict with another socket file path), then there should not be\n// any issues with this approach.\nexport const removeExistingSocketFile = (socketPath) => {\n  try {\n    if (statSync(socketPath).isSocket()) {\n      // Since a new socket file will be created, remove the existing\n      // file.\n      unlinkSync(socketPath);\n    } else {\n      throw new Error(\n        `An existing file was found at \"${socketPath}\" and it is not ` +\n        'a socket file. Please confirm PORT is pointing to valid and ' +\n        'un-used socket file path.'\n      );\n    }\n  } catch (error) {\n    // If there is no existing socket file to cleanup, great, we'll\n    // continue normally. If the caught exception represents any other\n    // issue, re-throw.\n    if (error.code !== 'ENOENT') {\n      throw error;\n    }\n  }\n};\n\n// Remove the socket file when done to avoid leaving behind a stale one.\n// Note - a stale socket file is still left behind if the running node\n// process is killed via signal 9 - SIGKILL.\nexport const registerSocketFileCleanup =\n  (socketPath, eventEmitter = process) => {\n    ['exit', 'SIGINT', 'SIGHUP', 'SIGTERM'].forEach(signal => {\n      eventEmitter.on(signal, Meteor.bindEnvironment(() => {\n        if (existsSync(socketPath)) {\n          unlinkSync(socketPath);\n        }\n      }));\n    });\n  };\n"],"mappings":";;;IAAAA,MAAM,CAACC,MAAM,CAAC;MAACC,wBAAwB,EAACA,CAAA,KAAIA,wBAAwB;MAACC,yBAAyB,EAACA,CAAA,KAAIA;IAAyB,CAAC,CAAC;IAAC,IAAIC,QAAQ,EAACC,UAAU,EAACC,UAAU;IAACN,MAAM,CAACO,IAAI,CAAC,IAAI,EAAC;MAACH,QAAQA,CAACI,CAAC,EAAC;QAACJ,QAAQ,GAACI,CAAC;MAAA,CAAC;MAACH,UAAUA,CAACG,CAAC,EAAC;QAACH,UAAU,GAACG,CAAC;MAAA,CAAC;MAACF,UAAUA,CAACE,CAAC,EAAC;QAACF,UAAU,GAACE,CAAC;MAAA;IAAC,CAAC,EAAC,CAAC,CAAC;IAAC,IAAIC,oBAAoB,CAAC,CAAC,EAAE,CAAC,MAAMA,oBAAoB,CAAC,CAAC,EAAE,CAAC;IAyB7T,MAAMP,wBAAwB,GAAIQ,UAAU,IAAK;MACtD,IAAI;QACF,IAAIN,QAAQ,CAACM,UAAU,CAAC,CAACC,QAAQ,CAAC,CAAC,EAAE;UACnC;UACA;UACAN,UAAU,CAACK,UAAU,CAAC;QACxB,CAAC,MAAM;UACL,MAAM,IAAIE,KAAK,CACb,mCAAAC,MAAA,CAAkCH,UAAU,yBAC5C,8DAA8D,GAC9D,2BACF,CAAC;QACH;MACF,CAAC,CAAC,OAAOI,KAAK,EAAE;QACd;QACA;QACA;QACA,IAAIA,KAAK,CAACC,IAAI,KAAK,QAAQ,EAAE;UAC3B,MAAMD,KAAK;QACb;MACF;IACF,CAAC;IAKM,MAAMX,yBAAyB,GACpC,SAAAA,CAACO,UAAU,EAA6B;MAAA,IAA3BM,YAAY,GAAAC,SAAA,CAAAC,MAAA,QAAAD,SAAA,QAAAE,SAAA,GAAAF,SAAA,MAAGG,OAAO;MACjC,CAAC,MAAM,EAAE,QAAQ,EAAE,QAAQ,EAAE,SAAS,CAAC,CAACC,OAAO,CAACC,MAAM,IAAI;QACxDN,YAAY,CAACO,EAAE,CAACD,MAAM,EAAEE,MAAM,CAACC,eAAe,CAAC,MAAM;UACnD,IAAInB,UAAU,CAACI,UAAU,CAAC,EAAE;YAC1BL,UAAU,CAACK,UAAU,CAAC;UACxB;QACF,CAAC,CAAC,CAAC;MACL,CAAC,CAAC;IACJ,CAAC;IAACgB,sBAAA;EAAA,SAAAC,WAAA;IAAA,OAAAD,sBAAA,CAAAC,WAAA;EAAA;EAAAD,sBAAA;AAAA;EAAAE,IAAA;EAAAC,KAAA;AAAA","ignoreList":[]},"sourceType":"module","externalDependencies":{},"hash":"b3321073372e1d7d35ddc6d0e48193a34857ab3e"}
