{"metadata":{},"options":{"assumptions":{},"compact":false,"sourceMaps":true,"ast":true,"babelrc":false,"configFile":false,"parserOpts":{"sourceType":"module","sourceFileName":"/Users/matteodemicheli/Sites/meteor-boilerplate/packages/boilerplate-generator/template-web.cordova.js","plugins":["*","flow","jsx","asyncGenerators","bigInt","classPrivateMethods","classPrivateProperties","classProperties","doExpressions","dynamicImport","exportDefaultFrom","exportExtensions","exportNamespaceFrom","functionBind","functionSent","importMeta","nullishCoalescingOperator","numericSeparator","objectRestSpread","optionalCatchBinding","optionalChaining",["pipelineOperator",{"proposal":"minimal"}],"throwExpressions","topLevelAwait","objectRestSpread","objectRestSpread","asyncGenerators","classProperties","classPrivateProperties","jsx","nullishCoalescingOperator","nullishCoalescingOperator","optionalChaining","optionalChaining","optionalCatchBinding","optionalCatchBinding","classProperties","classPrivateProperties","classPrivateMethods","classProperties","classPrivateProperties","asyncGenerators","asyncGenerators","objectRestSpread","objectRestSpread","logicalAssignment"],"allowImportExportEverywhere":true,"allowReturnOutsideFunction":true,"allowUndeclaredExports":true,"strictMode":false},"caller":{"name":"meteor","arch":"os.osx.arm64"},"sourceFileName":"packages/boilerplate-generator/template-web.cordova.js","filename":"/Users/matteodemicheli/Sites/meteor-boilerplate/packages/boilerplate-generator/template-web.cordova.js","targets":{},"cloneInputAst":true,"browserslistConfigFile":false,"passPerPreset":false,"envName":"development","cwd":"/Users/matteodemicheli/Sites/meteor-boilerplate","root":"/Users/matteodemicheli/Sites/meteor-boilerplate","rootMode":"root","plugins":[{"key":"base$0","visitor":{"_exploded":true,"_verified":true},"options":{},"externalDependencies":[]},{"key":"base$0$0","visitor":{"Program":{"enter":[null],"exit":[null]},"_exploded":true,"_verified":true},"options":{"avoidModernSyntax":false,"enforceStrictMode":false,"dynamicImport":true,"generateLetDeclarations":true,"topLevelAwait":true},"externalDependencies":[]},{"key":"transform-runtime","visitor":{"MemberExpression":{"enter":[null]},"ObjectPattern":{"enter":[null]},"BinaryExpression":{"enter":[null]},"Identifier":{"enter":[null]},"JSXIdentifier":{"enter":[null]},"_exploded":true,"_verified":true},"options":{"version":"7.17.2","helpers":true,"useESModules":false,"corejs":false},"externalDependencies":[]},{"key":"syntax-object-rest-spread","visitor":{"_exploded":true,"_verified":true},"options":{},"externalDependencies":[]},{"key":"proposal-object-rest-spread","visitor":{"VariableDeclarator":{"enter":[null]},"ExportNamedDeclaration":{"enter":[null]},"CatchClause":{"enter":[null]},"AssignmentExpression":{"enter":[null]},"ArrayPattern":{"enter":[null]},"ObjectExpression":{"enter":[null]},"FunctionDeclaration":{"enter":[null]},"FunctionExpression":{"enter":[null]},"ObjectMethod":{"enter":[null]},"ArrowFunctionExpression":{"enter":[null]},"ClassMethod":{"enter":[null]},"ClassPrivateMethod":{"enter":[null]},"ForInStatement":{"enter":[null]},"ForOfStatement":{"enter":[null]},"_exploded":true,"_verified":true},"options":{},"externalDependencies":[]},{"key":"proposal-async-generator-functions","visitor":{"Program":{"enter":[null]},"_exploded":true,"_verified":true},"options":{},"externalDependencies":[]},{"key":"proposal-class-properties","visitor":{"ExportDefaultDeclaration":{"enter":[null]},"_exploded":true,"_verified":true,"ClassExpression":{"enter":[null]},"ClassDeclaration":{"enter":[null]}},"options":{"loose":true},"externalDependencies":[]},{"key":"transform-react-jsx","visitor":{"JSXNamespacedName":{"enter":[null]},"JSXSpreadChild":{"enter":[null]},"Program":{"enter":[null]},"JSXFragment":{"exit":[null]},"JSXElement":{"exit":[null]},"JSXAttribute":{"enter":[null]},"_exploded":true,"_verified":true},"options":{"pragma":"React.createElement","pragmaFrag":"React.Fragment","runtime":"classic","throwIfNamespace":true,"useBuiltIns":false},"externalDependencies":[]},{"key":"transform-react-display-name","visitor":{"ExportDefaultDeclaration":{"enter":[null]},"CallExpression":{"enter":[null]},"_exploded":true,"_verified":true},"options":{},"externalDependencies":[]},{"key":"transform-react-pure-annotations","visitor":{"CallExpression":{"enter":[null]},"_exploded":true,"_verified":true},"options":{},"externalDependencies":[]},{"key":"syntax-nullish-coalescing-operator","visitor":{"_exploded":true,"_verified":true},"options":{},"externalDependencies":[]},{"key":"proposal-nullish-coalescing-operator","visitor":{"LogicalExpression":{"enter":[null]},"_exploded":true,"_verified":true},"options":{},"externalDependencies":[]},{"key":"syntax-optional-chaining","visitor":{"_exploded":true,"_verified":true},"options":{},"externalDependencies":[]},{"key":"proposal-optional-chaining","visitor":{"OptionalCallExpression":{"enter":[null]},"OptionalMemberExpression":{"enter":[null]},"_exploded":true,"_verified":true},"options":{},"externalDependencies":[]},{"key":"syntax-optional-catch-binding","visitor":{"_exploded":true,"_verified":true},"options":{},"externalDependencies":[]},{"key":"proposal-optional-catch-binding","visitor":{"CatchClause":{"enter":[null]},"_exploded":true,"_verified":true},"options":{},"externalDependencies":[]},{"key":"syntax-class-properties","visitor":{"_exploded":true,"_verified":true},"options":{},"externalDependencies":[]},{"key":"proposal-class-properties","visitor":{"ExportDefaultDeclaration":{"enter":[null]},"_exploded":true,"_verified":true,"ClassExpression":{"enter":[null]},"ClassDeclaration":{"enter":[null]}},"options":{},"externalDependencies":[]},{"key":"syntax-async-generators","visitor":{"_exploded":true,"_verified":true},"options":{},"externalDependencies":[]},{"key":"proposal-async-generator-functions","visitor":{"Program":{"enter":[null]},"_exploded":true,"_verified":true},"options":{},"externalDependencies":[]},{"key":"syntax-object-rest-spread","visitor":{"_exploded":true,"_verified":true},"options":{},"externalDependencies":[]},{"key":"proposal-object-rest-spread","visitor":{"VariableDeclarator":{"enter":[null]},"ExportNamedDeclaration":{"enter":[null]},"CatchClause":{"enter":[null]},"AssignmentExpression":{"enter":[null]},"ArrayPattern":{"enter":[null]},"ObjectExpression":{"enter":[null]},"FunctionDeclaration":{"enter":[null]},"FunctionExpression":{"enter":[null]},"ObjectMethod":{"enter":[null]},"ArrowFunctionExpression":{"enter":[null]},"ClassMethod":{"enter":[null]},"ClassPrivateMethod":{"enter":[null]},"ForInStatement":{"enter":[null]},"ForOfStatement":{"enter":[null]},"_exploded":true,"_verified":true},"options":{},"externalDependencies":[]},{"key":"proposal-logical-assignment-operators","visitor":{"AssignmentExpression":{"enter":[null]},"_exploded":true,"_verified":true},"options":{},"externalDependencies":[]},{"key":"transform-literals","visitor":{"NumericLiteral":{"enter":[null]},"StringLiteral":{"enter":[null]},"_exploded":true,"_verified":true},"options":{},"externalDependencies":[]},{"key":"transform-template-literals","visitor":{"TaggedTemplateExpression":{"enter":[null]},"TemplateLiteral":{"enter":[null]},"_exploded":true,"_verified":true},"options":{},"externalDependencies":[]},{"key":"transform-parameters","visitor":{"_exploded":true,"_verified":true,"FunctionDeclaration":{"enter":[null]},"FunctionExpression":{"enter":[null]},"ObjectMethod":{"enter":[null]},"ArrowFunctionExpression":{"enter":[null]},"ClassMethod":{"enter":[null]},"ClassPrivateMethod":{"enter":[null]}},"options":{},"externalDependencies":[]},{"key":"transform-exponentiation-operator","visitor":{"AssignmentExpression":{"enter":[null]},"BinaryExpression":{"enter":[null]},"_exploded":true,"_verified":true},"options":{},"externalDependencies":[]}],"presets":[],"generatorOpts":{"filename":"/Users/matteodemicheli/Sites/meteor-boilerplate/packages/boilerplate-generator/template-web.cordova.js","comments":true,"compact":false,"sourceMaps":true,"sourceFileName":"packages/boilerplate-generator/template-web.cordova.js"}},"code":"!module.wrapAsync(async function (module, __reifyWaitForDeps__, __reify_async_result__) {\n  \"use strict\";\n  try {\n    module.export({\n      headTemplate: () => headTemplate,\n      closeTemplate: () => closeTemplate\n    });\n    let template;\n    module.link(\"./template\", {\n      default(v) {\n        template = v;\n      }\n    }, 0);\n    if (__reifyWaitForDeps__()) (await __reifyWaitForDeps__())();\n    const headTemplate = _ref => {\n      let {\n        meteorRuntimeConfig,\n        rootUrlPathPrefix,\n        inlineScriptsAllowed,\n        css,\n        js,\n        additionalStaticJs,\n        htmlAttributes,\n        bundledJsCssUrlRewriteHook,\n        head,\n        dynamicHead\n      } = _ref;\n      var headSections = head.split(/<meteor-bundled-css[^<>]*>/, 2);\n      var cssBundle = [\n      // We are explicitly not using bundledJsCssUrlRewriteHook: in cordova we serve assets up directly from disk, so rewriting the URL does not make sense\n      ...(css || []).map(file => template('  <link rel=\"stylesheet\" type=\"text/css\" class=\"__meteor-css__\" href=\"<%- href %>\">')({\n        href: file.url\n      }))].join('\\n');\n      return ['<html>', '<head>', '  <meta charset=\"utf-8\">', '  <meta name=\"format-detection\" content=\"telephone=no\">', '  <meta name=\"viewport\" content=\"user-scalable=no, initial-scale=1, maximum-scale=1, minimum-scale=1, width=device-width, height=device-height, viewport-fit=cover\">', '  <meta name=\"msapplication-tap-highlight\" content=\"no\">', '  <meta http-equiv=\"Content-Security-Policy\" content=\"default-src * android-webview-video-poster: gap: data: blob: \\'unsafe-inline\\' \\'unsafe-eval\\' ws: wss:;\">', headSections.length === 1 ? [cssBundle, headSections[0]].join('\\n') : [headSections[0], cssBundle, headSections[1]].join('\\n'), '  <script type=\"text/javascript\">', template('    __meteor_runtime_config__ = JSON.parse(decodeURIComponent(<%= conf %>));')({\n        conf: meteorRuntimeConfig\n      }), '    if (/Android/i.test(navigator.userAgent)) {',\n      // When Android app is emulated, it cannot connect to localhost,\n      // instead it should connect to 10.0.2.2\n      // (unless we\\'re using an http proxy; then it works!)\n      '      if (!__meteor_runtime_config__.httpProxyPort) {', '        __meteor_runtime_config__.ROOT_URL = (__meteor_runtime_config__.ROOT_URL || \\'\\').replace(/localhost/i, \\'10.0.2.2\\');', '        __meteor_runtime_config__.DDP_DEFAULT_CONNECTION_URL = (__meteor_runtime_config__.DDP_DEFAULT_CONNECTION_URL || \\'\\').replace(/localhost/i, \\'10.0.2.2\\');', '      }', '    }', '  </script>', '', '  <script type=\"text/javascript\" src=\"/cordova.js\"></script>', ...(js || []).map(file => template('  <script type=\"text/javascript\" src=\"<%- src %>\"></script>')({\n        src: file.url\n      })), ...(additionalStaticJs || []).map(_ref2 => {\n        let {\n          contents,\n          pathname\n        } = _ref2;\n        return inlineScriptsAllowed ? template('  <script><%= contents %></script>')({\n          contents\n        }) : template('  <script type=\"text/javascript\" src=\"<%- src %>\"></script>')({\n          src: rootUrlPathPrefix + pathname\n        });\n      }), '', '</head>', '', '<body>'].join('\\n');\n    };\n    function closeTemplate() {\n      return \"</body>\\n</html>\";\n    }\n    __reify_async_result__();\n  } catch (_reifyError) {\n    return __reify_async_result__(_reifyError);\n  }\n  __reify_async_result__()\n}, {\n  self: this,\n  async: false\n});","map":{"version":3,"names":["module","export","headTemplate","closeTemplate","template","link","default","v","__reifyWaitForDeps__","_ref","meteorRuntimeConfig","rootUrlPathPrefix","inlineScriptsAllowed","css","js","additionalStaticJs","htmlAttributes","bundledJsCssUrlRewriteHook","head","dynamicHead","headSections","split","cssBundle","map","file","href","url","join","length","conf","src","_ref2","contents","pathname","__reify_async_result__","_reifyError","self","async"],"sources":["packages/boilerplate-generator/template-web.cordova.js"],"sourcesContent":["import template from './template';\n\n// Template function for rendering the boilerplate html for cordova\nexport const headTemplate = ({\n  meteorRuntimeConfig,\n  rootUrlPathPrefix,\n  inlineScriptsAllowed,\n  css,\n  js,\n  additionalStaticJs,\n  htmlAttributes,\n  bundledJsCssUrlRewriteHook,\n  head,\n  dynamicHead,\n}) => {\n  var headSections = head.split(/<meteor-bundled-css[^<>]*>/, 2);\n  var cssBundle = [\n    // We are explicitly not using bundledJsCssUrlRewriteHook: in cordova we serve assets up directly from disk, so rewriting the URL does not make sense\n    ...(css || []).map(file =>\n      template('  <link rel=\"stylesheet\" type=\"text/css\" class=\"__meteor-css__\" href=\"<%- href %>\">')({\n        href: file.url,\n      })\n  )].join('\\n');\n\n  return [\n    '<html>',\n    '<head>',\n    '  <meta charset=\"utf-8\">',\n    '  <meta name=\"format-detection\" content=\"telephone=no\">',\n    '  <meta name=\"viewport\" content=\"user-scalable=no, initial-scale=1, maximum-scale=1, minimum-scale=1, width=device-width, height=device-height, viewport-fit=cover\">',\n    '  <meta name=\"msapplication-tap-highlight\" content=\"no\">',\n    '  <meta http-equiv=\"Content-Security-Policy\" content=\"default-src * android-webview-video-poster: gap: data: blob: \\'unsafe-inline\\' \\'unsafe-eval\\' ws: wss:;\">',\n\n  (headSections.length === 1)\n    ? [cssBundle, headSections[0]].join('\\n')\n    : [headSections[0], cssBundle, headSections[1]].join('\\n'),\n\n    '  <script type=\"text/javascript\">',\n    template('    __meteor_runtime_config__ = JSON.parse(decodeURIComponent(<%= conf %>));')({\n      conf: meteorRuntimeConfig,\n    }),\n    '    if (/Android/i.test(navigator.userAgent)) {',\n    // When Android app is emulated, it cannot connect to localhost,\n    // instead it should connect to 10.0.2.2\n    // (unless we\\'re using an http proxy; then it works!)\n    '      if (!__meteor_runtime_config__.httpProxyPort) {',\n    '        __meteor_runtime_config__.ROOT_URL = (__meteor_runtime_config__.ROOT_URL || \\'\\').replace(/localhost/i, \\'10.0.2.2\\');',\n    '        __meteor_runtime_config__.DDP_DEFAULT_CONNECTION_URL = (__meteor_runtime_config__.DDP_DEFAULT_CONNECTION_URL || \\'\\').replace(/localhost/i, \\'10.0.2.2\\');',\n    '      }',\n    '    }',\n    '  </script>',\n    '',\n    '  <script type=\"text/javascript\" src=\"/cordova.js\"></script>',\n\n    ...(js || []).map(file =>\n      template('  <script type=\"text/javascript\" src=\"<%- src %>\"></script>')({\n        src: file.url,\n      })\n    ),\n\n    ...(additionalStaticJs || []).map(({ contents, pathname }) => (\n      inlineScriptsAllowed\n        ? template('  <script><%= contents %></script>')({\n          contents,\n        })\n        : template('  <script type=\"text/javascript\" src=\"<%- src %>\"></script>')({\n          src: rootUrlPathPrefix + pathname\n        })\n    )),\n    '',\n    '</head>',\n    '',\n    '<body>',\n  ].join('\\n');\n};\n\nexport function closeTemplate() {\n  return \"</body>\\n</html>\";\n}\n"],"mappings":";;;IAAAA,MAAM,CAACC,MAAM,CAAC;MAACC,YAAY,EAACA,CAAA,KAAIA,YAAY;MAACC,aAAa,EAACA,CAAA,KAAIA;IAAa,CAAC,CAAC;IAAC,IAAIC,QAAQ;IAACJ,MAAM,CAACK,IAAI,CAAC,YAAY,EAAC;MAACC,OAAOA,CAACC,CAAC,EAAC;QAACH,QAAQ,GAACG,CAAC;MAAA;IAAC,CAAC,EAAC,CAAC,CAAC;IAAC,IAAIC,oBAAoB,CAAC,CAAC,EAAE,CAAC,MAAMA,oBAAoB,CAAC,CAAC,EAAE,CAAC;IAGtM,MAAMN,YAAY,GAAGO,IAAA,IAWtB;MAAA,IAXuB;QAC3BC,mBAAmB;QACnBC,iBAAiB;QACjBC,oBAAoB;QACpBC,GAAG;QACHC,EAAE;QACFC,kBAAkB;QAClBC,cAAc;QACdC,0BAA0B;QAC1BC,IAAI;QACJC;MACF,CAAC,GAAAV,IAAA;MACC,IAAIW,YAAY,GAAGF,IAAI,CAACG,KAAK,CAAC,4BAA4B,EAAE,CAAC,CAAC;MAC9D,IAAIC,SAAS,GAAG;MACd;MACA,GAAG,CAACT,GAAG,IAAI,EAAE,EAAEU,GAAG,CAACC,IAAI,IACrBpB,QAAQ,CAAC,qFAAqF,CAAC,CAAC;QAC9FqB,IAAI,EAAED,IAAI,CAACE;MACb,CAAC,CACL,CAAC,CAAC,CAACC,IAAI,CAAC,IAAI,CAAC;MAEb,OAAO,CACL,QAAQ,EACR,QAAQ,EACR,0BAA0B,EAC1B,yDAAyD,EACzD,sKAAsK,EACtK,0DAA0D,EAC1D,kKAAkK,EAEnKP,YAAY,CAACQ,MAAM,KAAK,CAAC,GACtB,CAACN,SAAS,EAAEF,YAAY,CAAC,CAAC,CAAC,CAAC,CAACO,IAAI,CAAC,IAAI,CAAC,GACvC,CAACP,YAAY,CAAC,CAAC,CAAC,EAAEE,SAAS,EAAEF,YAAY,CAAC,CAAC,CAAC,CAAC,CAACO,IAAI,CAAC,IAAI,CAAC,EAE1D,mCAAmC,EACnCvB,QAAQ,CAAC,8EAA8E,CAAC,CAAC;QACvFyB,IAAI,EAAEnB;MACR,CAAC,CAAC,EACF,iDAAiD;MACjD;MACA;MACA;MACA,uDAAuD,EACvD,gIAAgI,EAChI,oKAAoK,EACpK,SAAS,EACT,OAAO,EACP,aAAa,EACb,EAAE,EACF,8DAA8D,EAE9D,GAAG,CAACI,EAAE,IAAI,EAAE,EAAES,GAAG,CAACC,IAAI,IACpBpB,QAAQ,CAAC,6DAA6D,CAAC,CAAC;QACtE0B,GAAG,EAAEN,IAAI,CAACE;MACZ,CAAC,CACH,CAAC,EAED,GAAG,CAACX,kBAAkB,IAAI,EAAE,EAAEQ,GAAG,CAACQ,KAAA;QAAA,IAAC;UAAEC,QAAQ;UAAEC;QAAS,CAAC,GAAAF,KAAA;QAAA,OACvDnB,oBAAoB,GAChBR,QAAQ,CAAC,oCAAoC,CAAC,CAAC;UAC/C4B;QACF,CAAC,CAAC,GACA5B,QAAQ,CAAC,6DAA6D,CAAC,CAAC;UACxE0B,GAAG,EAAEnB,iBAAiB,GAAGsB;QAC3B,CAAC,CAAC;MAAA,CACL,CAAC,EACF,EAAE,EACF,SAAS,EACT,EAAE,EACF,QAAQ,CACT,CAACN,IAAI,CAAC,IAAI,CAAC;IACd,CAAC;IAEM,SAASxB,aAAaA,CAAA,EAAG;MAC9B,OAAO,kBAAkB;IAC3B;IAAC+B,sBAAA;EAAA,SAAAC,WAAA;IAAA,OAAAD,sBAAA,CAAAC,WAAA;EAAA;EAAAD,sBAAA;AAAA;EAAAE,IAAA;EAAAC,KAAA;AAAA","ignoreList":[]},"sourceType":"module","externalDependencies":{},"hash":"ce32c9a9cdc65130d1fda472def5de5842b9cb3e"}
