{"metadata":{},"options":{"assumptions":{},"compact":false,"sourceMaps":true,"ast":true,"babelrc":false,"configFile":false,"parserOpts":{"sourceType":"module","sourceFileName":"/Users/matteodemicheli/Sites/meteor-boilerplate/client/main.js","plugins":["*","flow","jsx","asyncGenerators","bigInt","classPrivateMethods","classPrivateProperties","classProperties","doExpressions","dynamicImport","exportDefaultFrom","exportExtensions","exportNamespaceFrom","functionBind","functionSent","importMeta","nullishCoalescingOperator","numericSeparator","objectRestSpread","optionalCatchBinding","optionalChaining",["pipelineOperator",{"proposal":"minimal"}],"throwExpressions","topLevelAwait","classProperties","classPrivateProperties","jsx","nullishCoalescingOperator","nullishCoalescingOperator","optionalChaining","optionalChaining","optionalCatchBinding","optionalCatchBinding","classProperties","classPrivateProperties","classPrivateMethods","classProperties","classPrivateProperties","asyncGenerators","asyncGenerators","objectRestSpread","objectRestSpread","logicalAssignment"],"allowImportExportEverywhere":true,"allowReturnOutsideFunction":true,"allowUndeclaredExports":true,"strictMode":false},"caller":{"name":"meteor","arch":"web.browser"},"sourceFileName":"client/main.js","filename":"/Users/matteodemicheli/Sites/meteor-boilerplate/client/main.js","inputSourceMap":{"version":3,"names":["Meteor","App","startup","target","document","getElementById"],"sources":["client/main.js"],"sourcesContent":["import { Meteor } from 'meteor/meteor';\nimport App from '../imports/ui/App.svelte';\n\n\nMeteor.startup(() => {\n  new App({\n    target: document.getElementById('app')\n  });\n});"],"mappings":";AAAA,SAASA,MAAM,QAAQ,eAAe;AACtC,OAAOC,GAAG,MAAM,0BAA0B;AAG1CD,MAAM,CAACE,OAAO,CAAC,MAAM;EACnB,IAAID,GAAG,CAAC;IACNE,MAAM,EAAEC,QAAQ,CAACC,cAAc,CAAC,KAAK;EACvC,CAAC,CAAC;AACJ,CAAC,CAAC","ignoreList":[]},"targets":{},"cloneInputAst":true,"browserslistConfigFile":false,"passPerPreset":false,"envName":"development","cwd":"/Users/matteodemicheli/Sites/meteor-boilerplate","root":"/Users/matteodemicheli/Sites/meteor-boilerplate","rootMode":"root","plugins":[{"key":"base$0","visitor":{"_exploded":true,"_verified":true},"options":{},"externalDependencies":[]},{"key":"base$0$0","visitor":{"Program":{"enter":[null],"exit":[null]},"_exploded":true,"_verified":true},"options":{"avoidModernSyntax":false,"enforceStrictMode":false,"dynamicImport":true,"generateLetDeclarations":true},"externalDependencies":[]},{"key":"transform-runtime","visitor":{"MemberExpression":{"enter":[null]},"ObjectPattern":{"enter":[null]},"BinaryExpression":{"enter":[null]},"Identifier":{"enter":[null]},"JSXIdentifier":{"enter":[null]},"_exploded":true,"_verified":true},"options":{"version":"7.17.2","helpers":true,"useESModules":false,"corejs":false},"externalDependencies":[]},{"key":"proposal-class-properties","visitor":{"ExportDefaultDeclaration":{"enter":[null]},"_exploded":true,"_verified":true,"ClassExpression":{"enter":[null]},"ClassDeclaration":{"enter":[null]}},"options":{"loose":true},"externalDependencies":[]},{"key":"transform-react-jsx","visitor":{"JSXNamespacedName":{"enter":[null]},"JSXSpreadChild":{"enter":[null]},"Program":{"enter":[null]},"JSXFragment":{"exit":[null]},"JSXElement":{"exit":[null]},"JSXAttribute":{"enter":[null]},"_exploded":true,"_verified":true},"options":{"pragma":"React.createElement","pragmaFrag":"React.Fragment","runtime":"classic","throwIfNamespace":true,"useBuiltIns":false},"externalDependencies":[]},{"key":"transform-react-display-name","visitor":{"ExportDefaultDeclaration":{"enter":[null]},"CallExpression":{"enter":[null]},"_exploded":true,"_verified":true},"options":{},"externalDependencies":[]},{"key":"transform-react-pure-annotations","visitor":{"CallExpression":{"enter":[null]},"_exploded":true,"_verified":true},"options":{},"externalDependencies":[]},{"key":"syntax-nullish-coalescing-operator","visitor":{"_exploded":true,"_verified":true},"options":{},"externalDependencies":[]},{"key":"proposal-nullish-coalescing-operator","visitor":{"LogicalExpression":{"enter":[null]},"_exploded":true,"_verified":true},"options":{},"externalDependencies":[]},{"key":"syntax-optional-chaining","visitor":{"_exploded":true,"_verified":true},"options":{},"externalDependencies":[]},{"key":"proposal-optional-chaining","visitor":{"OptionalCallExpression":{"enter":[null]},"OptionalMemberExpression":{"enter":[null]},"_exploded":true,"_verified":true},"options":{},"externalDependencies":[]},{"key":"syntax-optional-catch-binding","visitor":{"_exploded":true,"_verified":true},"options":{},"externalDependencies":[]},{"key":"proposal-optional-catch-binding","visitor":{"CatchClause":{"enter":[null]},"_exploded":true,"_verified":true},"options":{},"externalDependencies":[]},{"key":"syntax-class-properties","visitor":{"_exploded":true,"_verified":true},"options":{},"externalDependencies":[]},{"key":"proposal-class-properties","visitor":{"ExportDefaultDeclaration":{"enter":[null]},"_exploded":true,"_verified":true,"ClassExpression":{"enter":[null]},"ClassDeclaration":{"enter":[null]}},"options":{},"externalDependencies":[]},{"key":"syntax-async-generators","visitor":{"_exploded":true,"_verified":true},"options":{},"externalDependencies":[]},{"key":"proposal-async-generator-functions","visitor":{"Program":{"enter":[null]},"_exploded":true,"_verified":true},"options":{},"externalDependencies":[]},{"key":"syntax-object-rest-spread","visitor":{"_exploded":true,"_verified":true},"options":{},"externalDependencies":[]},{"key":"proposal-object-rest-spread","visitor":{"VariableDeclarator":{"enter":[null]},"ExportNamedDeclaration":{"enter":[null]},"CatchClause":{"enter":[null]},"AssignmentExpression":{"enter":[null]},"ArrayPattern":{"enter":[null]},"ObjectExpression":{"enter":[null]},"FunctionDeclaration":{"enter":[null]},"FunctionExpression":{"enter":[null]},"ObjectMethod":{"enter":[null]},"ArrowFunctionExpression":{"enter":[null]},"ClassMethod":{"enter":[null]},"ClassPrivateMethod":{"enter":[null]},"ForInStatement":{"enter":[null]},"ForOfStatement":{"enter":[null]},"_exploded":true,"_verified":true},"options":{},"externalDependencies":[]},{"key":"proposal-logical-assignment-operators","visitor":{"AssignmentExpression":{"enter":[null]},"_exploded":true,"_verified":true},"options":{},"externalDependencies":[]},{"key":"transform-literals","visitor":{"NumericLiteral":{"enter":[null]},"StringLiteral":{"enter":[null]},"_exploded":true,"_verified":true},"options":{},"externalDependencies":[]},{"key":"transform-template-literals","visitor":{"TaggedTemplateExpression":{"enter":[null]},"TemplateLiteral":{"enter":[null]},"_exploded":true,"_verified":true},"options":{},"externalDependencies":[]},{"key":"transform-parameters","visitor":{"_exploded":true,"_verified":true,"FunctionDeclaration":{"enter":[null]},"FunctionExpression":{"enter":[null]},"ObjectMethod":{"enter":[null]},"ArrowFunctionExpression":{"enter":[null]},"ClassMethod":{"enter":[null]},"ClassPrivateMethod":{"enter":[null]}},"options":{},"externalDependencies":[]},{"key":"transform-exponentiation-operator","visitor":{"AssignmentExpression":{"enter":[null]},"BinaryExpression":{"enter":[null]},"_exploded":true,"_verified":true},"options":{},"externalDependencies":[]}],"presets":[],"generatorOpts":{"filename":"/Users/matteodemicheli/Sites/meteor-boilerplate/client/main.js","comments":true,"compact":false,"sourceMaps":true,"sourceFileName":"client/main.js","inputSourceMap":{"version":3,"names":["Meteor","App","startup","target","document","getElementById"],"sources":["client/main.js"],"sourcesContent":["import { Meteor } from 'meteor/meteor';\nimport App from '../imports/ui/App.svelte';\n\n\nMeteor.startup(() => {\n  new App({\n    target: document.getElementById('app')\n  });\n});"],"mappings":";AAAA,SAASA,MAAM,QAAQ,eAAe;AACtC,OAAOC,GAAG,MAAM,0BAA0B;AAG1CD,MAAM,CAACE,OAAO,CAAC,MAAM;EACnB,IAAID,GAAG,CAAC;IACNE,MAAM,EAAEC,QAAQ,CAACC,cAAc,CAAC,KAAK;EACvC,CAAC,CAAC;AACJ,CAAC,CAAC","ignoreList":[]}}},"code":"!function (module1) {\n  let Meteor;\n  module1.link(\"meteor/meteor\", {\n    Meteor(v) {\n      Meteor = v;\n    }\n  }, 0);\n  let App;\n  module1.link(\"../imports/ui/App.svelte\", {\n    default(v) {\n      App = v;\n    }\n  }, 1);\n  ___INIT_METEOR_FAST_REFRESH(module);\n  Meteor.startup(() => {\n    new App({\n      target: document.getElementById('app')\n    });\n  });\n}.call(this, module);","map":{"version":3,"names":["Meteor","startup","App","target","document","getElementById","call","module"],"sources":["client/main.js"],"sourcesContent":["import { Meteor } from 'meteor/meteor';\nimport App from '../imports/ui/App.svelte';\n\n\nMeteor.startup(() => {\n  new App({\n    target: document.getElementById('app')\n  });\n});"],"mappings":";;;;;;;;;;;;;;EAIAA,MAAM,CAACC,OAAO,CAAC,MAAM;IACnB,IAAIC,GAAG,CAAC;MACNC,MAAM,EAAEC,QAAQ,CAACC,cAAc,CAAC,KAAK;IACvC,CAAC,CAAC;EACJ,CAAC,CAAC;AAAA,EAAAC,IAAA,OAAAC,MAAA","ignoreList":[]},"sourceType":"module","externalDependencies":{},"hash":"e053f96c896849b65827db6e227526e0230cc0a0"}
