{"metadata":{},"options":{"assumptions":{},"compact":false,"sourceMaps":true,"ast":true,"babelrc":false,"configFile":false,"parserOpts":{"sourceType":"module","sourceFileName":"/Users/matteodemicheli/Sites/meteor-boilerplate/packages/socket-stream-client/browser.js","plugins":["*","flow","jsx","asyncGenerators","bigInt","classPrivateMethods","classPrivateProperties","classProperties","doExpressions","dynamicImport","exportDefaultFrom","exportExtensions","exportNamespaceFrom","functionBind","functionSent","importMeta","nullishCoalescingOperator","numericSeparator","objectRestSpread","optionalCatchBinding","optionalChaining",["pipelineOperator",{"proposal":"minimal"}],"throwExpressions","topLevelAwait","classProperties","classPrivateProperties","jsx","nullishCoalescingOperator","nullishCoalescingOperator","optionalChaining","optionalChaining","optionalCatchBinding","optionalCatchBinding","classProperties","classPrivateProperties","classPrivateMethods","classProperties","classPrivateProperties","asyncGenerators","asyncGenerators","objectRestSpread","objectRestSpread","logicalAssignment"],"allowImportExportEverywhere":true,"allowReturnOutsideFunction":true,"allowUndeclaredExports":true,"strictMode":false},"caller":{"name":"meteor","arch":"web.browser.legacy"},"sourceFileName":"packages/socket-stream-client/browser.js","filename":"/Users/matteodemicheli/Sites/meteor-boilerplate/packages/socket-stream-client/browser.js","targets":{},"cloneInputAst":true,"browserslistConfigFile":false,"passPerPreset":false,"envName":"development","cwd":"/Users/matteodemicheli/Sites/meteor-boilerplate","root":"/Users/matteodemicheli/Sites/meteor-boilerplate","rootMode":"root","plugins":[{"key":"base$0","visitor":{"_exploded":true,"_verified":true},"options":{},"externalDependencies":[]},{"key":"base$0$0","visitor":{"Program":{"enter":[null],"exit":[null]},"_exploded":true,"_verified":true},"options":{"avoidModernSyntax":true,"enforceStrictMode":false,"dynamicImport":true},"externalDependencies":[]},{"key":"transform-runtime","visitor":{"MemberExpression":{"enter":[null]},"ObjectPattern":{"enter":[null]},"BinaryExpression":{"enter":[null]},"Identifier":{"enter":[null]},"JSXIdentifier":{"enter":[null]},"_exploded":true,"_verified":true},"options":{"version":"7.17.2","helpers":true,"useESModules":false,"corejs":false},"externalDependencies":[]},{"key":"proposal-class-properties","visitor":{"ExportDefaultDeclaration":{"enter":[null]},"_exploded":true,"_verified":true,"ClassExpression":{"enter":[null]},"ClassDeclaration":{"enter":[null]}},"options":{"loose":true},"externalDependencies":[]},{"key":"base$0$3","visitor":{"FunctionExpression":{"exit":[null]},"_exploded":true,"_verified":true},"options":{},"externalDependencies":[]},{"key":"base$0$4","visitor":{"ForInStatement":{"enter":[null]},"_exploded":true,"_verified":true},"options":{},"externalDependencies":[]},{"key":"transform-react-jsx","visitor":{"JSXNamespacedName":{"enter":[null]},"JSXSpreadChild":{"enter":[null]},"Program":{"enter":[null]},"JSXFragment":{"exit":[null]},"JSXElement":{"exit":[null]},"JSXAttribute":{"enter":[null]},"_exploded":true,"_verified":true},"options":{"pragma":"React.createElement","pragmaFrag":"React.Fragment","runtime":"classic","throwIfNamespace":true,"useBuiltIns":false},"externalDependencies":[]},{"key":"transform-react-display-name","visitor":{"ExportDefaultDeclaration":{"enter":[null]},"CallExpression":{"enter":[null]},"_exploded":true,"_verified":true},"options":{},"externalDependencies":[]},{"key":"transform-react-pure-annotations","visitor":{"CallExpression":{"enter":[null]},"_exploded":true,"_verified":true},"options":{},"externalDependencies":[]},{"key":"syntax-nullish-coalescing-operator","visitor":{"_exploded":true,"_verified":true},"options":{},"externalDependencies":[]},{"key":"proposal-nullish-coalescing-operator","visitor":{"LogicalExpression":{"enter":[null]},"_exploded":true,"_verified":true},"options":{},"externalDependencies":[]},{"key":"syntax-optional-chaining","visitor":{"_exploded":true,"_verified":true},"options":{},"externalDependencies":[]},{"key":"proposal-optional-chaining","visitor":{"OptionalCallExpression":{"enter":[null]},"OptionalMemberExpression":{"enter":[null]},"_exploded":true,"_verified":true},"options":{},"externalDependencies":[]},{"key":"syntax-optional-catch-binding","visitor":{"_exploded":true,"_verified":true},"options":{},"externalDependencies":[]},{"key":"proposal-optional-catch-binding","visitor":{"CatchClause":{"enter":[null]},"_exploded":true,"_verified":true},"options":{},"externalDependencies":[]},{"key":"syntax-class-properties","visitor":{"_exploded":true,"_verified":true},"options":{},"externalDependencies":[]},{"key":"proposal-class-properties","visitor":{"ExportDefaultDeclaration":{"enter":[null]},"_exploded":true,"_verified":true,"ClassExpression":{"enter":[null]},"ClassDeclaration":{"enter":[null]}},"options":{},"externalDependencies":[]},{"key":"syntax-async-generators","visitor":{"_exploded":true,"_verified":true},"options":{},"externalDependencies":[]},{"key":"proposal-async-generator-functions","visitor":{"Program":{"enter":[null]},"_exploded":true,"_verified":true},"options":{},"externalDependencies":[]},{"key":"syntax-object-rest-spread","visitor":{"_exploded":true,"_verified":true},"options":{},"externalDependencies":[]},{"key":"proposal-object-rest-spread","visitor":{"VariableDeclarator":{"enter":[null]},"ExportNamedDeclaration":{"enter":[null]},"CatchClause":{"enter":[null]},"AssignmentExpression":{"enter":[null]},"ArrayPattern":{"enter":[null]},"ObjectExpression":{"enter":[null]},"FunctionDeclaration":{"enter":[null]},"FunctionExpression":{"enter":[null]},"ObjectMethod":{"enter":[null]},"ArrowFunctionExpression":{"enter":[null]},"ClassMethod":{"enter":[null]},"ClassPrivateMethod":{"enter":[null]},"ForInStatement":{"enter":[null]},"ForOfStatement":{"enter":[null]},"_exploded":true,"_verified":true},"options":{},"externalDependencies":[]},{"key":"proposal-logical-assignment-operators","visitor":{"AssignmentExpression":{"enter":[null]},"_exploded":true,"_verified":true},"options":{},"externalDependencies":[]},{"key":"transform-arrow-functions","visitor":{"ArrowFunctionExpression":{"enter":[null]},"_exploded":true,"_verified":true},"options":{},"externalDependencies":[]},{"key":"transform-block-scoped-functions","visitor":{"BlockStatement":{"enter":[null]},"SwitchCase":{"enter":[null]},"_exploded":true,"_verified":true},"options":{},"externalDependencies":[]},{"key":"transform-block-scoping","visitor":{"VariableDeclaration":{"enter":[null,null]},"BlockStatement":{"enter":[null]},"SwitchCase":{"enter":[null]},"ClassDeclaration":{"enter":[null]},"DoWhileStatement":{"enter":[null]},"ForInStatement":{"enter":[null]},"ForStatement":{"enter":[null]},"WhileStatement":{"enter":[null]},"ForOfStatement":{"enter":[null]},"_exploded":true,"_verified":true},"options":{},"externalDependencies":[]},{"key":"transform-classes","visitor":{"ExportDefaultDeclaration":{"enter":[null]},"ClassDeclaration":{"enter":[null]},"ClassExpression":{"enter":[null]},"_exploded":true,"_verified":true},"options":{"loose":true},"externalDependencies":[]},{"key":"transform-computed-properties","visitor":{"ObjectExpression":{"exit":[null]},"_exploded":true,"_verified":true},"options":{"loose":true},"externalDependencies":[]},{"key":"transform-destructuring","visitor":{"ExportNamedDeclaration":{"enter":[null]},"CatchClause":{"enter":[null]},"AssignmentExpression":{"enter":[null]},"VariableDeclaration":{"enter":[null]},"_exploded":true,"_verified":true,"ForInStatement":{"enter":[null]},"ForOfStatement":{"enter":[null]}},"options":{},"externalDependencies":[]},{"key":"transform-for-of","visitor":{"ForOfStatement":{"enter":[null]},"_exploded":true,"_verified":true},"options":{"loose":true},"externalDependencies":[]},{"key":"transform-literals","visitor":{"NumericLiteral":{"enter":[null]},"StringLiteral":{"enter":[null]},"_exploded":true,"_verified":true},"options":{},"externalDependencies":[]},{"key":"transform-object-super","visitor":{"ObjectExpression":{"enter":[null]},"_exploded":true,"_verified":true,"DoWhileStatement":{"exit":[null]},"ForInStatement":{"exit":[null]},"ForStatement":{"exit":[null]},"WhileStatement":{"exit":[null]},"ForOfStatement":{"exit":[null]}},"options":{},"externalDependencies":[]},{"key":"transform-parameters","visitor":{"_exploded":true,"_verified":true,"FunctionDeclaration":{"enter":[null]},"FunctionExpression":{"enter":[null]},"ObjectMethod":{"enter":[null]},"ArrowFunctionExpression":{"enter":[null]},"ClassMethod":{"enter":[null]},"ClassPrivateMethod":{"enter":[null]}},"options":{},"externalDependencies":[]},{"key":"transform-shorthand-properties","visitor":{"ObjectMethod":{"enter":[null]},"ObjectProperty":{"enter":[null]},"_exploded":true,"_verified":true},"options":{},"externalDependencies":[]},{"key":"transform-spread","visitor":{"ArrayExpression":{"enter":[null]},"CallExpression":{"enter":[null]},"NewExpression":{"enter":[null]},"_exploded":true,"_verified":true},"options":{},"externalDependencies":[]},{"key":"transform-sticky-regex","visitor":{"RegExpLiteral":{"enter":[null]},"_exploded":true,"_verified":true},"options":{},"externalDependencies":[]},{"key":"transform-template-literals","visitor":{"TaggedTemplateExpression":{"enter":[null]},"TemplateLiteral":{"enter":[null]},"_exploded":true,"_verified":true},"options":{"loose":true},"externalDependencies":[]},{"key":"transform-typeof-symbol","visitor":{"UnaryExpression":{"enter":[null]},"_exploded":true,"_verified":true,"BlockStatement":{"enter":[null]},"CatchClause":{"enter":[null]},"DoWhileStatement":{"enter":[null]},"ForInStatement":{"enter":[null]},"ForStatement":{"enter":[null]},"FunctionDeclaration":{"enter":[null]},"FunctionExpression":{"enter":[null]},"Program":{"enter":[null]},"ObjectMethod":{"enter":[null]},"SwitchStatement":{"enter":[null]},"WhileStatement":{"enter":[null]},"ArrowFunctionExpression":{"enter":[null]},"ClassExpression":{"enter":[null]},"ClassDeclaration":{"enter":[null]},"ForOfStatement":{"enter":[null]},"ClassMethod":{"enter":[null]},"ClassPrivateMethod":{"enter":[null]},"StaticBlock":{"enter":[null]},"TSModuleBlock":{"enter":[null]},"AssignmentPattern":{"enter":[null]},"ArrayPattern":{"enter":[null]},"ObjectPattern":{"enter":[null]}},"options":{},"externalDependencies":[]},{"key":"transform-unicode-regex","visitor":{"RegExpLiteral":{"enter":[null]},"_exploded":true,"_verified":true},"options":{},"externalDependencies":[]},{"key":"transform-property-literals","visitor":{"ObjectProperty":{"exit":[null]},"_exploded":true,"_verified":true},"options":{},"externalDependencies":[]},{"key":"transform-exponentiation-operator","visitor":{"AssignmentExpression":{"enter":[null]},"BinaryExpression":{"enter":[null]},"_exploded":true,"_verified":true},"options":{},"externalDependencies":[]},{"key":"transform-regenerator","visitor":{"ObjectMethod":{"enter":[null],"exit":[null]},"ClassMethod":{"enter":[null],"exit":[null]},"ClassPrivateMethod":{"enter":[null],"exit":[null]},"FunctionDeclaration":{"exit":[null]},"FunctionExpression":{"exit":[null]},"ArrowFunctionExpression":{"exit":[null]},"CallExpression":{"enter":[null]},"_exploded":true,"_verified":true},"options":{},"externalDependencies":[]}],"presets":[],"generatorOpts":{"filename":"/Users/matteodemicheli/Sites/meteor-boilerplate/packages/socket-stream-client/browser.js","comments":true,"compact":false,"sourceMaps":true,"sourceFileName":"packages/socket-stream-client/browser.js"}},"code":"var _objectSpread;\nmodule.link(\"@babel/runtime/helpers/objectSpread2\", {\n  default: function (v) {\n    _objectSpread = v;\n  }\n}, 0);\nvar _inheritsLoose;\nmodule.link(\"@babel/runtime/helpers/inheritsLoose\", {\n  default: function (v) {\n    _inheritsLoose = v;\n  }\n}, 1);\nmodule.export({\n  ClientStream: function () {\n    return ClientStream;\n  }\n});\nvar toSockjsUrl, toWebsocketUrl;\nmodule.link(\"./urls.js\", {\n  toSockjsUrl: function (v) {\n    toSockjsUrl = v;\n  },\n  toWebsocketUrl: function (v) {\n    toWebsocketUrl = v;\n  }\n}, 0);\nvar StreamClientCommon;\nmodule.link(\"./common.js\", {\n  StreamClientCommon: function (v) {\n    StreamClientCommon = v;\n  }\n}, 1);\nvar SockJS;\nmodule.link(\"./sockjs-1.6.1-min-.js\", {\n  \"default\": function (v) {\n    SockJS = v;\n  }\n}, 2);\nvar ClientStream = /*#__PURE__*/function (_StreamClientCommon) {\n  // @param url {String} URL to Meteor app\n  //   \"http://subdomain.meteor.com/\" or \"/\" or\n  //   \"ddp+sockjs://foo-**.meteor.com/sockjs\"\n  function ClientStream(url, options) {\n    var _this;\n    _this = _StreamClientCommon.call(this, options) || this;\n    _this._initCommon(_this.options);\n\n    //// Constants\n\n    // how long between hearing heartbeat from the server until we declare\n    // the connection dead. heartbeats come every 45s (stream_server.js)\n    //\n    // NOTE: this is a older timeout mechanism. We now send heartbeats at\n    // the DDP level (https://github.com/meteor/meteor/pull/1865), and\n    // expect those timeouts to kill a non-responsive connection before\n    // this timeout fires. This is kept around for compatibility (when\n    // talking to a server that doesn't support DDP heartbeats) and can be\n    // removed later.\n    _this.HEARTBEAT_TIMEOUT = 100 * 1000;\n    _this.rawUrl = url;\n    _this.socket = null;\n    _this.lastError = null;\n    _this.heartbeatTimer = null;\n\n    // Listen to global 'online' event if we are running in a browser.\n    window.addEventListener('online', _this._online.bind(_this), false /* useCapture */);\n\n    //// Kickoff!\n    _this._launchConnection();\n    return _this;\n  }\n\n  // data is a utf8 string. Data sent while not connected is dropped on\n  // the floor, and it is up the user of this API to retransmit lost\n  // messages on 'reset'\n  _inheritsLoose(ClientStream, _StreamClientCommon);\n  var _proto = ClientStream.prototype;\n  _proto.send = function () {\n    function send(data) {\n      if (this.currentStatus.connected) {\n        this.socket.send(data);\n      }\n    }\n    return send;\n  }() // Changes where this connection points\n  ;\n  _proto._changeUrl = function () {\n    function _changeUrl(url) {\n      this.rawUrl = url;\n    }\n    return _changeUrl;\n  }();\n  _proto._connected = function () {\n    function _connected() {\n      if (this.connectionTimer) {\n        clearTimeout(this.connectionTimer);\n        this.connectionTimer = null;\n      }\n      if (this.currentStatus.connected) {\n        // already connected. do nothing. this probably shouldn't happen.\n        return;\n      }\n\n      // update status\n      this.currentStatus.status = 'connected';\n      this.currentStatus.connected = true;\n      this.currentStatus.retryCount = 0;\n      this.statusChanged();\n\n      // fire resets. This must come after status change so that clients\n      // can call send from within a reset callback.\n      this.forEachCallback('reset', function (callback) {\n        callback();\n      });\n    }\n    return _connected;\n  }();\n  _proto._cleanup = function () {\n    function _cleanup(maybeError) {\n      this._clearConnectionAndHeartbeatTimers();\n      if (this.socket) {\n        this.socket.onmessage = this.socket.onclose = this.socket.onerror = this.socket.onheartbeat = function () {};\n        this.socket.close();\n        this.socket = null;\n      }\n      this.forEachCallback('disconnect', function (callback) {\n        callback(maybeError);\n      });\n    }\n    return _cleanup;\n  }();\n  _proto._clearConnectionAndHeartbeatTimers = function () {\n    function _clearConnectionAndHeartbeatTimers() {\n      if (this.connectionTimer) {\n        clearTimeout(this.connectionTimer);\n        this.connectionTimer = null;\n      }\n      if (this.heartbeatTimer) {\n        clearTimeout(this.heartbeatTimer);\n        this.heartbeatTimer = null;\n      }\n    }\n    return _clearConnectionAndHeartbeatTimers;\n  }();\n  _proto._heartbeat_timeout = function () {\n    function _heartbeat_timeout() {\n      console.log('Connection timeout. No sockjs heartbeat received.');\n      this._lostConnection(new this.ConnectionError(\"Heartbeat timed out\"));\n    }\n    return _heartbeat_timeout;\n  }();\n  _proto._heartbeat_received = function () {\n    function _heartbeat_received() {\n      // If we've already permanently shut down this stream, the timeout is\n      // already cleared, and we don't need to set it again.\n      if (this._forcedToDisconnect) return;\n      if (this.heartbeatTimer) clearTimeout(this.heartbeatTimer);\n      this.heartbeatTimer = setTimeout(this._heartbeat_timeout.bind(this), this.HEARTBEAT_TIMEOUT);\n    }\n    return _heartbeat_received;\n  }();\n  _proto._sockjsProtocolsWhitelist = function () {\n    function _sockjsProtocolsWhitelist() {\n      // only allow polling protocols. no streaming.  streaming\n      // makes safari spin.\n      var protocolsWhitelist = ['xdr-polling', 'xhr-polling', 'iframe-xhr-polling', 'jsonp-polling'];\n\n      // iOS 4 and 5 and below crash when using websockets over certain\n      // proxies. this seems to be resolved with iOS 6. eg\n      // https://github.com/LearnBoost/socket.io/issues/193#issuecomment-7308865.\n      //\n      // iOS <4 doesn't support websockets at all so sockjs will just\n      // immediately fall back to http\n      var noWebsockets = navigator && /iPhone|iPad|iPod/.test(navigator.userAgent) && /OS 4_|OS 5_/.test(navigator.userAgent);\n      if (!noWebsockets) protocolsWhitelist = ['websocket'].concat(protocolsWhitelist);\n      return protocolsWhitelist;\n    }\n    return _sockjsProtocolsWhitelist;\n  }();\n  _proto._launchConnection = function () {\n    function _launchConnection() {\n      var _this2 = this;\n      this._cleanup(); // cleanup the old socket, if there was one.\n\n      var options = _objectSpread({\n        transports: this._sockjsProtocolsWhitelist()\n      }, this.options._sockjsOptions);\n      var hasSockJS = typeof SockJS === \"function\";\n      var disableSockJS = __meteor_runtime_config__.DISABLE_SOCKJS;\n      this.socket = hasSockJS && !disableSockJS\n      // Convert raw URL to SockJS URL each time we open a connection, so\n      // that we can connect to random hostnames and get around browser\n      // per-host connection limits.\n      ? new SockJS(toSockjsUrl(this.rawUrl), undefined, options) : new WebSocket(toWebsocketUrl(this.rawUrl));\n      this.socket.onopen = function (data) {\n        _this2.lastError = null;\n        _this2._connected();\n      };\n      this.socket.onmessage = function (data) {\n        _this2.lastError = null;\n        _this2._heartbeat_received();\n        if (_this2.currentStatus.connected) {\n          _this2.forEachCallback('message', function (callback) {\n            callback(data.data);\n          });\n        }\n      };\n      this.socket.onclose = function () {\n        _this2._lostConnection();\n      };\n      this.socket.onerror = function (error) {\n        var lastError = _this2.lastError;\n        _this2.lastError = error;\n        if (lastError) return;\n        console.error('stream error', error, new Date().toDateString());\n      };\n      this.socket.onheartbeat = function () {\n        _this2.lastError = null;\n        _this2._heartbeat_received();\n      };\n      if (this.connectionTimer) clearTimeout(this.connectionTimer);\n      this.connectionTimer = setTimeout(function () {\n        _this2._lostConnection(new _this2.ConnectionError(\"DDP connection timed out\"));\n      }, this.CONNECT_TIMEOUT);\n    }\n    return _launchConnection;\n  }();\n  return ClientStream;\n}(StreamClientCommon);","map":{"version":3,"names":["_objectSpread","module","link","default","v","_inheritsLoose","export","ClientStream","toSockjsUrl","toWebsocketUrl","StreamClientCommon","SockJS","_StreamClientCommon","url","options","_this","call","_initCommon","HEARTBEAT_TIMEOUT","rawUrl","socket","lastError","heartbeatTimer","window","addEventListener","_online","bind","_launchConnection","_proto","prototype","send","data","currentStatus","connected","_changeUrl","_connected","connectionTimer","clearTimeout","status","retryCount","statusChanged","forEachCallback","callback","_cleanup","maybeError","_clearConnectionAndHeartbeatTimers","onmessage","onclose","onerror","onheartbeat","close","_heartbeat_timeout","console","log","_lostConnection","ConnectionError","_heartbeat_received","_forcedToDisconnect","setTimeout","_sockjsProtocolsWhitelist","protocolsWhitelist","noWebsockets","navigator","test","userAgent","concat","_this2","transports","_sockjsOptions","hasSockJS","disableSockJS","__meteor_runtime_config__","DISABLE_SOCKJS","undefined","WebSocket","onopen","error","Date","toDateString","CONNECT_TIMEOUT"],"sources":["packages/socket-stream-client/browser.js"],"sourcesContent":["import {\n  toSockjsUrl,\n  toWebsocketUrl,\n} from \"./urls.js\";\n\nimport { StreamClientCommon } from \"./common.js\";\n\n// Statically importing SockJS here will prevent native WebSocket usage\n// below (in favor of SockJS), but will ensure maximum compatibility for\n// clients stuck in unusual networking environments.\nimport SockJS from \"./sockjs-1.6.1-min-.js\";\n\nexport class ClientStream extends StreamClientCommon {\n  // @param url {String} URL to Meteor app\n  //   \"http://subdomain.meteor.com/\" or \"/\" or\n  //   \"ddp+sockjs://foo-**.meteor.com/sockjs\"\n  constructor(url, options) {\n    super(options);\n\n    this._initCommon(this.options);\n\n    //// Constants\n\n    // how long between hearing heartbeat from the server until we declare\n    // the connection dead. heartbeats come every 45s (stream_server.js)\n    //\n    // NOTE: this is a older timeout mechanism. We now send heartbeats at\n    // the DDP level (https://github.com/meteor/meteor/pull/1865), and\n    // expect those timeouts to kill a non-responsive connection before\n    // this timeout fires. This is kept around for compatibility (when\n    // talking to a server that doesn't support DDP heartbeats) and can be\n    // removed later.\n    this.HEARTBEAT_TIMEOUT = 100 * 1000;\n\n    this.rawUrl = url;\n    this.socket = null;\n    this.lastError = null;\n\n    this.heartbeatTimer = null;\n\n    // Listen to global 'online' event if we are running in a browser.\n    window.addEventListener(\n      'online',\n      this._online.bind(this),\n      false /* useCapture */\n    );\n\n    //// Kickoff!\n    this._launchConnection();\n  }\n\n  // data is a utf8 string. Data sent while not connected is dropped on\n  // the floor, and it is up the user of this API to retransmit lost\n  // messages on 'reset'\n  send(data) {\n    if (this.currentStatus.connected) {\n      this.socket.send(data);\n    }\n  }\n\n  // Changes where this connection points\n  _changeUrl(url) {\n    this.rawUrl = url;\n  }\n\n  _connected() {\n    if (this.connectionTimer) {\n      clearTimeout(this.connectionTimer);\n      this.connectionTimer = null;\n    }\n\n    if (this.currentStatus.connected) {\n      // already connected. do nothing. this probably shouldn't happen.\n      return;\n    }\n\n    // update status\n    this.currentStatus.status = 'connected';\n    this.currentStatus.connected = true;\n    this.currentStatus.retryCount = 0;\n    this.statusChanged();\n\n    // fire resets. This must come after status change so that clients\n    // can call send from within a reset callback.\n    this.forEachCallback('reset', callback => {\n      callback();\n    });\n  }\n\n  _cleanup(maybeError) {\n    this._clearConnectionAndHeartbeatTimers();\n    if (this.socket) {\n      this.socket.onmessage = this.socket.onclose = this.socket.onerror = this.socket.onheartbeat = () => {};\n      this.socket.close();\n      this.socket = null;\n    }\n\n    this.forEachCallback('disconnect', callback => {\n      callback(maybeError);\n    });\n  }\n\n  _clearConnectionAndHeartbeatTimers() {\n    if (this.connectionTimer) {\n      clearTimeout(this.connectionTimer);\n      this.connectionTimer = null;\n    }\n    if (this.heartbeatTimer) {\n      clearTimeout(this.heartbeatTimer);\n      this.heartbeatTimer = null;\n    }\n  }\n\n  _heartbeat_timeout() {\n    console.log('Connection timeout. No sockjs heartbeat received.');\n    this._lostConnection(new this.ConnectionError(\"Heartbeat timed out\"));\n  }\n\n  _heartbeat_received() {\n    // If we've already permanently shut down this stream, the timeout is\n    // already cleared, and we don't need to set it again.\n    if (this._forcedToDisconnect) return;\n    if (this.heartbeatTimer) clearTimeout(this.heartbeatTimer);\n    this.heartbeatTimer = setTimeout(\n      this._heartbeat_timeout.bind(this),\n      this.HEARTBEAT_TIMEOUT\n    );\n  }\n\n  _sockjsProtocolsWhitelist() {\n    // only allow polling protocols. no streaming.  streaming\n    // makes safari spin.\n    var protocolsWhitelist = [\n      'xdr-polling',\n      'xhr-polling',\n      'iframe-xhr-polling',\n      'jsonp-polling'\n    ];\n\n    // iOS 4 and 5 and below crash when using websockets over certain\n    // proxies. this seems to be resolved with iOS 6. eg\n    // https://github.com/LearnBoost/socket.io/issues/193#issuecomment-7308865.\n    //\n    // iOS <4 doesn't support websockets at all so sockjs will just\n    // immediately fall back to http\n    var noWebsockets =\n      navigator &&\n      /iPhone|iPad|iPod/.test(navigator.userAgent) &&\n      /OS 4_|OS 5_/.test(navigator.userAgent);\n\n    if (!noWebsockets)\n      protocolsWhitelist = ['websocket'].concat(protocolsWhitelist);\n\n    return protocolsWhitelist;\n  }\n\n  _launchConnection() {\n    this._cleanup(); // cleanup the old socket, if there was one.\n\n    var options = {\n      transports: this._sockjsProtocolsWhitelist(),\n      ...this.options._sockjsOptions\n    };\n\n    const hasSockJS = typeof SockJS === \"function\";\n    const disableSockJS = __meteor_runtime_config__.DISABLE_SOCKJS;\n\n    this.socket = hasSockJS && !disableSockJS\n      // Convert raw URL to SockJS URL each time we open a connection, so\n      // that we can connect to random hostnames and get around browser\n      // per-host connection limits.\n      ? new SockJS(toSockjsUrl(this.rawUrl), undefined, options)\n      : new WebSocket(toWebsocketUrl(this.rawUrl));\n\n    this.socket.onopen = data => {\n      this.lastError = null;\n      this._connected();\n    };\n\n    this.socket.onmessage = data => {\n      this.lastError = null;\n      this._heartbeat_received();\n      if (this.currentStatus.connected) {\n        this.forEachCallback('message', callback => {\n          callback(data.data);\n        });\n      }\n    };\n\n    this.socket.onclose = () => {\n      this._lostConnection();\n    };\n\n    this.socket.onerror = error => {\n      const { lastError } = this;\n      this.lastError = error;\n      if (lastError) return;\n      console.error(\n        'stream error',\n        error,\n        new Date().toDateString()\n      );\n    };\n\n    this.socket.onheartbeat = () => {\n      this.lastError = null;\n      this._heartbeat_received();\n    };\n\n    if (this.connectionTimer) clearTimeout(this.connectionTimer);\n    this.connectionTimer = setTimeout(() => {\n      this._lostConnection(\n        new this.ConnectionError(\"DDP connection timed out\")\n      );\n    }, this.CONNECT_TIMEOUT);\n  }\n}\n"],"mappings":"AAAA,IAAIA,aAAa;AAACC,MAAM,CAACC,IAAI,CAAC,sCAAsC,EAAC;EAACC,OAAO,EAAC,SAAAA,CAASC,CAAC,EAAC;IAACJ,aAAa,GAACI,CAAC;EAAA;AAAC,CAAC,EAAC,CAAC,CAAC;AAAC,IAAIC,cAAc;AAACJ,MAAM,CAACC,IAAI,CAAC,sCAAsC,EAAC;EAACC,OAAO,EAAC,SAAAA,CAASC,CAAC,EAAC;IAACC,cAAc,GAACD,CAAC;EAAA;AAAC,CAAC,EAAC,CAAC,CAAC;AAA/NH,MAAM,CAACK,MAAM,CAAC;EAACC,YAAY,EAAC,SAAAA,CAAA,EAAU;IAAC,OAAOA,YAAY;EAAA;AAAC,CAAC,CAAC;AAAC,IAAIC,WAAW,EAACC,cAAc;AAACR,MAAM,CAACC,IAAI,CAAC,WAAW,EAAC;EAACM,WAAW,EAAC,SAAAA,CAASJ,CAAC,EAAC;IAACI,WAAW,GAACJ,CAAC;EAAA,CAAC;EAACK,cAAc,EAAC,SAAAA,CAASL,CAAC,EAAC;IAACK,cAAc,GAACL,CAAC;EAAA;AAAC,CAAC,EAAC,CAAC,CAAC;AAAC,IAAIM,kBAAkB;AAACT,MAAM,CAACC,IAAI,CAAC,aAAa,EAAC;EAACQ,kBAAkB,EAAC,SAAAA,CAASN,CAAC,EAAC;IAACM,kBAAkB,GAACN,CAAC;EAAA;AAAC,CAAC,EAAC,CAAC,CAAC;AAAC,IAAIO,MAAM;AAACV,MAAM,CAACC,IAAI,CAAC,wBAAwB,EAAC;EAAC,WAAQ,SAAAC,CAASC,CAAC,EAAC;IAACO,MAAM,GAACP,CAAC;EAAA;AAAC,CAAC,EAAC,CAAC,CAAC;AAAC,IAY/XG,YAAY,0BAAAK,mBAAA;EACvB;EACA;EACA;EACA,SAAAL,aAAYM,GAAG,EAAEC,OAAO,EAAE;IAAA,IAAAC,KAAA;IACxBA,KAAA,GAAAH,mBAAA,CAAAI,IAAA,OAAMF,OAAO,CAAC;IAEdC,KAAA,CAAKE,WAAW,CAACF,KAAA,CAAKD,OAAO,CAAC;;IAE9B;;IAEA;IACA;IACA;IACA;IACA;IACA;IACA;IACA;IACA;IACAC,KAAA,CAAKG,iBAAiB,GAAG,GAAG,GAAG,IAAI;IAEnCH,KAAA,CAAKI,MAAM,GAAGN,GAAG;IACjBE,KAAA,CAAKK,MAAM,GAAG,IAAI;IAClBL,KAAA,CAAKM,SAAS,GAAG,IAAI;IAErBN,KAAA,CAAKO,cAAc,GAAG,IAAI;;IAE1B;IACAC,MAAM,CAACC,gBAAgB,CACrB,QAAQ,EACRT,KAAA,CAAKU,OAAO,CAACC,IAAI,CAAAX,KAAK,CAAC,EACvB,KAAK,CAAC,gBACR,CAAC;;IAED;IACAA,KAAA,CAAKY,iBAAiB,CAAC,CAAC;IAAC,OAAAZ,KAAA;EAC3B;;EAEA;EACA;EACA;EAAAV,cAAA,CAAAE,YAAA,EAAAK,mBAAA;EAAA,IAAAgB,MAAA,GAAArB,YAAA,CAAAsB,SAAA;EAAAD,MAAA,CACAE,IAAI;IAAJ,SAAAA,KAAKC,IAAI,EAAE;MACT,IAAI,IAAI,CAACC,aAAa,CAACC,SAAS,EAAE;QAChC,IAAI,CAACb,MAAM,CAACU,IAAI,CAACC,IAAI,CAAC;MACxB;IACF;IAAC,OAAAD,IAAA;EAAA,IAED;EAAA;EAAAF,MAAA,CACAM,UAAU;IAAV,SAAAA,WAAWrB,GAAG,EAAE;MACd,IAAI,CAACM,MAAM,GAAGN,GAAG;IACnB;IAAC,OAAAqB,UAAA;EAAA;EAAAN,MAAA,CAEDO,UAAU;IAAV,SAAAA,WAAA,EAAa;MACX,IAAI,IAAI,CAACC,eAAe,EAAE;QACxBC,YAAY,CAAC,IAAI,CAACD,eAAe,CAAC;QAClC,IAAI,CAACA,eAAe,GAAG,IAAI;MAC7B;MAEA,IAAI,IAAI,CAACJ,aAAa,CAACC,SAAS,EAAE;QAChC;QACA;MACF;;MAEA;MACA,IAAI,CAACD,aAAa,CAACM,MAAM,GAAG,WAAW;MACvC,IAAI,CAACN,aAAa,CAACC,SAAS,GAAG,IAAI;MACnC,IAAI,CAACD,aAAa,CAACO,UAAU,GAAG,CAAC;MACjC,IAAI,CAACC,aAAa,CAAC,CAAC;;MAEpB;MACA;MACA,IAAI,CAACC,eAAe,CAAC,OAAO,EAAE,UAAAC,QAAQ,EAAI;QACxCA,QAAQ,CAAC,CAAC;MACZ,CAAC,CAAC;IACJ;IAAC,OAAAP,UAAA;EAAA;EAAAP,MAAA,CAEDe,QAAQ;IAAR,SAAAA,SAASC,UAAU,EAAE;MACnB,IAAI,CAACC,kCAAkC,CAAC,CAAC;MACzC,IAAI,IAAI,CAACzB,MAAM,EAAE;QACf,IAAI,CAACA,MAAM,CAAC0B,SAAS,GAAG,IAAI,CAAC1B,MAAM,CAAC2B,OAAO,GAAG,IAAI,CAAC3B,MAAM,CAAC4B,OAAO,GAAG,IAAI,CAAC5B,MAAM,CAAC6B,WAAW,GAAG,YAAM,CAAC,CAAC;QACtG,IAAI,CAAC7B,MAAM,CAAC8B,KAAK,CAAC,CAAC;QACnB,IAAI,CAAC9B,MAAM,GAAG,IAAI;MACpB;MAEA,IAAI,CAACqB,eAAe,CAAC,YAAY,EAAE,UAAAC,QAAQ,EAAI;QAC7CA,QAAQ,CAACE,UAAU,CAAC;MACtB,CAAC,CAAC;IACJ;IAAC,OAAAD,QAAA;EAAA;EAAAf,MAAA,CAEDiB,kCAAkC;IAAlC,SAAAA,mCAAA,EAAqC;MACnC,IAAI,IAAI,CAACT,eAAe,EAAE;QACxBC,YAAY,CAAC,IAAI,CAACD,eAAe,CAAC;QAClC,IAAI,CAACA,eAAe,GAAG,IAAI;MAC7B;MACA,IAAI,IAAI,CAACd,cAAc,EAAE;QACvBe,YAAY,CAAC,IAAI,CAACf,cAAc,CAAC;QACjC,IAAI,CAACA,cAAc,GAAG,IAAI;MAC5B;IACF;IAAC,OAAAuB,kCAAA;EAAA;EAAAjB,MAAA,CAEDuB,kBAAkB;IAAlB,SAAAA,mBAAA,EAAqB;MACnBC,OAAO,CAACC,GAAG,CAAC,mDAAmD,CAAC;MAChE,IAAI,CAACC,eAAe,CAAC,IAAI,IAAI,CAACC,eAAe,CAAC,qBAAqB,CAAC,CAAC;IACvE;IAAC,OAAAJ,kBAAA;EAAA;EAAAvB,MAAA,CAED4B,mBAAmB;IAAnB,SAAAA,oBAAA,EAAsB;MACpB;MACA;MACA,IAAI,IAAI,CAACC,mBAAmB,EAAE;MAC9B,IAAI,IAAI,CAACnC,cAAc,EAAEe,YAAY,CAAC,IAAI,CAACf,cAAc,CAAC;MAC1D,IAAI,CAACA,cAAc,GAAGoC,UAAU,CAC9B,IAAI,CAACP,kBAAkB,CAACzB,IAAI,CAAC,IAAI,CAAC,EAClC,IAAI,CAACR,iBACP,CAAC;IACH;IAAC,OAAAsC,mBAAA;EAAA;EAAA5B,MAAA,CAED+B,yBAAyB;IAAzB,SAAAA,0BAAA,EAA4B;MAC1B;MACA;MACA,IAAIC,kBAAkB,GAAG,CACvB,aAAa,EACb,aAAa,EACb,oBAAoB,EACpB,eAAe,CAChB;;MAED;MACA;MACA;MACA;MACA;MACA;MACA,IAAIC,YAAY,GACdC,SAAS,IACT,kBAAkB,CAACC,IAAI,CAACD,SAAS,CAACE,SAAS,CAAC,IAC5C,aAAa,CAACD,IAAI,CAACD,SAAS,CAACE,SAAS,CAAC;MAEzC,IAAI,CAACH,YAAY,EACfD,kBAAkB,GAAG,CAAC,WAAW,CAAC,CAACK,MAAM,CAACL,kBAAkB,CAAC;MAE/D,OAAOA,kBAAkB;IAC3B;IAAC,OAAAD,yBAAA;EAAA;EAAA/B,MAAA,CAEDD,iBAAiB;IAAjB,SAAAA,kBAAA,EAAoB;MAAA,IAAAuC,MAAA;MAClB,IAAI,CAACvB,QAAQ,CAAC,CAAC,CAAC,CAAC;;MAEjB,IAAI7B,OAAO,GAAAd,aAAA;QACTmE,UAAU,EAAE,IAAI,CAACR,yBAAyB,CAAC;MAAC,GACzC,IAAI,CAAC7C,OAAO,CAACsD,cAAc,CAC/B;MAED,IAAMC,SAAS,GAAG,OAAO1D,MAAM,KAAK,UAAU;MAC9C,IAAM2D,aAAa,GAAGC,yBAAyB,CAACC,cAAc;MAE9D,IAAI,CAACpD,MAAM,GAAGiD,SAAS,IAAI,CAACC;MAC1B;MACA;MACA;MAAA,EACE,IAAI3D,MAAM,CAACH,WAAW,CAAC,IAAI,CAACW,MAAM,CAAC,EAAEsD,SAAS,EAAE3D,OAAO,CAAC,GACxD,IAAI4D,SAAS,CAACjE,cAAc,CAAC,IAAI,CAACU,MAAM,CAAC,CAAC;MAE9C,IAAI,CAACC,MAAM,CAACuD,MAAM,GAAG,UAAA5C,IAAI,EAAI;QAC3BmC,MAAI,CAAC7C,SAAS,GAAG,IAAI;QACrB6C,MAAI,CAAC/B,UAAU,CAAC,CAAC;MACnB,CAAC;MAED,IAAI,CAACf,MAAM,CAAC0B,SAAS,GAAG,UAAAf,IAAI,EAAI;QAC9BmC,MAAI,CAAC7C,SAAS,GAAG,IAAI;QACrB6C,MAAI,CAACV,mBAAmB,CAAC,CAAC;QAC1B,IAAIU,MAAI,CAAClC,aAAa,CAACC,SAAS,EAAE;UAChCiC,MAAI,CAACzB,eAAe,CAAC,SAAS,EAAE,UAAAC,QAAQ,EAAI;YAC1CA,QAAQ,CAACX,IAAI,CAACA,IAAI,CAAC;UACrB,CAAC,CAAC;QACJ;MACF,CAAC;MAED,IAAI,CAACX,MAAM,CAAC2B,OAAO,GAAG,YAAM;QAC1BmB,MAAI,CAACZ,eAAe,CAAC,CAAC;MACxB,CAAC;MAED,IAAI,CAAClC,MAAM,CAAC4B,OAAO,GAAG,UAAA4B,KAAK,EAAI;QAC7B,IAAQvD,SAAS,GAAK6C,MAAI,CAAlB7C,SAAS;QACjB6C,MAAI,CAAC7C,SAAS,GAAGuD,KAAK;QACtB,IAAIvD,SAAS,EAAE;QACf+B,OAAO,CAACwB,KAAK,CACX,cAAc,EACdA,KAAK,EACL,IAAIC,IAAI,CAAC,CAAC,CAACC,YAAY,CAAC,CAC1B,CAAC;MACH,CAAC;MAED,IAAI,CAAC1D,MAAM,CAAC6B,WAAW,GAAG,YAAM;QAC9BiB,MAAI,CAAC7C,SAAS,GAAG,IAAI;QACrB6C,MAAI,CAACV,mBAAmB,CAAC,CAAC;MAC5B,CAAC;MAED,IAAI,IAAI,CAACpB,eAAe,EAAEC,YAAY,CAAC,IAAI,CAACD,eAAe,CAAC;MAC5D,IAAI,CAACA,eAAe,GAAGsB,UAAU,CAAC,YAAM;QACtCQ,MAAI,CAACZ,eAAe,CAClB,IAAIY,MAAI,CAACX,eAAe,CAAC,0BAA0B,CACrD,CAAC;MACH,CAAC,EAAE,IAAI,CAACwB,eAAe,CAAC;IAC1B;IAAC,OAAApD,iBAAA;EAAA;EAAA,OAAApB,YAAA;AAAA,EA3M+BG,kBAAkB","ignoreList":[]},"sourceType":"module","externalDependencies":{},"hash":"edb8444ff372b97a4cf7a11443f3bc22bcacb121"}
