{"metadata":{},"options":{"assumptions":{},"compact":false,"sourceMaps":true,"ast":true,"babelrc":false,"configFile":false,"parserOpts":{"sourceType":"module","sourceFileName":"/Users/matteodemicheli/Sites/meteor-boilerplate/packages/boilerplate-generator/template-web.browser.js","plugins":["*","flow","jsx","asyncGenerators","bigInt","classPrivateMethods","classPrivateProperties","classProperties","doExpressions","dynamicImport","exportDefaultFrom","exportExtensions","exportNamespaceFrom","functionBind","functionSent","importMeta","nullishCoalescingOperator","numericSeparator","objectRestSpread","optionalCatchBinding","optionalChaining",["pipelineOperator",{"proposal":"minimal"}],"throwExpressions","topLevelAwait","objectRestSpread","objectRestSpread","asyncGenerators","classProperties","classPrivateProperties","jsx","nullishCoalescingOperator","nullishCoalescingOperator","optionalChaining","optionalChaining","optionalCatchBinding","optionalCatchBinding","classProperties","classPrivateProperties","classPrivateMethods","classProperties","classPrivateProperties","asyncGenerators","asyncGenerators","objectRestSpread","objectRestSpread","logicalAssignment"],"allowImportExportEverywhere":true,"allowReturnOutsideFunction":true,"allowUndeclaredExports":true,"strictMode":false},"caller":{"name":"meteor","arch":"os.osx.arm64"},"sourceFileName":"packages/boilerplate-generator/template-web.browser.js","filename":"/Users/matteodemicheli/Sites/meteor-boilerplate/packages/boilerplate-generator/template-web.browser.js","targets":{},"cloneInputAst":true,"browserslistConfigFile":false,"passPerPreset":false,"envName":"development","cwd":"/Users/matteodemicheli/Sites/meteor-boilerplate","root":"/Users/matteodemicheli/Sites/meteor-boilerplate","rootMode":"root","plugins":[{"key":"base$0","visitor":{"_exploded":true,"_verified":true},"options":{},"externalDependencies":[]},{"key":"base$0$0","visitor":{"Program":{"enter":[null],"exit":[null]},"_exploded":true,"_verified":true},"options":{"avoidModernSyntax":false,"enforceStrictMode":false,"dynamicImport":true,"generateLetDeclarations":true,"topLevelAwait":true},"externalDependencies":[]},{"key":"transform-runtime","visitor":{"MemberExpression":{"enter":[null]},"ObjectPattern":{"enter":[null]},"BinaryExpression":{"enter":[null]},"Identifier":{"enter":[null]},"JSXIdentifier":{"enter":[null]},"_exploded":true,"_verified":true},"options":{"version":"7.17.2","helpers":true,"useESModules":false,"corejs":false},"externalDependencies":[]},{"key":"syntax-object-rest-spread","visitor":{"_exploded":true,"_verified":true},"options":{},"externalDependencies":[]},{"key":"proposal-object-rest-spread","visitor":{"VariableDeclarator":{"enter":[null]},"ExportNamedDeclaration":{"enter":[null]},"CatchClause":{"enter":[null]},"AssignmentExpression":{"enter":[null]},"ArrayPattern":{"enter":[null]},"ObjectExpression":{"enter":[null]},"FunctionDeclaration":{"enter":[null]},"FunctionExpression":{"enter":[null]},"ObjectMethod":{"enter":[null]},"ArrowFunctionExpression":{"enter":[null]},"ClassMethod":{"enter":[null]},"ClassPrivateMethod":{"enter":[null]},"ForInStatement":{"enter":[null]},"ForOfStatement":{"enter":[null]},"_exploded":true,"_verified":true},"options":{},"externalDependencies":[]},{"key":"proposal-async-generator-functions","visitor":{"Program":{"enter":[null]},"_exploded":true,"_verified":true},"options":{},"externalDependencies":[]},{"key":"proposal-class-properties","visitor":{"ExportDefaultDeclaration":{"enter":[null]},"_exploded":true,"_verified":true,"ClassExpression":{"enter":[null]},"ClassDeclaration":{"enter":[null]}},"options":{"loose":true},"externalDependencies":[]},{"key":"transform-react-jsx","visitor":{"JSXNamespacedName":{"enter":[null]},"JSXSpreadChild":{"enter":[null]},"Program":{"enter":[null]},"JSXFragment":{"exit":[null]},"JSXElement":{"exit":[null]},"JSXAttribute":{"enter":[null]},"_exploded":true,"_verified":true},"options":{"pragma":"React.createElement","pragmaFrag":"React.Fragment","runtime":"classic","throwIfNamespace":true,"useBuiltIns":false},"externalDependencies":[]},{"key":"transform-react-display-name","visitor":{"ExportDefaultDeclaration":{"enter":[null]},"CallExpression":{"enter":[null]},"_exploded":true,"_verified":true},"options":{},"externalDependencies":[]},{"key":"transform-react-pure-annotations","visitor":{"CallExpression":{"enter":[null]},"_exploded":true,"_verified":true},"options":{},"externalDependencies":[]},{"key":"syntax-nullish-coalescing-operator","visitor":{"_exploded":true,"_verified":true},"options":{},"externalDependencies":[]},{"key":"proposal-nullish-coalescing-operator","visitor":{"LogicalExpression":{"enter":[null]},"_exploded":true,"_verified":true},"options":{},"externalDependencies":[]},{"key":"syntax-optional-chaining","visitor":{"_exploded":true,"_verified":true},"options":{},"externalDependencies":[]},{"key":"proposal-optional-chaining","visitor":{"OptionalCallExpression":{"enter":[null]},"OptionalMemberExpression":{"enter":[null]},"_exploded":true,"_verified":true},"options":{},"externalDependencies":[]},{"key":"syntax-optional-catch-binding","visitor":{"_exploded":true,"_verified":true},"options":{},"externalDependencies":[]},{"key":"proposal-optional-catch-binding","visitor":{"CatchClause":{"enter":[null]},"_exploded":true,"_verified":true},"options":{},"externalDependencies":[]},{"key":"syntax-class-properties","visitor":{"_exploded":true,"_verified":true},"options":{},"externalDependencies":[]},{"key":"proposal-class-properties","visitor":{"ExportDefaultDeclaration":{"enter":[null]},"_exploded":true,"_verified":true,"ClassExpression":{"enter":[null]},"ClassDeclaration":{"enter":[null]}},"options":{},"externalDependencies":[]},{"key":"syntax-async-generators","visitor":{"_exploded":true,"_verified":true},"options":{},"externalDependencies":[]},{"key":"proposal-async-generator-functions","visitor":{"Program":{"enter":[null]},"_exploded":true,"_verified":true},"options":{},"externalDependencies":[]},{"key":"syntax-object-rest-spread","visitor":{"_exploded":true,"_verified":true},"options":{},"externalDependencies":[]},{"key":"proposal-object-rest-spread","visitor":{"VariableDeclarator":{"enter":[null]},"ExportNamedDeclaration":{"enter":[null]},"CatchClause":{"enter":[null]},"AssignmentExpression":{"enter":[null]},"ArrayPattern":{"enter":[null]},"ObjectExpression":{"enter":[null]},"FunctionDeclaration":{"enter":[null]},"FunctionExpression":{"enter":[null]},"ObjectMethod":{"enter":[null]},"ArrowFunctionExpression":{"enter":[null]},"ClassMethod":{"enter":[null]},"ClassPrivateMethod":{"enter":[null]},"ForInStatement":{"enter":[null]},"ForOfStatement":{"enter":[null]},"_exploded":true,"_verified":true},"options":{},"externalDependencies":[]},{"key":"proposal-logical-assignment-operators","visitor":{"AssignmentExpression":{"enter":[null]},"_exploded":true,"_verified":true},"options":{},"externalDependencies":[]},{"key":"transform-literals","visitor":{"NumericLiteral":{"enter":[null]},"StringLiteral":{"enter":[null]},"_exploded":true,"_verified":true},"options":{},"externalDependencies":[]},{"key":"transform-template-literals","visitor":{"TaggedTemplateExpression":{"enter":[null]},"TemplateLiteral":{"enter":[null]},"_exploded":true,"_verified":true},"options":{},"externalDependencies":[]},{"key":"transform-parameters","visitor":{"_exploded":true,"_verified":true,"FunctionDeclaration":{"enter":[null]},"FunctionExpression":{"enter":[null]},"ObjectMethod":{"enter":[null]},"ArrowFunctionExpression":{"enter":[null]},"ClassMethod":{"enter":[null]},"ClassPrivateMethod":{"enter":[null]}},"options":{},"externalDependencies":[]},{"key":"transform-exponentiation-operator","visitor":{"AssignmentExpression":{"enter":[null]},"BinaryExpression":{"enter":[null]},"_exploded":true,"_verified":true},"options":{},"externalDependencies":[]}],"presets":[],"generatorOpts":{"filename":"/Users/matteodemicheli/Sites/meteor-boilerplate/packages/boilerplate-generator/template-web.browser.js","comments":true,"compact":false,"sourceMaps":true,"sourceFileName":"packages/boilerplate-generator/template-web.browser.js"}},"code":"!module.wrapAsync(async function (module, __reifyWaitForDeps__, __reify_async_result__) {\n  \"use strict\";\n  try {\n    module.export({\n      headTemplate: () => headTemplate,\n      closeTemplate: () => closeTemplate\n    });\n    let template;\n    module.link(\"./template\", {\n      default(v) {\n        template = v;\n      }\n    }, 0);\n    if (__reifyWaitForDeps__()) (await __reifyWaitForDeps__())();\n    const sri = (sri, mode) => sri && mode ? \" integrity=\\\"sha512-\".concat(sri, \"\\\" crossorigin=\\\"\").concat(mode, \"\\\"\") : '';\n    const headTemplate = _ref => {\n      let {\n        css,\n        htmlAttributes,\n        bundledJsCssUrlRewriteHook,\n        sriMode,\n        head,\n        dynamicHead\n      } = _ref;\n      var headSections = head.split(/<meteor-bundled-css[^<>]*>/, 2);\n      var cssBundle = [...(css || []).map(file => template('  <link rel=\"stylesheet\" type=\"text/css\" class=\"__meteor-css__\" href=\"<%- href %>\"<%= sri %>>')({\n        href: bundledJsCssUrlRewriteHook(file.url),\n        sri: sri(file.sri, sriMode)\n      }))].join('\\n');\n      return ['<html' + Object.keys(htmlAttributes || {}).map(key => template(' <%= attrName %>=\"<%- attrValue %>\"')({\n        attrName: key,\n        attrValue: htmlAttributes[key]\n      })).join('') + '>', '<head>', headSections.length === 1 ? [cssBundle, headSections[0]].join('\\n') : [headSections[0], cssBundle, headSections[1]].join('\\n'), dynamicHead, '</head>', '<body>'].join('\\n');\n    };\n    const closeTemplate = _ref2 => {\n      let {\n        meteorRuntimeConfig,\n        meteorRuntimeHash,\n        rootUrlPathPrefix,\n        inlineScriptsAllowed,\n        js,\n        additionalStaticJs,\n        bundledJsCssUrlRewriteHook,\n        sriMode\n      } = _ref2;\n      return ['', inlineScriptsAllowed ? template('  <script type=\"text/javascript\">__meteor_runtime_config__ = JSON.parse(decodeURIComponent(<%= conf %>))</script>')({\n        conf: meteorRuntimeConfig\n      }) : template('  <script type=\"text/javascript\" src=\"<%- src %>/meteor_runtime_config.js?hash=<%- hash %>\"></script>')({\n        src: rootUrlPathPrefix,\n        hash: meteorRuntimeHash\n      }), '', ...(js || []).map(file => template('  <script type=\"text/javascript\" src=\"<%- src %>\"<%= sri %>></script>')({\n        src: bundledJsCssUrlRewriteHook(file.url),\n        sri: sri(file.sri, sriMode)\n      })), ...(additionalStaticJs || []).map(_ref3 => {\n        let {\n          contents,\n          pathname\n        } = _ref3;\n        return inlineScriptsAllowed ? template('  <script><%= contents %></script>')({\n          contents\n        }) : template('  <script type=\"text/javascript\" src=\"<%- src %>\"></script>')({\n          src: rootUrlPathPrefix + pathname\n        });\n      }), '', '', '</body>', '</html>'].join('\\n');\n    };\n    __reify_async_result__();\n  } catch (_reifyError) {\n    return __reify_async_result__(_reifyError);\n  }\n  __reify_async_result__()\n}, {\n  self: this,\n  async: false\n});","map":{"version":3,"names":["module","export","headTemplate","closeTemplate","template","link","default","v","__reifyWaitForDeps__","sri","mode","concat","_ref","css","htmlAttributes","bundledJsCssUrlRewriteHook","sriMode","head","dynamicHead","headSections","split","cssBundle","map","file","href","url","join","Object","keys","key","attrName","attrValue","length","_ref2","meteorRuntimeConfig","meteorRuntimeHash","rootUrlPathPrefix","inlineScriptsAllowed","js","additionalStaticJs","conf","src","hash","_ref3","contents","pathname","__reify_async_result__","_reifyError","self","async"],"sources":["packages/boilerplate-generator/template-web.browser.js"],"sourcesContent":["import template from './template';\n\nconst sri = (sri, mode) =>\n  (sri && mode) ? ` integrity=\"sha512-${sri}\" crossorigin=\"${mode}\"` : '';\n\nexport const headTemplate = ({\n  css,\n  htmlAttributes,\n  bundledJsCssUrlRewriteHook,\n  sriMode,\n  head,\n  dynamicHead,\n}) => {\n  var headSections = head.split(/<meteor-bundled-css[^<>]*>/, 2);\n  var cssBundle = [...(css || []).map(file =>\n    template('  <link rel=\"stylesheet\" type=\"text/css\" class=\"__meteor-css__\" href=\"<%- href %>\"<%= sri %>>')({\n      href: bundledJsCssUrlRewriteHook(file.url),\n      sri: sri(file.sri, sriMode),\n    })\n  )].join('\\n');\n\n  return [\n    '<html' + Object.keys(htmlAttributes || {}).map(\n      key => template(' <%= attrName %>=\"<%- attrValue %>\"')({\n        attrName: key,\n        attrValue: htmlAttributes[key],\n      })\n    ).join('') + '>',\n\n    '<head>',\n\n    (headSections.length === 1)\n      ? [cssBundle, headSections[0]].join('\\n')\n      : [headSections[0], cssBundle, headSections[1]].join('\\n'),\n\n    dynamicHead,\n    '</head>',\n    '<body>',\n  ].join('\\n');\n};\n\n// Template function for rendering the boilerplate html for browsers\nexport const closeTemplate = ({\n  meteorRuntimeConfig,\n  meteorRuntimeHash,\n  rootUrlPathPrefix,\n  inlineScriptsAllowed,\n  js,\n  additionalStaticJs,\n  bundledJsCssUrlRewriteHook,\n  sriMode,\n}) => [\n  '',\n  inlineScriptsAllowed\n    ? template('  <script type=\"text/javascript\">__meteor_runtime_config__ = JSON.parse(decodeURIComponent(<%= conf %>))</script>')({\n      conf: meteorRuntimeConfig,\n    })\n    : template('  <script type=\"text/javascript\" src=\"<%- src %>/meteor_runtime_config.js?hash=<%- hash %>\"></script>')({\n      src: rootUrlPathPrefix,\n      hash: meteorRuntimeHash,\n    }),\n  '',\n\n  ...(js || []).map(file =>\n    template('  <script type=\"text/javascript\" src=\"<%- src %>\"<%= sri %>></script>')({\n      src: bundledJsCssUrlRewriteHook(file.url),\n      sri: sri(file.sri, sriMode),\n    })\n  ),\n\n  ...(additionalStaticJs || []).map(({ contents, pathname }) => (\n    inlineScriptsAllowed\n      ? template('  <script><%= contents %></script>')({\n        contents,\n      })\n      : template('  <script type=\"text/javascript\" src=\"<%- src %>\"></script>')({\n        src: rootUrlPathPrefix + pathname,\n      })\n  )),\n\n  '',\n  '',\n  '</body>',\n  '</html>'\n].join('\\n');\n"],"mappings":";;;IAAAA,MAAM,CAACC,MAAM,CAAC;MAACC,YAAY,EAACA,CAAA,KAAIA,YAAY;MAACC,aAAa,EAACA,CAAA,KAAIA;IAAa,CAAC,CAAC;IAAC,IAAIC,QAAQ;IAACJ,MAAM,CAACK,IAAI,CAAC,YAAY,EAAC;MAACC,OAAOA,CAACC,CAAC,EAAC;QAACH,QAAQ,GAACG,CAAC;MAAA;IAAC,CAAC,EAAC,CAAC,CAAC;IAAC,IAAIC,oBAAoB,CAAC,CAAC,EAAE,CAAC,MAAMA,oBAAoB,CAAC,CAAC,EAAE,CAAC;IAE7M,MAAMC,GAAG,GAAGA,CAACA,GAAG,EAAEC,IAAI,KACnBD,GAAG,IAAIC,IAAI,0BAAAC,MAAA,CAA0BF,GAAG,uBAAAE,MAAA,CAAkBD,IAAI,UAAM,EAAE;IAElE,MAAMR,YAAY,GAAGU,IAAA,IAOtB;MAAA,IAPuB;QAC3BC,GAAG;QACHC,cAAc;QACdC,0BAA0B;QAC1BC,OAAO;QACPC,IAAI;QACJC;MACF,CAAC,GAAAN,IAAA;MACC,IAAIO,YAAY,GAAGF,IAAI,CAACG,KAAK,CAAC,4BAA4B,EAAE,CAAC,CAAC;MAC9D,IAAIC,SAAS,GAAG,CAAC,GAAG,CAACR,GAAG,IAAI,EAAE,EAAES,GAAG,CAACC,IAAI,IACtCnB,QAAQ,CAAC,+FAA+F,CAAC,CAAC;QACxGoB,IAAI,EAAET,0BAA0B,CAACQ,IAAI,CAACE,GAAG,CAAC;QAC1ChB,GAAG,EAAEA,GAAG,CAACc,IAAI,CAACd,GAAG,EAAEO,OAAO;MAC5B,CAAC,CACH,CAAC,CAAC,CAACU,IAAI,CAAC,IAAI,CAAC;MAEb,OAAO,CACL,OAAO,GAAGC,MAAM,CAACC,IAAI,CAACd,cAAc,IAAI,CAAC,CAAC,CAAC,CAACQ,GAAG,CAC7CO,GAAG,IAAIzB,QAAQ,CAAC,qCAAqC,CAAC,CAAC;QACrD0B,QAAQ,EAAED,GAAG;QACbE,SAAS,EAAEjB,cAAc,CAACe,GAAG;MAC/B,CAAC,CACH,CAAC,CAACH,IAAI,CAAC,EAAE,CAAC,GAAG,GAAG,EAEhB,QAAQ,EAEPP,YAAY,CAACa,MAAM,KAAK,CAAC,GACtB,CAACX,SAAS,EAAEF,YAAY,CAAC,CAAC,CAAC,CAAC,CAACO,IAAI,CAAC,IAAI,CAAC,GACvC,CAACP,YAAY,CAAC,CAAC,CAAC,EAAEE,SAAS,EAAEF,YAAY,CAAC,CAAC,CAAC,CAAC,CAACO,IAAI,CAAC,IAAI,CAAC,EAE5DR,WAAW,EACX,SAAS,EACT,QAAQ,CACT,CAACQ,IAAI,CAAC,IAAI,CAAC;IACd,CAAC;IAGM,MAAMvB,aAAa,GAAG8B,KAAA;MAAA,IAAC;QAC5BC,mBAAmB;QACnBC,iBAAiB;QACjBC,iBAAiB;QACjBC,oBAAoB;QACpBC,EAAE;QACFC,kBAAkB;QAClBxB,0BAA0B;QAC1BC;MACF,CAAC,GAAAiB,KAAA;MAAA,OAAK,CACJ,EAAE,EACFI,oBAAoB,GAChBjC,QAAQ,CAAC,mHAAmH,CAAC,CAAC;QAC9HoC,IAAI,EAAEN;MACR,CAAC,CAAC,GACA9B,QAAQ,CAAC,uGAAuG,CAAC,CAAC;QAClHqC,GAAG,EAAEL,iBAAiB;QACtBM,IAAI,EAAEP;MACR,CAAC,CAAC,EACJ,EAAE,EAEF,GAAG,CAACG,EAAE,IAAI,EAAE,EAAEhB,GAAG,CAACC,IAAI,IACpBnB,QAAQ,CAAC,uEAAuE,CAAC,CAAC;QAChFqC,GAAG,EAAE1B,0BAA0B,CAACQ,IAAI,CAACE,GAAG,CAAC;QACzChB,GAAG,EAAEA,GAAG,CAACc,IAAI,CAACd,GAAG,EAAEO,OAAO;MAC5B,CAAC,CACH,CAAC,EAED,GAAG,CAACuB,kBAAkB,IAAI,EAAE,EAAEjB,GAAG,CAACqB,KAAA;QAAA,IAAC;UAAEC,QAAQ;UAAEC;QAAS,CAAC,GAAAF,KAAA;QAAA,OACvDN,oBAAoB,GAChBjC,QAAQ,CAAC,oCAAoC,CAAC,CAAC;UAC/CwC;QACF,CAAC,CAAC,GACAxC,QAAQ,CAAC,6DAA6D,CAAC,CAAC;UACxEqC,GAAG,EAAEL,iBAAiB,GAAGS;QAC3B,CAAC,CAAC;MAAA,CACL,CAAC,EAEF,EAAE,EACF,EAAE,EACF,SAAS,EACT,SAAS,CACV,CAACnB,IAAI,CAAC,IAAI,CAAC;IAAA;IAACoB,sBAAA;EAAA,SAAAC,WAAA;IAAA,OAAAD,sBAAA,CAAAC,WAAA;EAAA;EAAAD,sBAAA;AAAA;EAAAE,IAAA;EAAAC,KAAA;AAAA","ignoreList":[]},"sourceType":"module","externalDependencies":{},"hash":"ee71618846370912455024e8637e0ccca164f393"}
