{"metadata":{},"options":{"assumptions":{},"compact":false,"sourceMaps":true,"ast":true,"babelrc":false,"configFile":false,"parserOpts":{"sourceType":"module","sourceFileName":"/Users/matteodemicheli/Sites/meteor-boilerplate/packages/zodern:melte/hmr-runtime.js","plugins":["*","flow","jsx","asyncGenerators","bigInt","classPrivateMethods","classPrivateProperties","classProperties","doExpressions","dynamicImport","exportDefaultFrom","exportExtensions","exportNamespaceFrom","functionBind","functionSent","importMeta","nullishCoalescingOperator","numericSeparator","objectRestSpread","optionalCatchBinding","optionalChaining",["pipelineOperator",{"proposal":"minimal"}],"throwExpressions","topLevelAwait","classProperties","classPrivateProperties","jsx","nullishCoalescingOperator","nullishCoalescingOperator","optionalChaining","optionalChaining","optionalCatchBinding","optionalCatchBinding","classProperties","classPrivateProperties","classPrivateMethods","classProperties","classPrivateProperties","asyncGenerators","asyncGenerators","objectRestSpread","objectRestSpread","logicalAssignment"],"allowImportExportEverywhere":true,"allowReturnOutsideFunction":true,"allowUndeclaredExports":true,"strictMode":false},"caller":{"name":"meteor","arch":"web.browser"},"sourceFileName":"packages/zodern:melte/hmr-runtime.js","filename":"/Users/matteodemicheli/Sites/meteor-boilerplate/packages/zodern:melte/hmr-runtime.js","targets":{},"cloneInputAst":true,"browserslistConfigFile":false,"passPerPreset":false,"envName":"development","cwd":"/Users/matteodemicheli/Sites/meteor-boilerplate","root":"/Users/matteodemicheli/Sites/meteor-boilerplate","rootMode":"root","plugins":[{"key":"base$0","visitor":{"_exploded":true,"_verified":true},"options":{},"externalDependencies":[]},{"key":"base$0$0","visitor":{"Program":{"enter":[null],"exit":[null]},"_exploded":true,"_verified":true},"options":{"avoidModernSyntax":false,"enforceStrictMode":false,"dynamicImport":true,"generateLetDeclarations":true},"externalDependencies":[]},{"key":"transform-runtime","visitor":{"MemberExpression":{"enter":[null]},"ObjectPattern":{"enter":[null]},"BinaryExpression":{"enter":[null]},"Identifier":{"enter":[null]},"JSXIdentifier":{"enter":[null]},"_exploded":true,"_verified":true},"options":{"version":"7.17.2","helpers":true,"useESModules":false,"corejs":false},"externalDependencies":[]},{"key":"proposal-class-properties","visitor":{"ExportDefaultDeclaration":{"enter":[null]},"_exploded":true,"_verified":true,"ClassExpression":{"enter":[null]},"ClassDeclaration":{"enter":[null]}},"options":{"loose":true},"externalDependencies":[]},{"key":"transform-react-jsx","visitor":{"JSXNamespacedName":{"enter":[null]},"JSXSpreadChild":{"enter":[null]},"Program":{"enter":[null]},"JSXFragment":{"exit":[null]},"JSXElement":{"exit":[null]},"JSXAttribute":{"enter":[null]},"_exploded":true,"_verified":true},"options":{"pragma":"React.createElement","pragmaFrag":"React.Fragment","runtime":"classic","throwIfNamespace":true,"useBuiltIns":false},"externalDependencies":[]},{"key":"transform-react-display-name","visitor":{"ExportDefaultDeclaration":{"enter":[null]},"CallExpression":{"enter":[null]},"_exploded":true,"_verified":true},"options":{},"externalDependencies":[]},{"key":"transform-react-pure-annotations","visitor":{"CallExpression":{"enter":[null]},"_exploded":true,"_verified":true},"options":{},"externalDependencies":[]},{"key":"syntax-nullish-coalescing-operator","visitor":{"_exploded":true,"_verified":true},"options":{},"externalDependencies":[]},{"key":"proposal-nullish-coalescing-operator","visitor":{"LogicalExpression":{"enter":[null]},"_exploded":true,"_verified":true},"options":{},"externalDependencies":[]},{"key":"syntax-optional-chaining","visitor":{"_exploded":true,"_verified":true},"options":{},"externalDependencies":[]},{"key":"proposal-optional-chaining","visitor":{"OptionalCallExpression":{"enter":[null]},"OptionalMemberExpression":{"enter":[null]},"_exploded":true,"_verified":true},"options":{},"externalDependencies":[]},{"key":"syntax-optional-catch-binding","visitor":{"_exploded":true,"_verified":true},"options":{},"externalDependencies":[]},{"key":"proposal-optional-catch-binding","visitor":{"CatchClause":{"enter":[null]},"_exploded":true,"_verified":true},"options":{},"externalDependencies":[]},{"key":"syntax-class-properties","visitor":{"_exploded":true,"_verified":true},"options":{},"externalDependencies":[]},{"key":"proposal-class-properties","visitor":{"ExportDefaultDeclaration":{"enter":[null]},"_exploded":true,"_verified":true,"ClassExpression":{"enter":[null]},"ClassDeclaration":{"enter":[null]}},"options":{},"externalDependencies":[]},{"key":"syntax-async-generators","visitor":{"_exploded":true,"_verified":true},"options":{},"externalDependencies":[]},{"key":"proposal-async-generator-functions","visitor":{"Program":{"enter":[null]},"_exploded":true,"_verified":true},"options":{},"externalDependencies":[]},{"key":"syntax-object-rest-spread","visitor":{"_exploded":true,"_verified":true},"options":{},"externalDependencies":[]},{"key":"proposal-object-rest-spread","visitor":{"VariableDeclarator":{"enter":[null]},"ExportNamedDeclaration":{"enter":[null]},"CatchClause":{"enter":[null]},"AssignmentExpression":{"enter":[null]},"ArrayPattern":{"enter":[null]},"ObjectExpression":{"enter":[null]},"FunctionDeclaration":{"enter":[null]},"FunctionExpression":{"enter":[null]},"ObjectMethod":{"enter":[null]},"ArrowFunctionExpression":{"enter":[null]},"ClassMethod":{"enter":[null]},"ClassPrivateMethod":{"enter":[null]},"ForInStatement":{"enter":[null]},"ForOfStatement":{"enter":[null]},"_exploded":true,"_verified":true},"options":{},"externalDependencies":[]},{"key":"proposal-logical-assignment-operators","visitor":{"AssignmentExpression":{"enter":[null]},"_exploded":true,"_verified":true},"options":{},"externalDependencies":[]},{"key":"transform-literals","visitor":{"NumericLiteral":{"enter":[null]},"StringLiteral":{"enter":[null]},"_exploded":true,"_verified":true},"options":{},"externalDependencies":[]},{"key":"transform-template-literals","visitor":{"TaggedTemplateExpression":{"enter":[null]},"TemplateLiteral":{"enter":[null]},"_exploded":true,"_verified":true},"options":{},"externalDependencies":[]},{"key":"transform-parameters","visitor":{"_exploded":true,"_verified":true,"FunctionDeclaration":{"enter":[null]},"FunctionExpression":{"enter":[null]},"ObjectMethod":{"enter":[null]},"ArrowFunctionExpression":{"enter":[null]},"ClassMethod":{"enter":[null]},"ClassPrivateMethod":{"enter":[null]}},"options":{},"externalDependencies":[]},{"key":"transform-exponentiation-operator","visitor":{"AssignmentExpression":{"enter":[null]},"BinaryExpression":{"enter":[null]},"_exploded":true,"_verified":true},"options":{},"externalDependencies":[]}],"presets":[],"generatorOpts":{"filename":"/Users/matteodemicheli/Sites/meteor-boilerplate/packages/zodern:melte/hmr-runtime.js","comments":true,"compact":false,"sourceMaps":true,"sourceFileName":"packages/zodern:melte/hmr-runtime.js"}},"code":"!function (module1) {\n  let _objectSpread;\n  module1.link(\"@babel/runtime/helpers/objectSpread2\", {\n    default(v) {\n      _objectSpread = v;\n    }\n  }, 0);\n  const {\n    makeApplyHmr\n  } = require('meteor/zodern:melte-compiler/hmr-runtime.js');\n  module.exports.applyHmr = makeApplyHmr(args => {\n    var _args$m$hot$data;\n    // Mark this file as reloadable\n    args.m.hot.accept();\n    let acceptCallback = null;\n    if ((_args$m$hot$data = args.m.hot.data) !== null && _args$m$hot$data !== void 0 && _args$m$hot$data.acceptCallback) {\n      // svelte-hmr expects accept to work as with nollup or vite\n      // applying changes is done synchronously, so we wait until after it is done\n      setTimeout(() => args.m.hot.data.acceptCallback(), 10);\n    }\n    args.m.hot.dispose(data => {\n      if (acceptCallback) {\n        data.acceptCallback = acceptCallback;\n      }\n    });\n    return Object.assign({}, args, {\n      hot: _objectSpread(_objectSpread({}, args.m.hot), {}, {\n        accept(cb) {\n          acceptCallback = cb;\n        }\n      }),\n      hotOptions: _objectSpread(_objectSpread({}, args.hotOptions || {}), {}, {\n        noOverlay: true\n      }),\n      reload() {\n        if (Package && Package.reload) {\n          Package.reload.Reload._reload({\n            immediateMigration: true\n          });\n        } else {\n          window.location.reload();\n        }\n      }\n    });\n  });\n}.call(this, module);","map":{"version":3,"names":["_objectSpread","module1","link","default","v","makeApplyHmr","require","module","exports","applyHmr","args","_args$m$hot$data","m","hot","accept","acceptCallback","data","setTimeout","dispose","Object","assign","cb","hotOptions","noOverlay","reload","Package","Reload","_reload","immediateMigration","window","location","call"],"sources":["packages/zodern:melte/hmr-runtime.js"],"sourcesContent":["const { makeApplyHmr } = require('meteor/zodern:melte-compiler/hmr-runtime.js');\n\nmodule.exports.applyHmr = makeApplyHmr(args => {\n  // Mark this file as reloadable\n  args.m.hot.accept();\n\n  let acceptCallback = null;\n  if (args.m.hot.data?.acceptCallback) {\n    // svelte-hmr expects accept to work as with nollup or vite\n    // applying changes is done synchronously, so we wait until after it is done\n    setTimeout(() => args.m.hot.data.acceptCallback(), 10);\n  }\n\n  args.m.hot.dispose((data) => {\n    if (acceptCallback) {\n      data.acceptCallback = acceptCallback;\n    }\n  });\n\n  return Object.assign({}, args, {\n    hot: {\n      ...args.m.hot,\n      accept(cb) {\n        acceptCallback = cb;\n      }\n    },\n    hotOptions: {\n      ...(args.hotOptions || {}),\n      noOverlay: true\n    },\n    reload() {\n      if (Package && Package.reload) {\n        Package.reload.Reload._reload({ immediateMigration: true });\n      } else {\n        window.location.reload();\n      }\n    }\n  });\n});\n"],"mappings":";EAAA,IAAIA,aAAa;EAACC,OAAO,CAACC,IAAI,CAAC,sCAAsC,EAAC;IAACC,OAAOA,CAACC,CAAC,EAAC;MAACJ,aAAa,GAACI,CAAC;IAAA;EAAC,CAAC,EAAC,CAAC,CAAC;EAAtG,MAAM;IAAEC;EAAa,CAAC,GAAGC,OAAO,CAAC,6CAA6C,CAAC;EAE/EC,MAAM,CAACC,OAAO,CAACC,QAAQ,GAAGJ,YAAY,CAACK,IAAI,IAAI;IAAA,IAAAC,gBAAA;IAC7C;IACAD,IAAI,CAACE,CAAC,CAACC,GAAG,CAACC,MAAM,CAAC,CAAC;IAEnB,IAAIC,cAAc,GAAG,IAAI;IACzB,KAAAJ,gBAAA,GAAID,IAAI,CAACE,CAAC,CAACC,GAAG,CAACG,IAAI,cAAAL,gBAAA,eAAfA,gBAAA,CAAiBI,cAAc,EAAE;MACnC;MACA;MACAE,UAAU,CAAC,MAAMP,IAAI,CAACE,CAAC,CAACC,GAAG,CAACG,IAAI,CAACD,cAAc,CAAC,CAAC,EAAE,EAAE,CAAC;IACxD;IAEAL,IAAI,CAACE,CAAC,CAACC,GAAG,CAACK,OAAO,CAAEF,IAAI,IAAK;MAC3B,IAAID,cAAc,EAAE;QAClBC,IAAI,CAACD,cAAc,GAAGA,cAAc;MACtC;IACF,CAAC,CAAC;IAEF,OAAOI,MAAM,CAACC,MAAM,CAAC,CAAC,CAAC,EAAEV,IAAI,EAAE;MAC7BG,GAAG,EAAAb,aAAA,CAAAA,aAAA,KACEU,IAAI,CAACE,CAAC,CAACC,GAAG;QACbC,MAAMA,CAACO,EAAE,EAAE;UACTN,cAAc,GAAGM,EAAE;QACrB;MAAC,EACF;MACDC,UAAU,EAAAtB,aAAA,CAAAA,aAAA,KACJU,IAAI,CAACY,UAAU,IAAI,CAAC,CAAC;QACzBC,SAAS,EAAE;MAAI,EAChB;MACDC,MAAMA,CAAA,EAAG;QACP,IAAIC,OAAO,IAAIA,OAAO,CAACD,MAAM,EAAE;UAC7BC,OAAO,CAACD,MAAM,CAACE,MAAM,CAACC,OAAO,CAAC;YAAEC,kBAAkB,EAAE;UAAK,CAAC,CAAC;QAC7D,CAAC,MAAM;UACLC,MAAM,CAACC,QAAQ,CAACN,MAAM,CAAC,CAAC;QAC1B;MACF;IACF,CAAC,CAAC;EACJ,CAAC,CAAC;AAAC,EAAAO,IAAA,OAAAxB,MAAA","ignoreList":[]},"sourceType":"module","externalDependencies":{},"hash":"f2063b38794478dcf3250f70ec19e1c4a5ae55cd"}
